artifact,category,attack,tactic,attack_count,defense_count,impact_count,similar_count,risk_score,centrality_score,attack_global_frequency,same_category_frequency,rule_score_total,matched_rule_count,max_rule_weight,unique_rule_types_count,identity_rule_score,file_rule_score,protocol_rule_score,port_rule_score,system_rule_score,context_rule_score,network_rule_score,has_port_signal,has_protocol_signal,has_file_signal,has_identity_signal,has_system_signal,has_context_signal,has_network_signal,label
Access Control Configuration,Configuration,Domain or Tenant Policy Modification,Unknown,6,2,0,0,12,8,2,2,0.0,0.0,0.0,0,0.0,0.0,0.0,0.0,0.0,0.0,0.0,0,0,0,0,0,0,0,1
Access Control Configuration,Configuration,File and Directory Permissions Modification,Unknown,6,2,0,0,12,8,2,2,0.0,0.0,0.0,0,0.0,0.0,0.0,0.0,0.0,0.0,0.0,0,0,0,0,0,0,0,1
Access Control Configuration,Configuration,Group Policy Discovery,Unknown,6,2,0,0,12,8,2,2,0.0,0.0,0.0,0,0.0,0.0,0.0,0.0,0.0,0.0,0.0,0,0,0,0,0,0,0,1
Access Control Configuration,Configuration,Group Policy Preferences,Unknown,6,2,0,0,12,8,2,2,0.0,0.0,0.0,0,0.0,0.0,0.0,0.0,0.0,0.0,0.0,0,0,0,0,0,0,0,1
Access Control Configuration,Configuration,SID-History Injection,Unknown,6,2,0,0,12,8,2,2,0.0,0.0,0.0,0,0.0,0.0,0.0,0.0,0.0,0.0,0.0,0,0,0,0,0,0,0,1
Access Control Configuration,Configuration,Setuid and Setgid,Unknown,6,2,0,0,12,8,2,2,0.0,0.0,0.0,0,0.0,0.0,0.0,0.0,0.0,0.0,0.0,0,0,0,0,0,0,0,1
Access Token,Identity,Application Access Token,Credential Access,7,2,1,6,15,16,3,2,5.5,2.0,3.5,2,3.5,0.0,0.0,0.0,0.0,0.0,0.0,0,0,0,1,0,0,0,1
Access Token,Identity,Application Access Token,Credential Access,7,2,1,6,15,16,3,2,5.5,2.0,3.5,2,3.5,0.0,0.0,0.0,0.0,0.0,0.0,0,0,0,1,0,0,0,1
Access Token,Identity,Create Process with Token,Privilege Escalation,7,2,1,6,15,16,4,2,5.5,2.0,3.5,2,3.5,0.0,0.0,0.0,0.0,0.0,0.0,0,0,0,1,0,0,0,1
Access Token,Identity,Create Process with Token,Privilege Escalation,7,2,1,6,15,16,4,2,5.5,2.0,3.5,2,3.5,0.0,0.0,0.0,0.0,0.0,0.0,0,0,0,1,0,0,0,1
Access Token,Identity,Create Process with Token,Credential Access,7,2,1,6,15,16,4,2,5.5,2.0,3.5,2,3.5,0.0,0.0,0.0,0.0,0.0,0.0,0,0,0,1,0,0,0,1
Access Token,Identity,Create Process with Token,Credential Access,7,2,1,6,15,16,4,2,5.5,2.0,3.5,2,3.5,0.0,0.0,0.0,0.0,0.0,0.0,0,0,0,1,0,0,0,1
Access Token,Identity,Golden Ticket,Credential Access,7,2,1,6,15,16,2,2,5.5,2.0,3.5,2,3.5,0.0,0.0,0.0,0.0,0.0,0.0,0,0,0,1,0,0,0,1
Access Token,Identity,Golden Ticket,Credential Access,7,2,1,6,15,16,2,2,5.5,2.0,3.5,2,3.5,0.0,0.0,0.0,0.0,0.0,0.0,0,0,0,1,0,0,0,1
Access Token,Identity,Make and Impersonate Token,Defense Evasion,7,2,1,6,15,16,5,3,5.5,2.0,3.5,2,3.5,0.0,0.0,0.0,0.0,0.0,0.0,0,0,0,1,0,0,0,1
Access Token,Identity,Make and Impersonate Token,Credential Access,7,2,1,6,15,16,5,3,5.5,2.0,3.5,2,3.5,0.0,0.0,0.0,0.0,0.0,0.0,0,0,0,1,0,0,0,1
Access Token,Identity,Make and Impersonate Token,Credential Access,7,2,1,6,15,16,5,3,5.5,2.0,3.5,2,3.5,0.0,0.0,0.0,0.0,0.0,0.0,0,0,0,1,0,0,0,1
Access Token,Identity,Steal Application Access Token,Credential Access,7,2,1,6,15,16,2,2,5.5,2.0,3.5,2,3.5,0.0,0.0,0.0,0.0,0.0,0.0,0,0,0,1,0,0,0,1
Access Token,Identity,Steal Application Access Token,Credential Access,7,2,1,6,15,16,2,2,5.5,2.0,3.5,2,3.5,0.0,0.0,0.0,0.0,0.0,0.0,0,0,0,1,0,0,0,1
Access Token,Identity,Steal Application Access Token,Credential Access,7,2,1,6,15,16,2,2,5.5,2.0,3.5,2,3.5,0.0,0.0,0.0,0.0,0.0,0.0,0,0,0,1,0,0,0,1
Access Token,Identity,Steal or Forge Kerberos Tickets,Credential Access,7,2,1,6,15,16,4,4,5.5,2.0,3.5,2,3.5,0.0,0.0,0.0,0.0,0.0,0.0,0,0,0,1,0,0,0,1
Access Token,Identity,Steal or Forge Kerberos Tickets,Credential Access,7,2,1,6,15,16,4,4,5.5,2.0,3.5,2,3.5,0.0,0.0,0.0,0.0,0.0,0.0,0,0,0,1,0,0,0,1
Access Token,Identity,Steal or Forge Kerberos Tickets,Credential Access,7,2,1,6,15,16,4,4,5.5,2.0,3.5,2,3.5,0.0,0.0,0.0,0.0,0.0,0.0,0,0,0,1,0,0,0,1
Access Token,Identity,Steal or Forge Kerberos Tickets,Credential Access,7,2,1,6,15,16,4,4,5.5,2.0,3.5,2,3.5,0.0,0.0,0.0,0.0,0.0,0.0,0,0,0,1,0,0,0,1
Access Token,Identity,Steal or Forge Kerberos Tickets,Credential Access,7,2,1,6,15,16,4,4,5.5,2.0,3.5,2,3.5,0.0,0.0,0.0,0.0,0.0,0.0,0,0,0,1,0,0,0,1
Access Token,Identity,Steal or Forge Kerberos Tickets,Credential Access,7,2,1,6,15,16,4,4,5.5,2.0,3.5,2,3.5,0.0,0.0,0.0,0.0,0.0,0.0,0,0,0,1,0,0,0,1
Access Token,Identity,Token Impersonation/Theft,Credential Access,7,2,1,6,15,16,2,2,5.5,2.0,3.5,2,3.5,0.0,0.0,0.0,0.0,0.0,0.0,0,0,0,1,0,0,0,1
Access Token,Identity,Token Impersonation/Theft,Credential Access,7,2,1,6,15,16,2,2,5.5,2.0,3.5,2,3.5,0.0,0.0,0.0,0.0,0.0,0.0,0,0,0,1,0,0,0,1
Application Configuration,Configuration,Disable Windows Event Logging,Unknown,4,2,0,0,8,6,2,2,0.0,0.0,0.0,0,0.0,0.0,0.0,0.0,0.0,0.0,0.0,0,0,0,0,0,0,0,1
Application Configuration,Configuration,Email Forwarding Rule,Unknown,4,2,0,0,8,6,2,2,0.0,0.0,0.0,0,0.0,0.0,0.0,0.0,0.0,0.0,0.0,0,0,0,0,0,0,0,1
Application Configuration,Configuration,Email Hiding Rules,Unknown,4,2,0,0,8,6,6,6,0.0,0.0,0.0,0,0.0,0.0,0.0,0.0,0.0,0.0,0.0,0,0,0,0,0,0,0,1
Application Configuration,Configuration,Email Hiding Rules,Unknown,4,2,0,0,8,6,6,6,0.0,0.0,0.0,0,0.0,0.0,0.0,0.0,0.0,0.0,0.0,0,0,0,0,0,0,0,1
Application Configuration,Configuration,Email Hiding Rules,Unknown,4,2,0,0,8,6,6,6,0.0,0.0,0.0,0,0.0,0.0,0.0,0.0,0.0,0.0,0.0,0,0,0,0,0,0,0,1
Application Configuration,Configuration,Impair Command History Logging,Unknown,4,2,0,0,8,6,7,3,0.0,0.0,0.0,0,0.0,0.0,0.0,0.0,0.0,0.0,0.0,0,0,0,0,0,0,0,1
Boot Loader,System,Bootkit,Unknown,1,1,0,0,2,2,2,2,0.0,0.0,0.0,0,0.0,0.0,0.0,0.0,0.0,0.0,0.0,0,0,0,0,0,0,0,1
Certificate File,File,Application Layer Protocol,Unknown,5,1,0,6,10,12,5,2,0.0,0.0,0.0,0,0.0,0.0,0.0,0.0,0.0,0.0,0.0,0,0,0,0,0,0,0,1
Certificate File,File,Asymmetric Cryptography,Unknown,5,1,0,6,10,12,5,2,0.0,0.0,0.0,0,0.0,0.0,0.0,0.0,0.0,0.0,0.0,0,0,0,0,0,0,0,1
Certificate File,File,Exfiltration Over Asymmetric Encrypted Non-C2 Protocol,Unknown,5,1,0,6,10,12,5,2,0.0,0.0,0.0,0,0.0,0.0,0.0,0.0,0.0,0.0,0.0,0,0,0,0,0,0,0,1
Certificate File,File,Exfiltration Over C2 Channel,Unknown,5,1,0,6,10,12,3,2,0.0,0.0,0.0,0,0.0,0.0,0.0,0.0,0.0,0.0,0.0,0,0,0,0,0,0,0,1
Certificate File,File,Web Protocols,Unknown,5,1,0,6,10,12,5,2,0.0,0.0,0.0,0,0.0,0.0,0.0,0.0,0.0,0.0,0.0,0,0,0,0,0,0,0,1
Configuration Resource,Configuration,Accessibility Features,Unknown,43,2,0,0,86,45,7,1,0.0,0.0,0.0,0,0.0,0.0,0.0,0.0,0.0,0.0,0.0,0,0,0,0,0,0,0,1
Configuration Resource,Configuration,AppCert DLLs,Unknown,43,2,0,0,86,45,5,1,0.0,0.0,0.0,0,0.0,0.0,0.0,0.0,0.0,0.0,0.0,0,0,0,0,0,0,0,1
Configuration Resource,Configuration,AppInit DLLs,Unknown,43,2,0,0,86,45,5,1,0.0,0.0,0.0,0,0.0,0.0,0.0,0.0,0.0,0.0,0.0,0,0,0,0,0,0,0,1
Configuration Resource,Configuration,Application Shimming,Unknown,43,2,0,0,86,45,2,1,0.0,0.0,0.0,0,0.0,0.0,0.0,0.0,0.0,0.0,0.0,0,0,0,0,0,0,0,1
Configuration Resource,Configuration,Authentication Package,Unknown,43,2,0,0,86,45,2,1,0.0,0.0,0.0,0,0.0,0.0,0.0,0.0,0.0,0.0,0.0,0,0,0,0,0,0,0,1
Configuration Resource,Configuration,Bypass User Account Control,Unknown,43,2,0,0,86,45,6,1,0.0,0.0,0.0,0,0.0,0.0,0.0,0.0,0.0,0.0,0.0,0,0,0,0,0,0,0,1
Configuration Resource,Configuration,COR_PROFILER,Unknown,43,2,0,0,86,45,3,1,0.0,0.0,0.0,0,0.0,0.0,0.0,0.0,0.0,0.0,0.0,0,0,0,0,0,0,0,1
Configuration Resource,Configuration,Change Default File Association,Unknown,43,2,0,0,86,45,2,1,0.0,0.0,0.0,0,0.0,0.0,0.0,0.0,0.0,0.0,0.0,0,0,0,0,0,0,0,1
Configuration Resource,Configuration,Cloud Instance Metadata API,Unknown,43,2,0,0,86,45,1,1,0.0,0.0,0.0,0,0.0,0.0,0.0,0.0,0.0,0.0,0.0,0,0,0,0,0,0,0,1
Configuration Resource,Configuration,Cloud Service Dashboard,Unknown,43,2,0,0,86,45,1,1,0.0,0.0,0.0,0,0.0,0.0,0.0,0.0,0.0,0.0,0.0,0,0,0,0,0,0,0,1
Configuration Resource,Configuration,Cloud Service Discovery,Unknown,43,2,0,0,86,45,1,1,0.0,0.0,0.0,0,0.0,0.0,0.0,0.0,0.0,0.0,0.0,0,0,0,0,0,0,0,1
Configuration Resource,Configuration,Control Panel,Unknown,43,2,0,0,86,45,4,1,0.0,0.0,0.0,0,0.0,0.0,0.0,0.0,0.0,0.0,0.0,0,0,0,0,0,0,0,1
Configuration Resource,Configuration,Disable Windows Event Logging,Unknown,43,2,0,0,86,45,2,2,0.0,0.0,0.0,0,0.0,0.0,0.0,0.0,0.0,0.0,0.0,0,0,0,0,0,0,0,1
Configuration Resource,Configuration,Disable or Modify System Firewall,Unknown,43,2,0,0,86,45,1,1,0.0,0.0,0.0,0,0.0,0.0,0.0,0.0,0.0,0.0,0.0,0,0,0,0,0,0,0,1
Configuration Resource,Configuration,Domain or Tenant Policy Modification,Unknown,43,2,0,0,86,45,2,2,0.0,0.0,0.0,0,0.0,0.0,0.0,0.0,0.0,0.0,0.0,0,0,0,0,0,0,0,1
Configuration Resource,Configuration,Email Forwarding Rule,Unknown,43,2,0,0,86,45,2,2,0.0,0.0,0.0,0,0.0,0.0,0.0,0.0,0.0,0.0,0.0,0,0,0,0,0,0,0,1
Configuration Resource,Configuration,Email Hiding Rules,Unknown,43,2,0,0,86,45,6,6,0.0,0.0,0.0,0,0.0,0.0,0.0,0.0,0.0,0.0,0.0,0,0,0,0,0,0,0,1
Configuration Resource,Configuration,Email Hiding Rules,Unknown,43,2,0,0,86,45,6,6,0.0,0.0,0.0,0,0.0,0.0,0.0,0.0,0.0,0.0,0.0,0,0,0,0,0,0,0,1
Configuration Resource,Configuration,Email Hiding Rules,Unknown,43,2,0,0,86,45,6,6,0.0,0.0,0.0,0,0.0,0.0,0.0,0.0,0.0,0.0,0.0,0,0,0,0,0,0,0,1
Configuration Resource,Configuration,Emond,Unknown,43,2,0,0,86,45,3,1,0.0,0.0,0.0,0,0.0,0.0,0.0,0.0,0.0,0.0,0.0,0,0,0,0,0,0,0,1
Configuration Resource,Configuration,File and Directory Permissions Modification,Unknown,43,2,0,0,86,45,2,2,0.0,0.0,0.0,0,0.0,0.0,0.0,0.0,0.0,0.0,0.0,0,0,0,0,0,0,0,1
Configuration Resource,Configuration,Group Policy Discovery,Unknown,43,2,0,0,86,45,2,2,0.0,0.0,0.0,0,0.0,0.0,0.0,0.0,0.0,0.0,0.0,0,0,0,0,0,0,0,1
Configuration Resource,Configuration,Group Policy Preferences,Unknown,43,2,0,0,86,45,2,2,0.0,0.0,0.0,0,0.0,0.0,0.0,0.0,0.0,0.0,0.0,0,0,0,0,0,0,0,1
Configuration Resource,Configuration,Impair Command History Logging,Unknown,43,2,0,0,86,45,7,3,0.0,0.0,0.0,0,0.0,0.0,0.0,0.0,0.0,0.0,0.0,0,0,0,0,0,0,0,1
Configuration Resource,Configuration,Impair Command History Logging,Unknown,43,2,0,0,86,45,7,3,0.0,0.0,0.0,0,0.0,0.0,0.0,0.0,0.0,0.0,0.0,0,0,0,0,0,0,0,1
Configuration Resource,Configuration,Netsh Helper DLL,Unknown,43,2,0,0,86,45,3,1,0.0,0.0,0.0,0,0.0,0.0,0.0,0.0,0.0,0.0,0.0,0,0,0,0,0,0,0,1
Configuration Resource,Configuration,Office Template Macros,Unknown,43,2,0,0,86,45,6,1,0.0,0.0,0.0,0,0.0,0.0,0.0,0.0,0.0,0.0,0.0,0,0,0,0,0,0,0,1
Configuration Resource,Configuration,Office Test,Unknown,43,2,0,0,86,45,2,1,0.0,0.0,0.0,0,0.0,0.0,0.0,0.0,0.0,0.0,0.0,0,0,0,0,0,0,0,1
Configuration Resource,Configuration,Outlook Home Page,Unknown,43,2,0,0,86,45,1,1,0.0,0.0,0.0,0,0.0,0.0,0.0,0.0,0.0,0.0,0.0,0,0,0,0,0,0,0,1
Configuration Resource,Configuration,Outlook Rules,Unknown,43,2,0,0,86,45,1,1,0.0,0.0,0.0,0,0.0,0.0,0.0,0.0,0.0,0.0,0.0,0,0,0,0,0,0,0,1
Configuration Resource,Configuration,Password Filter DLL,Unknown,43,2,0,0,86,45,3,1,0.0,0.0,0.0,0,0.0,0.0,0.0,0.0,0.0,0.0,0.0,0,0,0,0,0,0,0,1
Configuration Resource,Configuration,Port Monitors,Unknown,43,2,0,0,86,45,2,1,0.0,0.0,0.0,0,0.0,0.0,0.0,0.0,0.0,0.0,0.0,0,0,0,0,0,0,0,1
Configuration Resource,Configuration,RC Scripts,Unknown,43,2,0,0,86,45,4,2,0.0,0.0,0.0,0,0.0,0.0,0.0,0.0,0.0,0.0,0.0,0,0,0,0,0,0,0,1
Configuration Resource,Configuration,Registry Run Keys / Startup Folder,Unknown,43,2,0,0,86,45,5,2,0.0,0.0,0.0,0,0.0,0.0,0.0,0.0,0.0,0.0,0.0,0,0,0,0,0,0,0,1
Configuration Resource,Configuration,SID-History Injection,Unknown,43,2,0,0,86,45,2,2,0.0,0.0,0.0,0,0.0,0.0,0.0,0.0,0.0,0.0,0.0,0,0,0,0,0,0,0,1
Configuration Resource,Configuration,SIP and Trust Provider Hijacking,Lateral Movement,43,2,0,0,86,45,2,1,0.0,0.0,0.0,0,0.0,0.0,0.0,0.0,0.0,0.0,0.0,0,0,0,0,0,0,0,1
Configuration Resource,Configuration,Safe Mode Boot,Unknown,43,2,0,0,86,45,3,2,0.0,0.0,0.0,0,0.0,0.0,0.0,0.0,0.0,0.0,0.0,0,0,0,0,0,0,0,1
Configuration Resource,Configuration,Screensaver,Unknown,43,2,0,0,86,45,4,1,0.0,0.0,0.0,0,0.0,0.0,0.0,0.0,0.0,0.0,0.0,0,0,0,0,0,0,0,1
Configuration Resource,Configuration,Security Software Discovery,Unknown,43,2,0,0,86,45,3,1,0.0,0.0,0.0,0,0.0,0.0,0.0,0.0,0.0,0.0,0.0,0,0,0,0,0,0,0,1
Configuration Resource,Configuration,Security Support Provider,Unknown,43,2,0,0,86,45,2,1,0.0,0.0,0.0,0,0.0,0.0,0.0,0.0,0.0,0.0,0.0,0,0,0,0,0,0,0,1
Configuration Resource,Configuration,Services Registry Permissions Weakness,Unknown,43,2,0,0,86,45,3,2,0.0,0.0,0.0,0,0.0,0.0,0.0,0.0,0.0,0.0,0.0,0,0,0,0,0,0,0,1
Configuration Resource,Configuration,Setuid and Setgid,Unknown,43,2,0,0,86,45,2,2,0.0,0.0,0.0,0,0.0,0.0,0.0,0.0,0.0,0.0,0.0,0,0,0,0,0,0,0,1
Configuration Resource,Configuration,Startup Items,Unknown,43,2,0,0,86,45,3,3,0.0,0.0,0.0,0,0.0,0.0,0.0,0.0,0.0,0.0,0.0,0,0,0,0,0,0,0,1
Configuration Resource,Configuration,System Location Discovery,Unknown,43,2,0,0,86,45,1,1,0.0,0.0,0.0,0,0.0,0.0,0.0,0.0,0.0,0.0,0.0,0,0,0,0,0,0,0,1
Configuration Resource,Configuration,Time Providers,Unknown,43,2,0,0,86,45,2,1,0.0,0.0,0.0,0,0.0,0.0,0.0,0.0,0.0,0.0,0.0,0,0,0,0,0,0,0,1
Configuration Resource,Configuration,Winlogon Helper DLL,Unknown,43,2,0,0,86,45,2,1,0.0,0.0,0.0,0,0.0,0.0,0.0,0.0,0.0,0.0,0.0,0,0,0,0,0,0,0,1
Container Image,System,Implant Internal Image,Unknown,1,1,0,0,2,2,1,1,0.0,0.0,0.0,0,0.0,0.0,0.0,0.0,0.0,0.0,0.0,0,0,0,0,0,0,0,1
Create File,File,Compiled HTML File,Unknown,2,1,0,0,4,3,3,1,0.0,0.0,0.0,0,0.0,0.0,0.0,0.0,0.0,0.0,0.0,0,0,0,0,0,0,0,1
Create File,File,Local Data Staging,Unknown,2,1,0,0,4,3,3,2,0.0,0.0,0.0,0,0.0,0.0,0.0,0.0,0.0,0.0,0.0,0,0,0,0,0,0,0,1
Create Process,Process,AppCert DLLs,Unknown,24,4,0,7,48,35,5,2,3.0,1.0,3.0,1,0.0,0.0,0.0,0.0,3.0,0.0,0.0,0,0,0,0,1,0,0,1
Create Process,Process,AppInit DLLs,Unknown,24,4,0,7,48,35,5,2,3.0,1.0,3.0,1,0.0,0.0,0.0,0.0,3.0,0.0,0.0,0,0,0,0,1,0,0,1
Create Process,Process,Application Window Discovery,Unknown,24,4,0,7,48,35,2,2,3.0,1.0,3.0,1,0.0,0.0,0.0,0.0,3.0,0.0,0.0,0,0,0,0,1,0,0,1
Create Process,Process,Asynchronous Procedure Call,Unknown,24,4,0,7,48,35,2,2,3.0,1.0,3.0,1,0.0,0.0,0.0,0.0,3.0,0.0,0.0,0,0,0,0,1,0,0,1
Create Process,Process,Bypass User Account Control,Unknown,24,4,0,7,48,35,6,2,3.0,1.0,3.0,1,0.0,0.0,0.0,0.0,3.0,0.0,0.0,0,0,0,0,1,0,0,1
Create Process,Process,CMSTP,Unknown,24,4,0,7,48,35,3,2,3.0,1.0,3.0,1,0.0,0.0,0.0,0.0,3.0,0.0,0.0,0,0,0,0,1,0,0,1
Create Process,Process,Compiled HTML File,Unknown,24,4,0,7,48,35,3,2,3.0,1.0,3.0,1,0.0,0.0,0.0,0.0,3.0,0.0,0.0,0,0,0,0,1,0,0,1
Create Process,Process,Control Panel,Unknown,24,4,0,7,48,35,4,2,3.0,1.0,3.0,1,0.0,0.0,0.0,0.0,3.0,0.0,0.0,0,0,0,0,1,0,0,1
Create Process,Process,Deobfuscate/Decode Files or Information,Unknown,24,4,0,7,48,35,6,2,3.0,1.0,3.0,1,0.0,0.0,0.0,0.0,3.0,0.0,0.0,0,0,0,0,1,0,0,1
Create Process,Process,Mshta,Unknown,24,4,0,7,48,35,4,2,3.0,1.0,3.0,1,0.0,0.0,0.0,0.0,3.0,0.0,0.0,0,0,0,0,1,0,0,1
Create Process,Process,Parent PID Spoofing,Unknown,24,4,0,7,48,35,2,2,3.0,1.0,3.0,1,0.0,0.0,0.0,0.0,3.0,0.0,0.0,0,0,0,0,1,0,0,1
Create Process,Process,Process Discovery,Unknown,24,4,0,7,48,35,2,2,3.0,1.0,3.0,1,0.0,0.0,0.0,0.0,3.0,0.0,0.0,0,0,0,0,1,0,0,1
Create Process,Process,Process Doppelgänging,Unknown,24,4,0,7,48,35,2,2,3.0,1.0,3.0,1,0.0,0.0,0.0,0.0,3.0,0.0,0.0,0,0,0,0,1,0,0,1
Create Process,Process,Remote System Discovery,Unknown,24,4,0,7,48,35,5,2,3.0,1.0,3.0,1,0.0,0.0,0.0,0.0,3.0,0.0,0.0,0,0,0,0,1,0,0,1
Create Process,Process,Rundll32,Unknown,24,4,0,7,48,35,3,2,3.0,1.0,3.0,1,0.0,0.0,0.0,0.0,3.0,0.0,0.0,0,0,0,0,1,0,0,1
Create Process,Process,SQL Stored Procedures,Unknown,24,4,0,7,48,35,4,3,3.0,1.0,3.0,1,0.0,0.0,0.0,0.0,3.0,0.0,0.0,0,0,0,0,1,0,0,1
Create Process,Process,Scheduled Task/Job,Unknown,24,4,0,7,48,35,5,4,3.0,1.0,3.0,1,0.0,0.0,0.0,0.0,3.0,0.0,0.0,0,0,0,0,1,0,0,1
Create Process,Process,System Information Discovery,Unknown,24,4,0,7,48,35,3,2,3.0,1.0,3.0,1,0.0,0.0,0.0,0.0,3.0,0.0,0.0,0,0,0,0,1,0,0,1
Create Process,Process,System Network Configuration Discovery,Unknown,24,4,0,7,48,35,4,2,3.0,1.0,3.0,1,0.0,0.0,0.0,0.0,3.0,0.0,0.0,0,0,0,0,1,0,0,1
Create Process,Process,System Owner/User Discovery,Unknown,24,4,0,7,48,35,9,5,3.0,1.0,3.0,1,0.0,0.0,0.0,0.0,3.0,0.0,0.0,0,0,0,0,1,0,0,1
Create Process,Process,System Service Discovery,Unknown,24,4,0,7,48,35,2,2,3.0,1.0,3.0,1,0.0,0.0,0.0,0.0,3.0,0.0,0.0,0,0,0,0,1,0,0,1
Create Process,Process,System Time Discovery,Unknown,24,4,0,7,48,35,2,2,3.0,1.0,3.0,1,0.0,0.0,0.0,0.0,3.0,0.0,0.0,0,0,0,0,1,0,0,1
Create Process,Process,Windows Management Instrumentation,Unknown,24,4,0,7,48,35,5,2,3.0,1.0,3.0,1,0.0,0.0,0.0,0.0,3.0,0.0,0.0,0,0,0,0,1,0,0,1
Create Process,Process,XSL Script Processing,Unknown,24,4,0,7,48,35,5,2,3.0,1.0,3.0,1,0.0,0.0,0.0,0.0,3.0,0.0,0.0,0,0,0,0,1,0,0,1
Credential,Identity,/etc/passwd and /etc/shadow,Unknown,18,9,1,6,37,34,3,1,5.5,2.0,3.5,2,3.5,0.0,0.0,0.0,0.0,0.0,0.0,0,0,0,1,0,0,0,1
Credential,Identity,Additional Cloud Credentials,Unknown,18,9,1,6,37,34,4,1,5.5,2.0,3.5,2,3.5,0.0,0.0,0.0,0.0,0.0,0.0,0,0,0,1,0,0,0,1
Credential,Identity,Application Access Token,Credential Access,18,9,1,6,37,34,3,2,5.5,2.0,3.5,2,3.5,0.0,0.0,0.0,0.0,0.0,0.0,0,0,0,1,0,0,0,1
Credential,Identity,Application Access Token,Credential Access,18,9,1,6,37,34,3,2,5.5,2.0,3.5,2,3.5,0.0,0.0,0.0,0.0,0.0,0.0,0,0,0,1,0,0,0,1
Credential,Identity,Cached Domain Credentials,Unknown,18,9,1,6,37,34,2,1,5.5,2.0,3.5,2,3.5,0.0,0.0,0.0,0.0,0.0,0.0,0,0,0,1,0,0,0,1
Credential,Identity,Create Process with Token,Privilege Escalation,18,9,1,6,37,34,4,2,5.5,2.0,3.5,2,3.5,0.0,0.0,0.0,0.0,0.0,0.0,0,0,0,1,0,0,0,1
Credential,Identity,Create Process with Token,Privilege Escalation,18,9,1,6,37,34,4,2,5.5,2.0,3.5,2,3.5,0.0,0.0,0.0,0.0,0.0,0.0,0,0,0,1,0,0,0,1
Credential,Identity,Create Process with Token,Credential Access,18,9,1,6,37,34,4,2,5.5,2.0,3.5,2,3.5,0.0,0.0,0.0,0.0,0.0,0.0,0,0,0,1,0,0,0,1
Credential,Identity,Create Process with Token,Credential Access,18,9,1,6,37,34,4,2,5.5,2.0,3.5,2,3.5,0.0,0.0,0.0,0.0,0.0,0.0,0,0,0,1,0,0,0,1
Credential,Identity,Golden Ticket,Credential Access,18,9,1,6,37,34,2,2,5.5,2.0,3.5,2,3.5,0.0,0.0,0.0,0.0,0.0,0.0,0,0,0,1,0,0,0,1
Credential,Identity,Golden Ticket,Credential Access,18,9,1,6,37,34,2,2,5.5,2.0,3.5,2,3.5,0.0,0.0,0.0,0.0,0.0,0.0,0,0,0,1,0,0,0,1
Credential,Identity,Keychain,Unknown,18,9,1,6,37,34,2,1,5.5,2.0,3.5,2,3.5,0.0,0.0,0.0,0.0,0.0,0.0,0,0,0,1,0,0,0,1
Credential,Identity,Make and Impersonate Token,Defense Evasion,18,9,1,6,37,34,5,3,5.5,2.0,3.5,2,3.5,0.0,0.0,0.0,0.0,0.0,0.0,0,0,0,1,0,0,0,1
Credential,Identity,Make and Impersonate Token,Credential Access,18,9,1,6,37,34,5,3,5.5,2.0,3.5,2,3.5,0.0,0.0,0.0,0.0,0.0,0.0,0,0,0,1,0,0,0,1
Credential,Identity,Make and Impersonate Token,Credential Access,18,9,1,6,37,34,5,3,5.5,2.0,3.5,2,3.5,0.0,0.0,0.0,0.0,0.0,0.0,0,0,0,1,0,0,0,1
Credential,Identity,NTDS,Unknown,18,9,1,6,37,34,1,1,5.5,2.0,3.5,2,3.5,0.0,0.0,0.0,0.0,0.0,0.0,0,0,0,1,0,0,0,1
Credential,Identity,Password Cracking,Unknown,18,9,1,6,37,34,2,1,5.5,2.0,3.5,2,3.5,0.0,0.0,0.0,0.0,0.0,0.0,0,0,0,1,0,0,0,1
Credential,Identity,Password Guessing,Unknown,18,9,1,6,37,34,4,1,5.5,2.0,3.5,2,3.5,0.0,0.0,0.0,0.0,0.0,0.0,0,0,0,1,0,0,0,1
Credential,Identity,Password Spraying,Unknown,18,9,1,6,37,34,7,1,5.5,2.0,3.5,2,3.5,0.0,0.0,0.0,0.0,0.0,0.0,0,0,0,1,0,0,0,1
Credential,Identity,Steal Application Access Token,Credential Access,18,9,1,6,37,34,2,2,5.5,2.0,3.5,2,3.5,0.0,0.0,0.0,0.0,0.0,0.0,0,0,0,1,0,0,0,1
Credential,Identity,Steal Application Access Token,Credential Access,18,9,1,6,37,34,2,2,5.5,2.0,3.5,2,3.5,0.0,0.0,0.0,0.0,0.0,0.0,0,0,0,1,0,0,0,1
Credential,Identity,Steal Application Access Token,Credential Access,18,9,1,6,37,34,2,2,5.5,2.0,3.5,2,3.5,0.0,0.0,0.0,0.0,0.0,0.0,0,0,0,1,0,0,0,1
Credential,Identity,Steal Web Session Cookie,Credential Access,18,9,1,6,37,34,1,1,5.5,2.0,3.5,2,3.5,0.0,0.0,0.0,0.0,0.0,0.0,0,0,0,1,0,0,0,1
Credential,Identity,Steal Web Session Cookie,Credential Access,18,9,1,6,37,34,1,1,5.5,2.0,3.5,2,3.5,0.0,0.0,0.0,0.0,0.0,0.0,0,0,0,1,0,0,0,1
Credential,Identity,Steal Web Session Cookie,Credential Access,18,9,1,6,37,34,1,1,5.5,2.0,3.5,2,3.5,0.0,0.0,0.0,0.0,0.0,0.0,0,0,0,1,0,0,0,1
Credential,Identity,Steal or Forge Kerberos Tickets,Credential Access,18,9,1,6,37,34,4,4,5.5,2.0,3.5,2,3.5,0.0,0.0,0.0,0.0,0.0,0.0,0,0,0,1,0,0,0,1
Credential,Identity,Steal or Forge Kerberos Tickets,Credential Access,18,9,1,6,37,34,4,4,5.5,2.0,3.5,2,3.5,0.0,0.0,0.0,0.0,0.0,0.0,0,0,0,1,0,0,0,1
Credential,Identity,Steal or Forge Kerberos Tickets,Credential Access,18,9,1,6,37,34,4,4,5.5,2.0,3.5,2,3.5,0.0,0.0,0.0,0.0,0.0,0.0,0,0,0,1,0,0,0,1
Credential,Identity,Steal or Forge Kerberos Tickets,Credential Access,18,9,1,6,37,34,4,4,5.5,2.0,3.5,2,3.5,0.0,0.0,0.0,0.0,0.0,0.0,0,0,0,1,0,0,0,1
Credential,Identity,Steal or Forge Kerberos Tickets,Credential Access,18,9,1,6,37,34,4,4,5.5,2.0,3.5,2,3.5,0.0,0.0,0.0,0.0,0.0,0.0,0,0,0,1,0,0,0,1
Credential,Identity,Steal or Forge Kerberos Tickets,Credential Access,18,9,1,6,37,34,4,4,5.5,2.0,3.5,2,3.5,0.0,0.0,0.0,0.0,0.0,0.0,0,0,0,1,0,0,0,1
Credential,Identity,Token Impersonation/Theft,Credential Access,18,9,1,6,37,34,2,2,5.5,2.0,3.5,2,3.5,0.0,0.0,0.0,0.0,0.0,0.0,0,0,0,1,0,0,0,1
Credential,Identity,Token Impersonation/Theft,Credential Access,18,9,1,6,37,34,2,2,5.5,2.0,3.5,2,3.5,0.0,0.0,0.0,0.0,0.0,0.0,0,0,0,1,0,0,0,1
Credential,Identity,Unsecured Credentials,Unknown,18,9,1,6,37,34,1,1,5.5,2.0,3.5,2,3.5,0.0,0.0,0.0,0.0,0.0,0.0,0,0,0,1,0,0,0,1
Credential,Identity,Web Session Cookie,Credential Access,18,9,1,6,37,34,2,1,5.5,2.0,3.5,2,3.5,0.0,0.0,0.0,0.0,0.0,0.0,0,0,0,1,0,0,0,1
DNS Lookup,Network,Network Sniffing,Unknown,1,1,1,10,3,13,1,1,5.5,2.0,3.5,2,0.0,0.0,3.5,0.0,0.0,0.0,0.0,0,1,0,0,0,0,0,1
DNS Network Traffic,Network,DNS,Unknown,2,1,0,10,4,13,5,5,9.5,4.0,3.5,3,0.0,0.0,3.5,0.0,0.0,0.0,2.0,0,1,0,0,0,0,1,1
DNS Network Traffic,Network,Dynamic Resolution,Unknown,2,1,0,10,4,13,5,5,9.5,4.0,3.5,3,0.0,0.0,3.5,0.0,0.0,0.0,2.0,0,1,0,0,0,0,1,1
Database,File,/etc/passwd and /etc/shadow,Unknown,22,2,0,0,44,24,3,2,0.0,0.0,0.0,0,0.0,0.0,0.0,0.0,0.0,0.0,0.0,0,0,0,0,0,0,0,1
Database,File,Add-ins,Unknown,22,2,0,0,44,24,4,1,0.0,0.0,0.0,0,0.0,0.0,0.0,0.0,0.0,0.0,0.0,0,0,0,0,0,0,0,1
Database,File,Code Repositories,Unknown,22,2,0,0,44,24,1,1,0.0,0.0,0.0,0,0.0,0.0,0.0,0.0,0.0,0.0,0.0,0,0,0,0,0,0,0,1
Database,File,Component Object Model Hijacking,Lateral Movement,22,2,0,0,44,24,4,3,0.0,0.0,0.0,0,0.0,0.0,0.0,0.0,0.0,0.0,0.0,0,0,0,0,0,0,0,1
Database,File,Credentials from Password Stores,Unknown,22,2,0,0,44,24,2,2,0.0,0.0,0.0,0,0.0,0.0,0.0,0.0,0.0,0.0,0.0,0,0,0,0,0,0,0,1
Database,File,Credentials from Web Browsers,Unknown,22,2,0,0,44,24,3,2,0.0,0.0,0.0,0,0.0,0.0,0.0,0.0,0.0,0.0,0.0,0,0,0,0,0,0,0,1
Database,File,Credentials in Registry,Unknown,22,2,0,0,44,24,2,1,0.0,0.0,0.0,0,0.0,0.0,0.0,0.0,0.0,0.0,0.0,0,0,0,0,0,0,0,1
Database,File,Elevated Execution with Prompt,Unknown,22,2,0,0,44,24,3,1,0.0,0.0,0.0,0,0.0,0.0,0.0,0.0,0.0,0.0,0.0,0,0,0,0,0,0,0,1
Database,File,Hidden File System,Unknown,22,2,0,0,44,24,3,1,0.0,0.0,0.0,0,0.0,0.0,0.0,0.0,0.0,0.0,0.0,0,0,0,0,0,0,0,1
Database,File,Hidden Window,Unknown,22,2,0,0,44,24,3,2,0.0,0.0,0.0,0,0.0,0.0,0.0,0.0,0.0,0.0,0.0,0,0,0,0,0,0,0,1
Database,File,Image File Execution Options Injection,Unknown,22,2,0,0,44,24,2,1,0.0,0.0,0.0,0,0.0,0.0,0.0,0.0,0.0,0.0,0.0,0,0,0,0,0,0,0,1
Database,File,Keychain,Unknown,22,2,0,0,44,24,2,1,0.0,0.0,0.0,0,0.0,0.0,0.0,0.0,0.0,0.0,0.0,0,0,0,0,0,0,0,1
Database,File,LSA Secrets,Unknown,22,2,0,0,44,24,2,1,0.0,0.0,0.0,0,0.0,0.0,0.0,0.0,0.0,0.0,0.0,0,0,0,0,0,0,0,1
Database,File,MMC,Unknown,22,2,0,0,44,24,3,1,0.0,0.0,0.0,0,0.0,0.0,0.0,0.0,0.0,0.0,0.0,0,0,0,0,0,0,0,1
Database,File,Modify Registry,Unknown,22,2,0,0,44,24,2,1,0.0,0.0,0.0,0,0.0,0.0,0.0,0.0,0.0,0.0,0.0,0,0,0,0,0,0,0,1
Database,File,Query Registry,Unknown,22,2,0,0,44,24,3,1,0.0,0.0,0.0,0,0.0,0.0,0.0,0.0,0.0,0.0,0.0,0,0,0,0,0,0,0,1
Database,File,Rogue Domain Controller,Unknown,22,2,0,0,44,24,5,1,0.0,0.0,0.0,0,0.0,0.0,0.0,0.0,0.0,0.0,0.0,0,0,0,0,0,0,0,1
Database,File,Security Account Manager,Unknown,22,2,0,0,44,24,3,1,0.0,0.0,0.0,0,0.0,0.0,0.0,0.0,0.0,0.0,0.0,0,0,0,0,0,0,0,1
Database,File,Securityd Memory,Unknown,22,2,0,0,44,24,1,1,0.0,0.0,0.0,0,0.0,0.0,0.0,0.0,0.0,0.0,0.0,0,0,0,0,0,0,0,1
Database,File,System Language Discovery,Unknown,22,2,0,0,44,24,2,1,0.0,0.0,0.0,0,0.0,0.0,0.0,0.0,0.0,0.0,0.0,0,0,0,0,0,0,0,1
Database,File,System Owner/User Discovery,Unknown,22,2,0,0,44,24,9,2,0.0,0.0,0.0,0,0.0,0.0,0.0,0.0,0.0,0.0,0.0,0,0,0,0,0,0,0,1
Database,File,Windows Service,Unknown,22,2,0,0,44,24,2,1,0.0,0.0,0.0,0,0.0,0.0,0.0,0.0,0.0,0.0,0.0,0,0,0,0,0,0,0,1
Database Query,Configuration,Exploit Public-Facing Application,Unknown,1,1,0,0,2,2,5,1,0.0,0.0,0.0,0,0.0,0.0,0.0,0.0,0.0,0.0,0.0,0,0,0,0,0,0,0,1
Database Record,File,Accessibility Features,Unknown,23,1,0,0,46,24,7,3,0.0,0.0,0.0,0,0.0,0.0,0.0,0.0,0.0,0.0,0.0,0,0,0,0,0,0,0,1
Database Record,File,AppCert DLLs,Unknown,23,1,0,0,46,24,5,2,0.0,0.0,0.0,0,0.0,0.0,0.0,0.0,0.0,0.0,0.0,0,0,0,0,0,0,0,1
Database Record,File,AppInit DLLs,Unknown,23,1,0,0,46,24,5,2,0.0,0.0,0.0,0,0.0,0.0,0.0,0.0,0.0,0.0,0.0,0,0,0,0,0,0,0,1
Database Record,File,Authentication Package,Unknown,23,1,0,0,46,24,2,1,0.0,0.0,0.0,0,0.0,0.0,0.0,0.0,0.0,0.0,0.0,0,0,0,0,0,0,0,1
Database Record,File,Bypass User Account Control,Unknown,23,1,0,0,46,24,6,3,0.0,0.0,0.0,0,0.0,0.0,0.0,0.0,0.0,0.0,0.0,0,0,0,0,0,0,0,1
Database Record,File,COR_PROFILER,Unknown,23,1,0,0,46,24,3,2,0.0,0.0,0.0,0,0.0,0.0,0.0,0.0,0.0,0.0,0.0,0,0,0,0,0,0,0,1
Database Record,File,Change Default File Association,Unknown,23,1,0,0,46,24,2,1,0.0,0.0,0.0,0,0.0,0.0,0.0,0.0,0.0,0.0,0.0,0,0,0,0,0,0,0,1
Database Record,File,Control Panel,Unknown,23,1,0,0,46,24,4,1,0.0,0.0,0.0,0,0.0,0.0,0.0,0.0,0.0,0.0,0.0,0,0,0,0,0,0,0,1
Database Record,File,Impair Command History Logging,Unknown,23,1,0,0,46,24,7,4,0.0,0.0,0.0,0,0.0,0.0,0.0,0.0,0.0,0.0,0.0,0,0,0,0,0,0,0,1
Database Record,File,Netsh Helper DLL,Unknown,23,1,0,0,46,24,3,1,0.0,0.0,0.0,0,0.0,0.0,0.0,0.0,0.0,0.0,0.0,0,0,0,0,0,0,0,1
Database Record,File,Office Template Macros,Unknown,23,1,0,0,46,24,6,5,0.0,0.0,0.0,0,0.0,0.0,0.0,0.0,0.0,0.0,0.0,0,0,0,0,0,0,0,1
Database Record,File,Office Test,Unknown,23,1,0,0,46,24,2,1,0.0,0.0,0.0,0,0.0,0.0,0.0,0.0,0.0,0.0,0.0,0,0,0,0,0,0,0,1
Database Record,File,Password Filter DLL,Unknown,23,1,0,0,46,24,3,2,0.0,0.0,0.0,0,0.0,0.0,0.0,0.0,0.0,0.0,0.0,0,0,0,0,0,0,0,1
Database Record,File,Port Monitors,Unknown,23,1,0,0,46,24,2,1,0.0,0.0,0.0,0,0.0,0.0,0.0,0.0,0.0,0.0,0.0,0,0,0,0,0,0,0,1
Database Record,File,Registry Run Keys / Startup Folder,Unknown,23,1,0,0,46,24,5,3,0.0,0.0,0.0,0,0.0,0.0,0.0,0.0,0.0,0.0,0.0,0,0,0,0,0,0,0,1
Database Record,File,SIP and Trust Provider Hijacking,Lateral Movement,23,1,0,0,46,24,2,1,0.0,0.0,0.0,0,0.0,0.0,0.0,0.0,0.0,0.0,0.0,0,0,0,0,0,0,0,1
Database Record,File,Safe Mode Boot,Unknown,23,1,0,0,46,24,3,1,0.0,0.0,0.0,0,0.0,0.0,0.0,0.0,0.0,0.0,0.0,0,0,0,0,0,0,0,1
Database Record,File,Screensaver,Unknown,23,1,0,0,46,24,4,3,0.0,0.0,0.0,0,0.0,0.0,0.0,0.0,0.0,0.0,0.0,0,0,0,0,0,0,0,1
Database Record,File,Security Software Discovery,Unknown,23,1,0,0,46,24,3,1,0.0,0.0,0.0,0,0.0,0.0,0.0,0.0,0.0,0.0,0.0,0,0,0,0,0,0,0,1
Database Record,File,Security Support Provider,Unknown,23,1,0,0,46,24,2,1,0.0,0.0,0.0,0,0.0,0.0,0.0,0.0,0.0,0.0,0.0,0,0,0,0,0,0,0,1
Database Record,File,Services Registry Permissions Weakness,Unknown,23,1,0,0,46,24,3,1,0.0,0.0,0.0,0,0.0,0.0,0.0,0.0,0.0,0.0,0.0,0,0,0,0,0,0,0,1
Database Record,File,Time Providers,Unknown,23,1,0,0,46,24,2,1,0.0,0.0,0.0,0,0.0,0.0,0.0,0.0,0.0,0.0,0.0,0,0,0,0,0,0,0,1
Database Record,File,Winlogon Helper DLL,Unknown,23,1,0,0,46,24,2,1,0.0,0.0,0.0,0,0.0,0.0,0.0,0.0,0.0,0.0,0.0,0,0,0,0,0,0,0,1
Decoy Artifact,Misc,System Information Discovery,Unknown,1,1,0,0,2,2,3,1,0.0,0.0,0.0,0,0.0,0.0,0.0,0.0,0.0,0.0,0.0,0,0,0,0,0,0,0,1
Digital Camera,System,Video Capture,Unknown,1,1,0,0,2,2,3,3,0.0,0.0,0.0,0,0.0,0.0,0.0,0.0,0.0,0.0,0.0,0,0,0,0,0,0,0,1
Digital System,System,Downgrade Attack,Unknown,1,1,0,9,2,11,1,1,0.0,0.0,0.0,0,0.0,0.0,0.0,0.0,0.0,0.0,0.0,0,0,0,0,0,0,0,1
Directory,Configuration,File and Directory Discovery,Unknown,3,1,0,0,6,4,2,1,0.0,0.0,0.0,0,0.0,0.0,0.0,0.0,0.0,0.0,0.0,0,0,0,0,0,0,0,1
Directory,Configuration,Run Virtual Instance,Unknown,3,1,0,0,6,4,6,1,0.0,0.0,0.0,0,0.0,0.0,0.0,0.0,0.0,0.0,0.0,0,0,0,0,0,0,0,1
Directory,Configuration,Startup Items,Unknown,3,1,0,0,6,4,3,3,0.0,0.0,0.0,0,0.0,0.0,0.0,0.0,0.0,0.0,0.0,0,0,0,0,0,0,0,1
Directory Service,Configuration,System Owner/User Discovery,Unknown,1,1,0,0,2,2,9,1,2.5,1.0,2.5,1,0.0,0.0,0.0,0.0,2.5,0.0,0.0,0,0,0,0,1,0,0,1
Document File,File,Internal Spearphishing,Unknown,7,3,1,6,15,17,3,2,0.0,0.0,0.0,0,0.0,0.0,0.0,0.0,0.0,0.0,0.0,0,0,0,0,0,0,0,1
Document File,File,Local Email Collection,Unknown,7,3,1,6,15,17,3,2,0.0,0.0,0.0,0,0.0,0.0,0.0,0.0,0.0,0.0,0.0,0,0,0,0,0,0,0,1
Document File,File,Mshta,Unknown,7,3,1,6,15,17,4,2,0.0,0.0,0.0,0,0.0,0.0,0.0,0.0,0.0,0.0,0.0,0,0,0,0,0,0,0,1
Document File,File,Outlook Forms,Unknown,7,3,1,6,15,17,2,2,0.0,0.0,0.0,0,0.0,0.0,0.0,0.0,0.0,0.0,0.0,0,0,0,0,0,0,0,1
Document File,File,Spearphishing Attachment,Unknown,7,3,1,6,15,17,6,2,0.0,0.0,0.0,0,0.0,0.0,0.0,0.0,0.0,0.0,0.0,0,0,0,0,0,0,0,1
Document File,File,Spearphishing Link,Unknown,7,3,1,6,15,17,8,2,0.0,0.0,0.0,0,0.0,0.0,0.0,0.0,0.0,0.0,0.0,0,0,0,0,0,0,0,1
Document File,File,VBA Stomping,Unknown,7,3,1,6,15,17,2,2,0.0,0.0,0.0,0,0.0,0.0,0.0,0.0,0.0,0.0,0.0,0,0,0,0,0,0,0,1
Domain User Account,Identity,Additional Cloud Roles,Unknown,4,1,1,6,9,12,2,2,0.0,0.0,0.0,0,0.0,0.0,0.0,0.0,0.0,0.0,0.0,0,0,0,0,0,0,0,1
Domain User Account,Identity,Additional Email Delegate Permissions,Unknown,4,1,1,6,9,12,2,2,0.0,0.0,0.0,0,0.0,0.0,0.0,0.0,0.0,0.0,0.0,0,0,0,0,0,0,0,1
Domain User Account,Identity,Domain Account,Unknown,4,1,1,6,9,12,4,4,0.0,0.0,0.0,0,0.0,0.0,0.0,0.0,0.0,0.0,0.0,0,0,0,0,0,0,0,1
Domain User Account,Identity,Domain Account,Unknown,4,1,1,6,9,12,4,4,0.0,0.0,0.0,0,0.0,0.0,0.0,0.0,0.0,0.0,0.0,0,0,0,0,0,0,0,1
Domain User Account,Identity,Domain Accounts,Unknown,4,1,1,6,9,12,2,2,0.0,0.0,0.0,0,0.0,0.0,0.0,0.0,0.0,0.0,0.0,0,0,0,0,0,0,0,1
Email,Network,Internal Spearphishing,Unknown,4,6,0,10,8,20,3,1,0.0,0.0,0.0,0,0.0,0.0,0.0,0.0,0.0,0.0,0.0,0,0,0,0,0,0,0,1
Email,Network,Local Email Collection,Unknown,4,6,0,10,8,20,3,1,0.0,0.0,0.0,0,0.0,0.0,0.0,0.0,0.0,0.0,0.0,0,0,0,0,0,0,0,1
Email,Network,Spearphishing Attachment,Unknown,4,6,0,10,8,20,6,4,0.0,0.0,0.0,0,0.0,0.0,0.0,0.0,0.0,0.0,0.0,0,0,0,0,0,0,0,1
Email,Network,Spearphishing Link,Unknown,4,6,0,10,8,20,8,5,0.0,0.0,0.0,0,0.0,0.0,0.0,0.0,0.0,0.0,0.0,0,0,0,0,0,0,0,1
Event Log,Configuration,Clear Command History,Unknown,13,1,0,0,26,14,2,2,0.0,0.0,0.0,0,0.0,0.0,0.0,0.0,0.0,0.0,0.0,0,0,0,0,0,0,0,1
Event Log,Configuration,Clear Windows Event Logs,Unknown,13,1,0,0,26,14,2,2,0.0,0.0,0.0,0,0.0,0.0,0.0,0.0,0.0,0.0,0.0,0,0,0,0,0,0,0,1
Event Log,Configuration,Create Process with Token,Privilege Escalation,13,1,0,0,26,14,4,2,0.0,0.0,0.0,0,0.0,0.0,0.0,0.0,0.0,0.0,0.0,0,0,0,0,0,0,0,1
Event Log,Configuration,Create Process with Token,Privilege Escalation,13,1,0,0,26,14,4,2,0.0,0.0,0.0,0,0.0,0.0,0.0,0.0,0.0,0.0,0.0,0,0,0,0,0,0,0,1
Event Log,Configuration,Create Process with Token,Credential Access,13,1,0,0,26,14,4,2,0.0,0.0,0.0,0,0.0,0.0,0.0,0.0,0.0,0.0,0.0,0,0,0,0,0,0,0,1
Event Log,Configuration,Create Process with Token,Credential Access,13,1,0,0,26,14,4,2,0.0,0.0,0.0,0,0.0,0.0,0.0,0.0,0.0,0.0,0.0,0,0,0,0,0,0,0,1
Event Log,Configuration,Credential Stuffing,Unknown,13,1,0,0,26,14,5,2,0.0,0.0,0.0,0,0.0,0.0,0.0,0.0,0.0,0.0,0.0,0,0,0,0,0,0,0,1
Event Log,Configuration,DCSync,Unknown,13,1,0,0,26,14,5,2,0.0,0.0,0.0,0,0.0,0.0,0.0,0.0,0.0,0.0,0.0,0,0,0,0,0,0,0,1
Event Log,Configuration,Deobfuscate/Decode Files or Information,Unknown,13,1,0,0,26,14,6,2,0.0,0.0,0.0,0,0.0,0.0,0.0,0.0,0.0,0.0,0.0,0,0,0,0,0,0,0,1
Event Log,Configuration,Forced Authentication,Unknown,13,1,0,0,26,14,3,2,0.0,0.0,0.0,0,0.0,0.0,0.0,0.0,0.0,0.0,0.0,0,0,0,0,0,0,0,1
Event Log,Configuration,Make and Impersonate Token,Defense Evasion,13,1,0,0,26,14,5,2,0.0,0.0,0.0,0,0.0,0.0,0.0,0.0,0.0,0.0,0.0,0,0,0,0,0,0,0,1
Event Log,Configuration,Make and Impersonate Token,Credential Access,13,1,0,0,26,14,5,2,0.0,0.0,0.0,0,0.0,0.0,0.0,0.0,0.0,0.0,0.0,0,0,0,0,0,0,0,1
Event Log,Configuration,Make and Impersonate Token,Credential Access,13,1,0,0,26,14,5,2,0.0,0.0,0.0,0,0.0,0.0,0.0,0.0,0.0,0.0,0.0,0,0,0,0,0,0,0,1
Event Log,Configuration,Password Guessing,Unknown,13,1,0,0,26,14,4,2,0.0,0.0,0.0,0,0.0,0.0,0.0,0.0,0.0,0.0,0.0,0,0,0,0,0,0,0,1
Event Log,Configuration,Password Spraying,Unknown,13,1,0,0,26,14,7,2,0.0,0.0,0.0,0,0.0,0.0,0.0,0.0,0.0,0.0,0.0,0,0,0,0,0,0,0,1
Event Log,Configuration,Sudo and Sudo Caching,Unknown,13,1,0,0,26,14,4,2,0.0,0.0,0.0,0,0.0,0.0,0.0,0.0,0.0,0.0,0.0,0,0,0,0,0,0,0,1
Event Log,Configuration,Trap,Unknown,13,1,0,0,26,14,6,2,0.0,0.0,0.0,0,0.0,0.0,0.0,0.0,0.0,0.0,0.0,0,0,0,0,0,0,0,1
Event Log,Configuration,Windows Management Instrumentation Event Subscription,Unknown,13,1,0,0,26,14,5,2,0.0,0.0,0.0,0,0.0,0.0,0.0,0.0,0.0,0.0,0.0,0,0,0,0,0,0,0,1
Executable File,File,Accessibility Features,Unknown,31,4,1,6,63,42,7,3,0.0,0.0,0.0,0,0.0,0.0,0.0,0.0,0.0,0.0,0.0,0,0,0,0,0,0,0,1
Executable File,File,Binary Padding,Unknown,31,4,1,6,63,42,2,2,0.0,0.0,0.0,0,0.0,0.0,0.0,0.0,0.0,0.0,0.0,0,0,0,0,0,0,0,1
Executable File,File,Bypass User Account Control,Unknown,31,4,1,6,63,42,6,3,0.0,0.0,0.0,0,0.0,0.0,0.0,0.0,0.0,0.0,0.0,0,0,0,0,0,0,0,1
Executable File,File,Command and Scripting Interpreter,Unknown,31,4,1,6,63,42,2,2,0.0,0.0,0.0,0,0.0,0.0,0.0,0.0,0.0,0.0,0.0,0,0,0,0,0,0,0,1
Executable File,File,Compile After Delivery,Unknown,31,4,1,6,63,42,2,2,0.0,0.0,0.0,0,0.0,0.0,0.0,0.0,0.0,0.0,0.0,0,0,0,0,0,0,0,1
Executable File,File,Component Object Model Hijacking,Lateral Movement,31,4,1,6,63,42,4,3,0.0,0.0,0.0,0,0.0,0.0,0.0,0.0,0.0,0.0,0.0,0,0,0,0,0,0,0,1
Executable File,File,Deobfuscate/Decode Files or Information,Unknown,31,4,1,6,63,42,6,2,0.0,0.0,0.0,0,0.0,0.0,0.0,0.0,0.0,0.0,0.0,0,0,0,0,0,0,0,1
Executable File,File,Impair Command History Logging,Unknown,31,4,1,6,63,42,7,4,0.0,0.0,0.0,0,0.0,0.0,0.0,0.0,0.0,0.0,0.0,0,0,0,0,0,0,0,1
Executable File,File,Invalid Code Signature,Unknown,31,4,1,6,63,42,2,2,0.0,0.0,0.0,0,0.0,0.0,0.0,0.0,0.0,0.0,0.0,0,0,0,0,0,0,0,1
Executable File,File,LC_LOAD_DYLIB Addition,Unknown,31,4,1,6,63,42,2,2,0.0,0.0,0.0,0,0.0,0.0,0.0,0.0,0.0,0.0,0.0,0,0,0,0,0,0,0,1
Executable File,File,Login Hook,Unknown,31,4,1,6,63,42,2,2,0.0,0.0,0.0,0,0.0,0.0,0.0,0.0,0.0,0.0,0.0,0,0,0,0,0,0,0,1
Executable File,File,Logon Script (Windows),Unknown,31,4,1,6,63,42,2,2,0.0,0.0,0.0,0,0.0,0.0,0.0,0.0,0.0,0.0,0.0,0,0,0,0,0,0,0,1
Executable File,File,Malicious File,Unknown,31,4,1,6,63,42,2,2,0.0,0.0,0.0,0,0.0,0.0,0.0,0.0,0.0,0.0,0.0,0,0,0,0,0,0,0,1
Executable File,File,Network Logon Script,Unknown,31,4,1,6,63,42,3,2,0.0,0.0,0.0,0,0.0,0.0,0.0,0.0,0.0,0.0,0.0,0,0,0,0,0,0,0,1
Executable File,File,Office Template Macros,Unknown,31,4,1,6,63,42,6,5,0.0,0.0,0.0,0,0.0,0.0,0.0,0.0,0.0,0.0,0.0,0,0,0,0,0,0,0,1
Executable File,File,Office Template Macros,Unknown,31,4,1,6,63,42,6,5,0.0,0.0,0.0,0,0.0,0.0,0.0,0.0,0.0,0.0,0.0,0,0,0,0,0,0,0,1
Executable File,File,Path Interception by PATH Environment Variable,Unknown,31,4,1,6,63,42,2,2,0.0,0.0,0.0,0,0.0,0.0,0.0,0.0,0.0,0.0,0.0,0,0,0,0,0,0,0,1
Executable File,File,Path Interception by Search Order Hijacking,Lateral Movement,31,4,1,6,63,42,2,2,0.0,0.0,0.0,0,0.0,0.0,0.0,0.0,0.0,0.0,0.0,0,0,0,0,0,0,0,1
Executable File,File,Path Interception by Unquoted Path,Unknown,31,4,1,6,63,42,2,2,0.0,0.0,0.0,0,0.0,0.0,0.0,0.0,0.0,0.0,0.0,0,0,0,0,0,0,0,1
Executable File,File,PowerShell Profile,Unknown,31,4,1,6,63,42,2,2,0.0,0.0,0.0,0,0.0,0.0,0.0,0.0,0.0,0.0,0.0,0,0,0,0,0,0,0,1
Executable File,File,RC Scripts,Unknown,31,4,1,6,63,42,4,2,0.0,0.0,0.0,0,0.0,0.0,0.0,0.0,0.0,0.0,0.0,0,0,0,0,0,0,0,1
Executable File,File,Registry Run Keys / Startup Folder,Unknown,31,4,1,6,63,42,5,3,0.0,0.0,0.0,0,0.0,0.0,0.0,0.0,0.0,0.0,0.0,0,0,0,0,0,0,0,1
Executable File,File,Rename Legitimate Utilities,Unknown,31,4,1,6,63,42,4,4,0.0,0.0,0.0,0,0.0,0.0,0.0,0.0,0.0,0.0,0.0,0,0,0,0,0,0,0,1
Executable File,File,Runtime Data Manipulation,Unknown,31,4,1,6,63,42,2,2,0.0,0.0,0.0,0,0.0,0.0,0.0,0.0,0.0,0.0,0.0,0,0,0,0,0,0,0,1
Executable File,File,Screensaver,Unknown,31,4,1,6,63,42,4,3,0.0,0.0,0.0,0,0.0,0.0,0.0,0.0,0.0,0.0,0.0,0,0,0,0,0,0,0,1
Executable File,File,Shortcut Modification,Unknown,31,4,1,6,63,42,2,2,0.0,0.0,0.0,0,0.0,0.0,0.0,0.0,0.0,0.0,0.0,0,0,0,0,0,0,0,1
Executable File,File,Software Packing,Unknown,31,4,1,6,63,42,2,2,0.0,0.0,0.0,0,0.0,0.0,0.0,0.0,0.0,0.0,0.0,0,0,0,0,0,0,0,1
Executable File,File,System Network Configuration Discovery,Unknown,31,4,1,6,63,42,4,2,0.0,0.0,0.0,0,0.0,0.0,0.0,0.0,0.0,0.0,0.0,0,0,0,0,0,0,0,1
Executable File,File,Thread Execution Hijacking,Lateral Movement,31,4,1,6,63,42,3,2,0.0,0.0,0.0,0,0.0,0.0,0.0,0.0,0.0,0.0,0.0,0,0,0,0,0,0,0,1
Executable File,File,Trap,Unknown,31,4,1,6,63,42,6,4,0.0,0.0,0.0,0,0.0,0.0,0.0,0.0,0.0,0.0,0.0,0,0,0,0,0,0,0,1
Executable File,File,Trap,Unknown,31,4,1,6,63,42,6,4,0.0,0.0,0.0,0,0.0,0.0,0.0,0.0,0.0,0.0,0.0,0,0,0,0,0,0,0,1
Executable File,File,Web Shell,Unknown,31,4,1,6,63,42,5,2,0.0,0.0,0.0,0,0.0,0.0,0.0,0.0,0.0,0.0,0.0,0,0,0,0,0,0,0,1
Executable File,File,XSL Script Processing,Unknown,31,4,1,6,63,42,5,3,0.0,0.0,0.0,0,0.0,0.0,0.0,0.0,0.0,0.0,0.0,0,0,0,0,0,0,0,1
File,File,/etc/passwd and /etc/shadow,Unknown,97,11,0,6,194,114,3,2,0.0,0.0,0.0,0,0.0,0.0,0.0,0.0,0.0,0.0,0.0,0,0,0,0,0,0,0,1
File,File,Accessibility Features,Unknown,97,11,0,6,194,114,7,3,0.0,0.0,0.0,0,0.0,0.0,0.0,0.0,0.0,0.0,0.0,0,0,0,0,0,0,0,1
File,File,AppCert DLLs,Unknown,97,11,0,6,194,114,5,2,0.0,0.0,0.0,0,0.0,0.0,0.0,0.0,0.0,0.0,0.0,0,0,0,0,0,0,0,1
File,File,AppInit DLLs,Unknown,97,11,0,6,194,114,5,2,0.0,0.0,0.0,0,0.0,0.0,0.0,0.0,0.0,0.0,0.0,0,0,0,0,0,0,0,1
File,File,Application Layer Protocol,Unknown,97,11,0,6,194,114,5,2,0.0,0.0,0.0,0,0.0,0.0,0.0,0.0,0.0,0.0,0.0,0,0,0,0,0,0,0,1
File,File,Archive Collected Data,Unknown,97,11,0,6,194,114,1,1,0.0,0.0,0.0,0,0.0,0.0,0.0,0.0,0.0,0.0,0.0,0,0,0,0,0,0,0,1
File,File,Archive via Custom Method,Unknown,97,11,0,6,194,114,1,1,0.0,0.0,0.0,0,0.0,0.0,0.0,0.0,0.0,0.0,0.0,0,0,0,0,0,0,0,1
File,File,Archive via Library,Unknown,97,11,0,6,194,114,1,1,0.0,0.0,0.0,0,0.0,0.0,0.0,0.0,0.0,0.0,0.0,0,0,0,0,0,0,0,1
File,File,Archive via Utility,Unknown,97,11,0,6,194,114,1,1,0.0,0.0,0.0,0,0.0,0.0,0.0,0.0,0.0,0.0,0.0,0,0,0,0,0,0,0,1
File,File,Asymmetric Cryptography,Unknown,97,11,0,6,194,114,5,2,0.0,0.0,0.0,0,0.0,0.0,0.0,0.0,0.0,0.0,0.0,0,0,0,0,0,0,0,1
File,File,Automated Collection,Unknown,97,11,0,6,194,114,1,1,0.0,0.0,0.0,0,0.0,0.0,0.0,0.0,0.0,0.0,0.0,0,0,0,0,0,0,0,1
File,File,Bash History,Unknown,97,11,0,6,194,114,1,1,0.0,0.0,0.0,0,0.0,0.0,0.0,0.0,0.0,0.0,0.0,0,0,0,0,0,0,0,1
File,File,Binary Padding,Unknown,97,11,0,6,194,114,2,2,0.0,0.0,0.0,0,0.0,0.0,0.0,0.0,0.0,0.0,0.0,0,0,0,0,0,0,0,1
File,File,Bypass User Account Control,Unknown,97,11,0,6,194,114,6,3,0.0,0.0,0.0,0,0.0,0.0,0.0,0.0,0.0,0.0,0.0,0,0,0,0,0,0,0,1
File,File,COR_PROFILER,Unknown,97,11,0,6,194,114,3,2,0.0,0.0,0.0,0,0.0,0.0,0.0,0.0,0.0,0.0,0.0,0,0,0,0,0,0,0,1
File,File,Clear Linux or Mac System Logs,Unknown,97,11,0,6,194,114,2,2,0.0,0.0,0.0,0,0.0,0.0,0.0,0.0,0.0,0.0,0.0,0,0,0,0,0,0,0,1
File,File,Command and Scripting Interpreter,Unknown,97,11,0,6,194,114,2,2,0.0,0.0,0.0,0,0.0,0.0,0.0,0.0,0.0,0.0,0.0,0,0,0,0,0,0,0,1
File,File,Compile After Delivery,Unknown,97,11,0,6,194,114,2,2,0.0,0.0,0.0,0,0.0,0.0,0.0,0.0,0.0,0.0,0.0,0,0,0,0,0,0,0,1
File,File,Component Object Model Hijacking,Lateral Movement,97,11,0,6,194,114,4,3,0.0,0.0,0.0,0,0.0,0.0,0.0,0.0,0.0,0.0,0.0,0,0,0,0,0,0,0,1
File,File,Credentials In Files,Unknown,97,11,0,6,194,114,1,1,0.0,0.0,0.0,0,0.0,0.0,0.0,0.0,0.0,0.0,0.0,0,0,0,0,0,0,0,1
File,File,Credentials from Password Stores,Unknown,97,11,0,6,194,114,2,2,0.0,0.0,0.0,0,0.0,0.0,0.0,0.0,0.0,0.0,0.0,0,0,0,0,0,0,0,1
File,File,Credentials from Web Browsers,Unknown,97,11,0,6,194,114,3,2,0.0,0.0,0.0,0,0.0,0.0,0.0,0.0,0.0,0.0,0.0,0,0,0,0,0,0,0,1
File,File,DLL,Unknown,97,11,0,6,194,114,1,1,0.0,0.0,0.0,0,0.0,0.0,0.0,0.0,0.0,0.0,0.0,0,0,0,0,0,0,0,1
File,File,DLL Side-Loading,Unknown,97,11,0,6,194,114,2,2,0.0,0.0,0.0,0,0.0,0.0,0.0,0.0,0.0,0.0,0.0,0,0,0,0,0,0,0,1
File,File,DLL Side-Loading,Unknown,97,11,0,6,194,114,2,2,0.0,0.0,0.0,0,0.0,0.0,0.0,0.0,0.0,0.0,0.0,0,0,0,0,0,0,0,1
File,File,Data from Local System,Unknown,97,11,0,6,194,114,1,1,0.0,0.0,0.0,0,0.0,0.0,0.0,0.0,0.0,0.0,0.0,0,0,0,0,0,0,0,1
File,File,Deobfuscate/Decode Files or Information,Unknown,97,11,0,6,194,114,6,2,0.0,0.0,0.0,0,0.0,0.0,0.0,0.0,0.0,0.0,0.0,0,0,0,0,0,0,0,1
File,File,Dylib Hijacking,Lateral Movement,97,11,0,6,194,114,2,2,0.0,0.0,0.0,0,0.0,0.0,0.0,0.0,0.0,0.0,0.0,0,0,0,0,0,0,0,1
File,File,Dylib Hijacking,Lateral Movement,97,11,0,6,194,114,2,2,0.0,0.0,0.0,0,0.0,0.0,0.0,0.0,0.0,0.0,0.0,0,0,0,0,0,0,0,1
File,File,Dynamic Linker Hijacking,Lateral Movement,97,11,0,6,194,114,2,2,0.0,0.0,0.0,0,0.0,0.0,0.0,0.0,0.0,0.0,0.0,0,0,0,0,0,0,0,1
File,File,Dynamic-link Library Injection,Unknown,97,11,0,6,194,114,3,2,0.0,0.0,0.0,0,0.0,0.0,0.0,0.0,0.0,0.0,0.0,0,0,0,0,0,0,0,1
File,File,Dynamic-link Library Injection,Unknown,97,11,0,6,194,114,3,2,0.0,0.0,0.0,0,0.0,0.0,0.0,0.0,0.0,0.0,0.0,0,0,0,0,0,0,0,1
File,File,Emond,Unknown,97,11,0,6,194,114,3,2,0.0,0.0,0.0,0,0.0,0.0,0.0,0.0,0.0,0.0,0.0,0,0,0,0,0,0,0,1
File,File,Emond,Unknown,97,11,0,6,194,114,3,2,0.0,0.0,0.0,0,0.0,0.0,0.0,0.0,0.0,0.0,0.0,0,0,0,0,0,0,0,1
File,File,Exfiltration Over Asymmetric Encrypted Non-C2 Protocol,Unknown,97,11,0,6,194,114,5,2,0.0,0.0,0.0,0,0.0,0.0,0.0,0.0,0.0,0.0,0.0,0,0,0,0,0,0,0,1
File,File,Exfiltration Over C2 Channel,Unknown,97,11,0,6,194,114,3,2,0.0,0.0,0.0,0,0.0,0.0,0.0,0.0,0.0,0.0,0.0,0,0,0,0,0,0,0,1
File,File,File Deletion,Unknown,97,11,0,6,194,114,2,2,0.0,0.0,0.0,0,0.0,0.0,0.0,0.0,0.0,0.0,0.0,0,0,0,0,0,0,0,1
File,File,File Deletion,Unknown,97,11,0,6,194,114,2,2,0.0,0.0,0.0,0,0.0,0.0,0.0,0.0,0.0,0.0,0.0,0,0,0,0,0,0,0,1
File,File,File and Directory Discovery,Unknown,97,11,0,6,194,114,2,1,0.0,0.0,0.0,0,0.0,0.0,0.0,0.0,0.0,0.0,0.0,0,0,0,0,0,0,0,1
File,File,Forced Authentication,Unknown,97,11,0,6,194,114,3,1,0.0,0.0,0.0,0,0.0,0.0,0.0,0.0,0.0,0.0,0.0,0,0,0,0,0,0,0,1
File,File,Hidden Users,Unknown,97,11,0,6,194,114,2,2,0.0,0.0,0.0,0,0.0,0.0,0.0,0.0,0.0,0.0,0.0,0,0,0,0,0,0,0,1
File,File,Hidden Window,Unknown,97,11,0,6,194,114,3,2,0.0,0.0,0.0,0,0.0,0.0,0.0,0.0,0.0,0.0,0.0,0,0,0,0,0,0,0,1
File,File,Impair Command History Logging,Unknown,97,11,0,6,194,114,7,4,0.0,0.0,0.0,0,0.0,0.0,0.0,0.0,0.0,0.0,0.0,0,0,0,0,0,0,0,1
File,File,Internal Spearphishing,Unknown,97,11,0,6,194,114,3,2,0.0,0.0,0.0,0,0.0,0.0,0.0,0.0,0.0,0.0,0.0,0,0,0,0,0,0,0,1
File,File,Invalid Code Signature,Unknown,97,11,0,6,194,114,2,2,0.0,0.0,0.0,0,0.0,0.0,0.0,0.0,0.0,0.0,0.0,0,0,0,0,0,0,0,1
File,File,Kernel Modules and Extensions,Unknown,97,11,0,6,194,114,1,1,0.0,0.0,0.0,0,0.0,0.0,0.0,0.0,0.0,0.0,0.0,0,0,0,0,0,0,0,1
File,File,LC_LOAD_DYLIB Addition,Unknown,97,11,0,6,194,114,2,2,0.0,0.0,0.0,0,0.0,0.0,0.0,0.0,0.0,0.0,0.0,0,0,0,0,0,0,0,1
File,File,LSASS Driver,Unknown,97,11,0,6,194,114,2,1,0.0,0.0,0.0,0,0.0,0.0,0.0,0.0,0.0,0.0,0.0,0,0,0,0,0,0,0,1
File,File,Launch Agent,Unknown,97,11,0,6,194,114,1,1,0.0,0.0,0.0,0,0.0,0.0,0.0,0.0,0.0,0.0,0.0,0,0,0,0,0,0,0,1
File,File,Launch Daemon,Unknown,97,11,0,6,194,114,1,1,0.0,0.0,0.0,0,0.0,0.0,0.0,0.0,0.0,0.0,0.0,0,0,0,0,0,0,0,1
File,File,Launchd,Unknown,97,11,0,6,194,114,1,1,0.0,0.0,0.0,0,0.0,0.0,0.0,0.0,0.0,0.0,0.0,0,0,0,0,0,0,0,1
File,File,Local Data Staging,Unknown,97,11,0,6,194,114,3,2,0.0,0.0,0.0,0,0.0,0.0,0.0,0.0,0.0,0.0,0.0,0,0,0,0,0,0,0,1
File,File,Local Email Collection,Unknown,97,11,0,6,194,114,3,2,0.0,0.0,0.0,0,0.0,0.0,0.0,0.0,0.0,0.0,0.0,0,0,0,0,0,0,0,1
File,File,Login Hook,Unknown,97,11,0,6,194,114,2,2,0.0,0.0,0.0,0,0.0,0.0,0.0,0.0,0.0,0.0,0.0,0,0,0,0,0,0,0,1
File,File,Logon Script (Windows),Unknown,97,11,0,6,194,114,2,2,0.0,0.0,0.0,0,0.0,0.0,0.0,0.0,0.0,0.0,0.0,0,0,0,0,0,0,0,1
File,File,MSBuild,Unknown,97,11,0,6,194,114,2,1,0.0,0.0,0.0,0,0.0,0.0,0.0,0.0,0.0,0.0,0.0,0,0,0,0,0,0,0,1
File,File,Malicious File,Unknown,97,11,0,6,194,114,2,2,0.0,0.0,0.0,0,0.0,0.0,0.0,0.0,0.0,0.0,0.0,0,0,0,0,0,0,0,1
File,File,Match Legitimate Resource Name or Location,Unknown,97,11,0,6,194,114,2,1,0.0,0.0,0.0,0,0.0,0.0,0.0,0.0,0.0,0.0,0.0,0,0,0,0,0,0,0,1
File,File,Mshta,Unknown,97,11,0,6,194,114,4,2,0.0,0.0,0.0,0,0.0,0.0,0.0,0.0,0.0,0.0,0.0,0,0,0,0,0,0,0,1
File,File,Network Logon Script,Unknown,97,11,0,6,194,114,3,2,0.0,0.0,0.0,0,0.0,0.0,0.0,0.0,0.0,0.0,0.0,0,0,0,0,0,0,0,1
File,File,Office Template Macros,Unknown,97,11,0,6,194,114,6,5,0.0,0.0,0.0,0,0.0,0.0,0.0,0.0,0.0,0.0,0.0,0,0,0,0,0,0,0,1
File,File,Office Template Macros,Unknown,97,11,0,6,194,114,6,5,0.0,0.0,0.0,0,0.0,0.0,0.0,0.0,0.0,0.0,0.0,0,0,0,0,0,0,0,1
File,File,Outlook Forms,Unknown,97,11,0,6,194,114,2,2,0.0,0.0,0.0,0,0.0,0.0,0.0,0.0,0.0,0.0,0.0,0,0,0,0,0,0,0,1
File,File,Password Filter DLL,Unknown,97,11,0,6,194,114,3,2,0.0,0.0,0.0,0,0.0,0.0,0.0,0.0,0.0,0.0,0.0,0,0,0,0,0,0,0,1
File,File,Path Interception by PATH Environment Variable,Unknown,97,11,0,6,194,114,2,2,0.0,0.0,0.0,0,0.0,0.0,0.0,0.0,0.0,0.0,0.0,0,0,0,0,0,0,0,1
File,File,Path Interception by Search Order Hijacking,Lateral Movement,97,11,0,6,194,114,2,2,0.0,0.0,0.0,0,0.0,0.0,0.0,0.0,0.0,0.0,0.0,0,0,0,0,0,0,0,1
File,File,Path Interception by Unquoted Path,Unknown,97,11,0,6,194,114,2,2,0.0,0.0,0.0,0,0.0,0.0,0.0,0.0,0.0,0.0,0.0,0,0,0,0,0,0,0,1
File,File,Plist Modification,Unknown,97,11,0,6,194,114,1,1,0.0,0.0,0.0,0,0.0,0.0,0.0,0.0,0.0,0.0,0.0,0,0,0,0,0,0,0,1
File,File,Pluggable Authentication Modules,Unknown,97,11,0,6,194,114,2,2,0.0,0.0,0.0,0,0.0,0.0,0.0,0.0,0.0,0.0,0.0,0,0,0,0,0,0,0,1
File,File,Portable Executable Injection,Unknown,97,11,0,6,194,114,1,1,0.0,0.0,0.0,0,0.0,0.0,0.0,0.0,0.0,0.0,0.0,0,0,0,0,0,0,0,1
File,File,PowerShell Profile,Unknown,97,11,0,6,194,114,2,2,0.0,0.0,0.0,0,0.0,0.0,0.0,0.0,0.0,0.0,0.0,0,0,0,0,0,0,0,1
File,File,Proc Filesystem,Unknown,97,11,0,6,194,114,2,2,0.0,0.0,0.0,0,0.0,0.0,0.0,0.0,0.0,0.0,0.0,0,0,0,0,0,0,0,1
File,File,Proc Memory,Unknown,97,11,0,6,194,114,4,4,0.0,0.0,0.0,0,0.0,0.0,0.0,0.0,0.0,0.0,0.0,0,0,0,0,0,0,0,1
File,File,Proc Memory,Unknown,97,11,0,6,194,114,4,4,0.0,0.0,0.0,0,0.0,0.0,0.0,0.0,0.0,0.0,0.0,0,0,0,0,0,0,0,1
File,File,RC Scripts,Unknown,97,11,0,6,194,114,4,2,0.0,0.0,0.0,0,0.0,0.0,0.0,0.0,0.0,0.0,0.0,0,0,0,0,0,0,0,1
File,File,Re-opened Applications,Unknown,97,11,0,6,194,114,1,1,0.0,0.0,0.0,0,0.0,0.0,0.0,0.0,0.0,0.0,0.0,0,0,0,0,0,0,0,1
File,File,Registry Run Keys / Startup Folder,Unknown,97,11,0,6,194,114,5,3,0.0,0.0,0.0,0,0.0,0.0,0.0,0.0,0.0,0.0,0.0,0,0,0,0,0,0,0,1
File,File,Remote System Discovery,Unknown,97,11,0,6,194,114,5,2,0.0,0.0,0.0,0,0.0,0.0,0.0,0.0,0.0,0.0,0.0,0,0,0,0,0,0,0,1
File,File,Rename Legitimate Utilities,Unknown,97,11,0,6,194,114,4,4,0.0,0.0,0.0,0,0.0,0.0,0.0,0.0,0.0,0.0,0.0,0,0,0,0,0,0,0,1
File,File,Rename Legitimate Utilities,Unknown,97,11,0,6,194,114,4,4,0.0,0.0,0.0,0,0.0,0.0,0.0,0.0,0.0,0.0,0.0,0,0,0,0,0,0,0,1
File,File,Rootkit,Unknown,97,11,0,6,194,114,3,1,0.0,0.0,0.0,0,0.0,0.0,0.0,0.0,0.0,0.0,0.0,0,0,0,0,0,0,0,1
File,File,Run Virtual Instance,Unknown,97,11,0,6,194,114,6,1,0.0,0.0,0.0,0,0.0,0.0,0.0,0.0,0.0,0.0,0.0,0,0,0,0,0,0,0,1
File,File,Rundll32,Unknown,97,11,0,6,194,114,3,1,0.0,0.0,0.0,0,0.0,0.0,0.0,0.0,0.0,0.0,0.0,0,0,0,0,0,0,0,1
File,File,Runtime Data Manipulation,Unknown,97,11,0,6,194,114,2,2,0.0,0.0,0.0,0,0.0,0.0,0.0,0.0,0.0,0.0,0.0,0,0,0,0,0,0,0,1
File,File,Screensaver,Unknown,97,11,0,6,194,114,4,3,0.0,0.0,0.0,0,0.0,0.0,0.0,0.0,0.0,0.0,0.0,0,0,0,0,0,0,0,1
File,File,Shortcut Modification,Unknown,97,11,0,6,194,114,2,2,0.0,0.0,0.0,0,0.0,0.0,0.0,0.0,0.0,0.0,0.0,0,0,0,0,0,0,0,1
File,File,Software Deployment Tools,Unknown,97,11,0,6,194,114,4,1,0.0,0.0,0.0,0,0.0,0.0,0.0,0.0,0.0,0.0,0.0,0,0,0,0,0,0,0,1
File,File,Software Packing,Unknown,97,11,0,6,194,114,2,2,0.0,0.0,0.0,0,0.0,0.0,0.0,0.0,0.0,0.0,0.0,0,0,0,0,0,0,0,1
File,File,Space after Filename,Unknown,97,11,0,6,194,114,1,1,0.0,0.0,0.0,0,0.0,0.0,0.0,0.0,0.0,0.0,0.0,0,0,0,0,0,0,0,1
File,File,Spearphishing Attachment,Unknown,97,11,0,6,194,114,6,2,0.0,0.0,0.0,0,0.0,0.0,0.0,0.0,0.0,0.0,0.0,0,0,0,0,0,0,0,1
File,File,Spearphishing Link,Unknown,97,11,0,6,194,114,8,2,0.0,0.0,0.0,0,0.0,0.0,0.0,0.0,0.0,0.0,0.0,0,0,0,0,0,0,0,1
File,File,Spearphishing via Service,Unknown,97,11,0,6,194,114,3,1,0.0,0.0,0.0,0,0.0,0.0,0.0,0.0,0.0,0.0,0.0,0,0,0,0,0,0,0,1
File,File,Stored Data Manipulation,Unknown,97,11,0,6,194,114,1,1,0.0,0.0,0.0,0,0.0,0.0,0.0,0.0,0.0,0.0,0.0,0,0,0,0,0,0,0,1
File,File,Sudo and Sudo Caching,Unknown,97,11,0,6,194,114,4,2,0.0,0.0,0.0,0,0.0,0.0,0.0,0.0,0.0,0.0,0.0,0,0,0,0,0,0,0,1
File,File,System Network Configuration Discovery,Unknown,97,11,0,6,194,114,4,2,0.0,0.0,0.0,0,0.0,0.0,0.0,0.0,0.0,0.0,0.0,0,0,0,0,0,0,0,1
File,File,System Owner/User Discovery,Unknown,97,11,0,6,194,114,9,2,0.0,0.0,0.0,0,0.0,0.0,0.0,0.0,0.0,0.0,0.0,0,0,0,0,0,0,0,1
File,File,Systemd Service,Unknown,97,11,0,6,194,114,4,4,0.0,0.0,0.0,0,0.0,0.0,0.0,0.0,0.0,0.0,0.0,0,0,0,0,0,0,0,1
File,File,Systemd Service,Unknown,97,11,0,6,194,114,4,4,0.0,0.0,0.0,0,0.0,0.0,0.0,0.0,0.0,0.0,0.0,0,0,0,0,0,0,0,1
File,File,Thread Execution Hijacking,Lateral Movement,97,11,0,6,194,114,3,2,0.0,0.0,0.0,0,0.0,0.0,0.0,0.0,0.0,0.0,0.0,0,0,0,0,0,0,0,1
File,File,Trap,Unknown,97,11,0,6,194,114,6,4,0.0,0.0,0.0,0,0.0,0.0,0.0,0.0,0.0,0.0,0.0,0,0,0,0,0,0,0,1
File,File,Trap,Unknown,97,11,0,6,194,114,6,4,0.0,0.0,0.0,0,0.0,0.0,0.0,0.0,0.0,0.0,0.0,0,0,0,0,0,0,0,1
File,File,Unix Shell Configuration Modification,Unknown,97,11,0,6,194,114,2,2,0.0,0.0,0.0,0,0.0,0.0,0.0,0.0,0.0,0.0,0.0,0,0,0,0,0,0,0,1
File,File,VBA Stomping,Unknown,97,11,0,6,194,114,2,2,0.0,0.0,0.0,0,0.0,0.0,0.0,0.0,0.0,0.0,0.0,0,0,0,0,0,0,0,1
File,File,VDSO Hijacking,Lateral Movement,97,11,0,6,194,114,2,1,0.0,0.0,0.0,0,0.0,0.0,0.0,0.0,0.0,0.0,0.0,0,0,0,0,0,0,0,1
File,File,Web Protocols,Unknown,97,11,0,6,194,114,5,2,0.0,0.0,0.0,0,0.0,0.0,0.0,0.0,0.0,0.0,0.0,0,0,0,0,0,0,0,1
File,File,Web Shell,Unknown,97,11,0,6,194,114,5,2,0.0,0.0,0.0,0,0.0,0.0,0.0,0.0,0.0,0.0,0.0,0,0,0,0,0,0,0,1
File,File,XSL Script Processing,Unknown,97,11,0,6,194,114,5,3,0.0,0.0,0.0,0,0.0,0.0,0.0,0.0,0.0,0.0,0.0,0,0,0,0,0,0,0,1
File,File,XSL Script Processing,Unknown,97,11,0,6,194,114,5,3,0.0,0.0,0.0,0,0.0,0.0,0.0,0.0,0.0,0.0,0.0,0,0,0,0,0,0,0,1
File Section,File,Resource Forking,Unknown,1,1,0,0,2,2,2,2,0.0,0.0,0.0,0,0.0,0.0,0.0,0.0,0.0,0.0,0.0,0,0,0,0,0,0,0,1
File Section,File,Resource Forking,Unknown,1,1,0,0,2,2,2,2,0.0,0.0,0.0,0,0.0,0.0,0.0,0.0,0.0,0.0,0.0,0,0,0,0,0,0,0,1
File Transfer Network Traffic,Network,File Transfer Protocols,Unknown,2,1,1,10,5,14,4,4,4.0,2.0,2.0,2,0.0,0.0,0.0,0.0,0.0,0.0,2.0,0,0,0,0,0,0,1,1
File Transfer Network Traffic,Network,Lateral Tool Transfer,Unknown,2,1,1,10,5,14,3,3,4.0,2.0,2.0,2,0.0,0.0,0.0,0.0,0.0,0.0,2.0,0,0,0,0,0,0,1,1
Firmware,System,Component Firmware,Unknown,4,3,0,0,8,7,2,2,0.0,0.0,0.0,0,0.0,0.0,0.0,0.0,0.0,0.0,0.0,0,0,0,0,0,0,0,1
Firmware,System,ROMMONkit,Unknown,4,3,0,0,8,7,3,3,0.0,0.0,0.0,0,0.0,0.0,0.0,0.0,0.0,0.0,0.0,0,0,0,0,0,0,0,1
Firmware,System,Rootkit,Unknown,4,3,0,0,8,7,3,2,0.0,0.0,0.0,0,0.0,0.0,0.0,0.0,0.0,0.0,0.0,0,0,0,0,0,0,0,1
Firmware,System,System Firmware,Unknown,4,3,0,0,8,7,3,3,0.0,0.0,0.0,0,0.0,0.0,0.0,0.0,0.0,0.0,0.0,0,0,0,0,0,0,0,1
Hardware Device,System,Audio Capture,Unknown,11,1,0,9,22,21,2,2,0.0,0.0,0.0,0,0.0,0.0,0.0,0.0,0.0,0.0,0.0,0,0,0,0,0,0,0,1
Hardware Device,System,Cloud Storage Object Discovery,Unknown,11,1,0,9,22,21,3,3,0.0,0.0,0.0,0,0.0,0.0,0.0,0.0,0.0,0.0,0.0,0,0,0,0,0,0,0,1
Hardware Device,System,Communication Through Removable Media,Unknown,11,1,0,9,22,21,2,2,0.0,0.0,0.0,0,0.0,0.0,0.0,0.0,0.0,0.0,0.0,0,0,0,0,0,0,0,1
Hardware Device,System,Compromise Hardware Supply Chain,Unknown,11,1,0,9,22,21,1,1,0.0,0.0,0.0,0,0.0,0.0,0.0,0.0,0.0,0.0,0.0,0,0,0,0,0,0,0,1
Hardware Device,System,Data from Removable Media,Unknown,11,1,0,9,22,21,2,2,0.0,0.0,0.0,0,0.0,0.0,0.0,0.0,0.0,0.0,0.0,0,0,0,0,0,0,0,1
Hardware Device,System,Exfiltration over USB,Unknown,11,1,0,9,22,21,2,2,0.0,0.0,0.0,0,0.0,0.0,0.0,0.0,0.0,0.0,0.0,0,0,0,0,0,0,0,1
Hardware Device,System,Hardware Additions,Unknown,11,1,0,9,22,21,1,1,0.0,0.0,0.0,0,0.0,0.0,0.0,0.0,0.0,0.0,0.0,0,0,0,0,0,0,0,1
Hardware Device,System,Keylogging,Unknown,11,1,0,9,22,21,2,2,0.0,0.0,0.0,0,0.0,0.0,0.0,0.0,0.0,0.0,0.0,0,0,0,0,0,0,0,1
Hardware Device,System,Multi-Factor Authentication Interception,Unknown,11,1,0,9,22,21,1,1,0.0,0.0,0.0,0,0.0,0.0,0.0,0.0,0.0,0.0,0.0,0,0,0,0,0,0,0,1
Hardware Device,System,Replication Through Removable Media,Unknown,11,1,0,9,22,21,2,2,0.0,0.0,0.0,0,0.0,0.0,0.0,0.0,0.0,0.0,0.0,0,0,0,0,0,0,0,1
Hardware Device,System,Video Capture,Unknown,11,1,0,9,22,21,3,3,0.0,0.0,0.0,0,0.0,0.0,0.0,0.0,0.0,0.0,0.0,0,0,0,0,0,0,0,1
Host,System,Remote Email Collection,Unknown,3,1,1,9,7,14,3,3,3.0,1.0,3.0,1,0.0,0.0,0.0,0.0,3.0,0.0,0.0,0,0,0,0,1,0,0,1
Host,System,Transport Agent,Unknown,3,1,1,9,7,14,5,4,3.0,1.0,3.0,1,0.0,0.0,0.0,0.0,3.0,0.0,0.0,0,0,0,0,1,0,0,1
Host,System,Web Shell,Unknown,3,1,1,9,7,14,5,2,3.0,1.0,3.0,1,0.0,0.0,0.0,0.0,3.0,0.0,0.0,0,0,0,0,1,0,0,1
Identifier,Identity,Drive-by Compromise,Unknown,4,1,0,6,8,11,6,1,0.0,0.0,0.0,0,0.0,0.0,0.0,0.0,0.0,0.0,0.0,0,0,0,0,0,0,0,1
Identifier,Identity,Malicious Link,Unknown,4,1,0,6,8,11,5,1,0.0,0.0,0.0,0,0.0,0.0,0.0,0.0,0.0,0.0,0.0,0,0,0,0,0,0,0,1
Identifier,Identity,Spearphishing Link,Unknown,4,1,0,6,8,11,8,1,0.0,0.0,0.0,0,0.0,0.0,0.0,0.0,0.0,0.0,0.0,0,0,0,0,0,0,0,1
Identifier,Identity,Spearphishing via Service,Unknown,4,1,0,6,8,11,3,1,0.0,0.0,0.0,0,0.0,0.0,0.0,0.0,0.0,0.0,0.0,0,0,0,0,0,0,0,1
Inbound Internet Network Traffic,Network,Direct Network Flood,Unknown,6,1,0,10,12,17,3,3,4.0,2.0,2.0,2,0.0,0.0,0.0,0.0,0.0,0.0,2.0,0,0,0,0,0,0,1,1
Inbound Internet Network Traffic,Network,Exploit Public-Facing Application,Unknown,6,1,0,10,12,17,5,3,4.0,2.0,2.0,2,0.0,0.0,0.0,0.0,0.0,0.0,2.0,0,0,0,0,0,0,1,1
Inbound Internet Network Traffic,Network,Reflection Amplification,Unknown,6,1,0,10,12,17,3,3,4.0,2.0,2.0,2,0.0,0.0,0.0,0.0,0.0,0.0,2.0,0,0,0,0,0,0,1,1
Inbound Internet Network Traffic,Network,Service Exhaustion Flood,Unknown,6,1,0,10,12,17,3,3,4.0,2.0,2.0,2,0.0,0.0,0.0,0.0,0.0,0.0,2.0,0,0,0,0,0,0,1,1
Inbound Internet Network Traffic,Network,Spearphishing Attachment,Unknown,6,1,0,10,12,17,6,4,4.0,2.0,2.0,2,0.0,0.0,0.0,0.0,0.0,0.0,2.0,0,0,0,0,0,0,1,1
Inbound Internet Network Traffic,Network,Spearphishing Link,Unknown,6,1,0,10,12,17,8,5,4.0,2.0,2.0,2,0.0,0.0,0.0,0.0,0.0,0.0,2.0,0,0,0,0,0,0,1,1
Inbound Network Traffic,Network,Direct Network Flood,Unknown,6,1,0,10,12,17,3,3,4.0,2.0,2.0,2,0.0,0.0,0.0,0.0,0.0,0.0,2.0,0,0,0,0,0,0,1,1
Inbound Network Traffic,Network,Exploit Public-Facing Application,Unknown,6,1,0,10,12,17,5,3,4.0,2.0,2.0,2,0.0,0.0,0.0,0.0,0.0,0.0,2.0,0,0,0,0,0,0,1,1
Inbound Network Traffic,Network,Reflection Amplification,Unknown,6,1,0,10,12,17,3,3,4.0,2.0,2.0,2,0.0,0.0,0.0,0.0,0.0,0.0,2.0,0,0,0,0,0,0,1,1
Inbound Network Traffic,Network,Service Exhaustion Flood,Unknown,6,1,0,10,12,17,3,3,4.0,2.0,2.0,2,0.0,0.0,0.0,0.0,0.0,0.0,2.0,0,0,0,0,0,0,1,1
Inbound Network Traffic,Network,Spearphishing Attachment,Unknown,6,1,0,10,12,17,6,4,4.0,2.0,2.0,2,0.0,0.0,0.0,0.0,0.0,0.0,2.0,0,0,0,0,0,0,1,1
Inbound Network Traffic,Network,Spearphishing Link,Unknown,6,1,0,10,12,17,8,5,4.0,2.0,2.0,2,0.0,0.0,0.0,0.0,0.0,0.0,2.0,0,0,0,0,0,0,1,1
Input Device,System,Audio Capture,Unknown,3,2,0,0,6,5,2,2,0.0,0.0,0.0,0,0.0,0.0,0.0,0.0,0.0,0.0,0.0,0,0,0,0,0,0,0,1
Input Device,System,Keylogging,Unknown,3,2,0,0,6,5,2,2,0.0,0.0,0.0,0,0.0,0.0,0.0,0.0,0.0,0.0,0.0,0,0,0,0,0,0,0,1
Input Device,System,Video Capture,Unknown,3,2,0,0,6,5,3,3,0.0,0.0,0.0,0,0.0,0.0,0.0,0.0,0.0,0.0,0.0,0,0,0,0,0,0,0,1
Intranet Administrative Network Traffic,Network,Accessibility Features,Unknown,8,1,0,0,16,9,7,3,4.0,2.0,2.0,2,0.0,0.0,0.0,0.0,0.0,0.0,2.0,0,0,0,0,0,0,1,1
Intranet Administrative Network Traffic,Network,Additional Cloud Credentials,Unknown,8,1,0,0,16,9,4,3,4.0,2.0,2.0,2,0.0,0.0,0.0,0.0,0.0,0.0,2.0,0,0,0,0,0,0,1,1
Intranet Administrative Network Traffic,Network,Credential Stuffing,Unknown,8,1,0,0,16,9,5,3,4.0,2.0,2.0,2,0.0,0.0,0.0,0.0,0.0,0.0,2.0,0,0,0,0,0,0,1,1
Intranet Administrative Network Traffic,Network,DCSync,Unknown,8,1,0,0,16,9,5,3,4.0,2.0,2.0,2,0.0,0.0,0.0,0.0,0.0,0.0,2.0,0,0,0,0,0,0,1,1
Intranet Administrative Network Traffic,Network,Password Spraying,Unknown,8,1,0,0,16,9,7,3,4.0,2.0,2.0,2,0.0,0.0,0.0,0.0,0.0,0.0,2.0,0,0,0,0,0,0,1,1
Intranet Administrative Network Traffic,Network,Rogue Domain Controller,Unknown,8,1,0,0,16,9,5,3,4.0,2.0,2.0,2,0.0,0.0,0.0,0.0,0.0,0.0,2.0,0,0,0,0,0,0,1,1
Intranet Administrative Network Traffic,Network,Windows Management Instrumentation,Unknown,8,1,0,0,16,9,5,3,4.0,2.0,2.0,2,0.0,0.0,0.0,0.0,0.0,0.0,2.0,0,0,0,0,0,0,1,1
Intranet Administrative Network Traffic,Network,Windows Management Instrumentation Event Subscription,Unknown,8,1,0,0,16,9,5,3,4.0,2.0,2.0,2,0.0,0.0,0.0,0.0,0.0,0.0,2.0,0,0,0,0,0,0,1,1
Intranet IPC Network Traffic,Network,BITS Jobs,Unknown,1,1,0,0,2,2,5,5,4.0,2.0,2.0,2,0.0,0.0,0.0,0.0,0.0,0.0,2.0,0,0,0,0,0,0,1,1
Intranet Network Traffic,Network,Accessibility Features,Unknown,15,1,0,0,30,16,7,3,4.0,2.0,2.0,2,0.0,0.0,0.0,0.0,0.0,0.0,2.0,0,0,0,0,0,0,1,1
Intranet Network Traffic,Network,Additional Cloud Credentials,Unknown,15,1,0,0,30,16,4,3,4.0,2.0,2.0,2,0.0,0.0,0.0,0.0,0.0,0.0,2.0,0,0,0,0,0,0,1,1
Intranet Network Traffic,Network,BITS Jobs,Unknown,15,1,0,0,30,16,5,5,4.0,2.0,2.0,2,0.0,0.0,0.0,0.0,0.0,0.0,2.0,0,0,0,0,0,0,1,1
Intranet Network Traffic,Network,Credential Stuffing,Unknown,15,1,0,0,30,16,5,3,4.0,2.0,2.0,2,0.0,0.0,0.0,0.0,0.0,0.0,2.0,0,0,0,0,0,0,1,1
Intranet Network Traffic,Network,DCSync,Unknown,15,1,0,0,30,16,5,3,4.0,2.0,2.0,2,0.0,0.0,0.0,0.0,0.0,0.0,2.0,0,0,0,0,0,0,1,1
Intranet Network Traffic,Network,Exploitation of Remote Services,Lateral Movement,15,1,0,0,30,16,5,2,4.0,2.0,2.0,2,0.0,0.0,0.0,0.0,0.0,0.0,2.0,0,0,0,0,0,0,1,1
Intranet Network Traffic,Network,Exploitation of Remote Services,Lateral Movement,15,1,0,0,30,16,5,2,4.0,2.0,2.0,2,0.0,0.0,0.0,0.0,0.0,0.0,2.0,0,0,0,0,0,0,1,1
Intranet Network Traffic,Network,Internal Proxy,Unknown,15,1,0,0,30,16,2,2,4.0,2.0,2.0,2,0.0,0.0,0.0,0.0,0.0,0.0,2.0,0,0,0,0,0,0,1,1
Intranet Network Traffic,Network,LLMNR/NBT-NS Poisoning and SMB Relay,Unknown,15,1,0,0,30,16,2,2,4.0,2.0,2.0,2,0.0,0.0,0.0,0.0,0.0,0.0,2.0,0,0,0,0,0,0,1,1
Intranet Network Traffic,Network,Lateral Tool Transfer,Unknown,15,1,0,0,30,16,3,3,4.0,2.0,2.0,2,0.0,0.0,0.0,0.0,0.0,0.0,2.0,0,0,0,0,0,0,1,1
Intranet Network Traffic,Network,Password Spraying,Unknown,15,1,0,0,30,16,7,3,4.0,2.0,2.0,2,0.0,0.0,0.0,0.0,0.0,0.0,2.0,0,0,0,0,0,0,1,1
Intranet Network Traffic,Network,Remote Services,Lateral Movement,15,1,0,0,30,16,2,2,4.0,2.0,2.0,2,0.0,0.0,0.0,0.0,0.0,0.0,2.0,0,0,0,0,0,0,1,1
Intranet Network Traffic,Network,Remote Services,Lateral Movement,15,1,0,0,30,16,2,2,4.0,2.0,2.0,2,0.0,0.0,0.0,0.0,0.0,0.0,2.0,0,0,0,0,0,0,1,1
Intranet Network Traffic,Network,Rogue Domain Controller,Unknown,15,1,0,0,30,16,5,3,4.0,2.0,2.0,2,0.0,0.0,0.0,0.0,0.0,0.0,2.0,0,0,0,0,0,0,1,1
Intranet Network Traffic,Network,Trusted Relationship,Defense Evasion,15,1,0,0,30,16,3,2,4.0,2.0,2.0,2,0.0,0.0,0.0,0.0,0.0,0.0,2.0,0,0,0,0,0,0,1,1
Intranet Network Traffic,Network,Trusted Relationship,Defense Evasion,15,1,0,0,30,16,3,2,4.0,2.0,2.0,2,0.0,0.0,0.0,0.0,0.0,0.0,2.0,0,0,0,0,0,0,1,1
Intranet Network Traffic,Network,Windows Management Instrumentation,Unknown,15,1,0,0,30,16,5,3,4.0,2.0,2.0,2,0.0,0.0,0.0,0.0,0.0,0.0,2.0,0,0,0,0,0,0,1,1
Intranet Network Traffic,Network,Windows Management Instrumentation Event Subscription,Unknown,15,1,0,0,30,16,5,3,4.0,2.0,2.0,2,0.0,0.0,0.0,0.0,0.0,0.0,2.0,0,0,0,0,0,0,1,1
Job Schedule,Configuration,Masquerade Task or Service,Unknown,2,1,0,0,4,3,1,1,0.0,0.0,0.0,0,0.0,0.0,0.0,0.0,0.0,0.0,0.0,0,0,0,0,0,0,0,1
Job Schedule,Configuration,Scheduled Task/Job,Unknown,2,1,0,0,4,3,5,1,0.0,0.0,0.0,0,0.0,0.0,0.0,0.0,0.0,0.0,0.0,0,0,0,0,0,0,0,1
Local User Account,Identity,Local Account,Unknown,2,1,1,6,5,10,4,4,0.0,0.0,0.0,0,0.0,0.0,0.0,0.0,0.0,0.0,0.0,0,0,0,0,0,0,0,1
Local User Account,Identity,Local Account,Unknown,2,1,1,6,5,10,4,4,0.0,0.0,0.0,0,0.0,0.0,0.0,0.0,0.0,0.0,0.0,0,0,0,0,0,0,0,1
Local User Account,Identity,Local Accounts,Unknown,2,1,1,6,5,10,2,2,0.0,0.0,0.0,0,0.0,0.0,0.0,0.0,0.0,0.0,0.0,0,0,0,0,0,0,0,1
Log,Configuration,Cached Domain Credentials,Unknown,14,1,0,0,28,15,2,1,0.0,0.0,0.0,0,0.0,0.0,0.0,0.0,0.0,0.0,0.0,0,0,0,0,0,0,0,1
Log,Configuration,Clear Command History,Unknown,14,1,0,0,28,15,2,2,0.0,0.0,0.0,0,0.0,0.0,0.0,0.0,0.0,0.0,0.0,0,0,0,0,0,0,0,1
Log,Configuration,Clear Windows Event Logs,Unknown,14,1,0,0,28,15,2,2,0.0,0.0,0.0,0,0.0,0.0,0.0,0.0,0.0,0.0,0.0,0,0,0,0,0,0,0,1
Log,Configuration,Create Process with Token,Privilege Escalation,14,1,0,0,28,15,4,2,0.0,0.0,0.0,0,0.0,0.0,0.0,0.0,0.0,0.0,0.0,0,0,0,0,0,0,0,1
Log,Configuration,Create Process with Token,Privilege Escalation,14,1,0,0,28,15,4,2,0.0,0.0,0.0,0,0.0,0.0,0.0,0.0,0.0,0.0,0.0,0,0,0,0,0,0,0,1
Log,Configuration,Create Process with Token,Credential Access,14,1,0,0,28,15,4,2,0.0,0.0,0.0,0,0.0,0.0,0.0,0.0,0.0,0.0,0.0,0,0,0,0,0,0,0,1
Log,Configuration,Create Process with Token,Credential Access,14,1,0,0,28,15,4,2,0.0,0.0,0.0,0,0.0,0.0,0.0,0.0,0.0,0.0,0.0,0,0,0,0,0,0,0,1
Log,Configuration,Credential Stuffing,Unknown,14,1,0,0,28,15,5,2,0.0,0.0,0.0,0,0.0,0.0,0.0,0.0,0.0,0.0,0.0,0,0,0,0,0,0,0,1
Log,Configuration,DCSync,Unknown,14,1,0,0,28,15,5,2,0.0,0.0,0.0,0,0.0,0.0,0.0,0.0,0.0,0.0,0.0,0,0,0,0,0,0,0,1
Log,Configuration,Deobfuscate/Decode Files or Information,Unknown,14,1,0,0,28,15,6,2,0.0,0.0,0.0,0,0.0,0.0,0.0,0.0,0.0,0.0,0.0,0,0,0,0,0,0,0,1
Log,Configuration,Forced Authentication,Unknown,14,1,0,0,28,15,3,2,0.0,0.0,0.0,0,0.0,0.0,0.0,0.0,0.0,0.0,0.0,0,0,0,0,0,0,0,1
Log,Configuration,Make and Impersonate Token,Defense Evasion,14,1,0,0,28,15,5,2,0.0,0.0,0.0,0,0.0,0.0,0.0,0.0,0.0,0.0,0.0,0,0,0,0,0,0,0,1
Log,Configuration,Make and Impersonate Token,Credential Access,14,1,0,0,28,15,5,2,0.0,0.0,0.0,0,0.0,0.0,0.0,0.0,0.0,0.0,0.0,0,0,0,0,0,0,0,1
Log,Configuration,Make and Impersonate Token,Credential Access,14,1,0,0,28,15,5,2,0.0,0.0,0.0,0,0.0,0.0,0.0,0.0,0.0,0.0,0.0,0,0,0,0,0,0,0,1
Log,Configuration,Password Guessing,Unknown,14,1,0,0,28,15,4,2,0.0,0.0,0.0,0,0.0,0.0,0.0,0.0,0.0,0.0,0.0,0,0,0,0,0,0,0,1
Log,Configuration,Password Spraying,Unknown,14,1,0,0,28,15,7,2,0.0,0.0,0.0,0,0.0,0.0,0.0,0.0,0.0,0.0,0.0,0,0,0,0,0,0,0,1
Log,Configuration,Sudo and Sudo Caching,Unknown,14,1,0,0,28,15,4,2,0.0,0.0,0.0,0,0.0,0.0,0.0,0.0,0.0,0.0,0.0,0,0,0,0,0,0,0,1
Log,Configuration,Trap,Unknown,14,1,0,0,28,15,6,2,0.0,0.0,0.0,0,0.0,0.0,0.0,0.0,0.0,0.0,0.0,0,0,0,0,0,0,0,1
Log,Configuration,Windows Management Instrumentation Event Subscription,Unknown,14,1,0,0,28,15,5,2,0.0,0.0,0.0,0,0.0,0.0,0.0,0.0,0.0,0.0,0.0,0,0,0,0,0,0,0,1
Mail Server,System,Remote Email Collection,Unknown,2,1,0,9,4,12,3,3,0.0,0.0,0.0,0,0.0,0.0,0.0,0.0,0.0,0.0,0.0,0,0,0,0,0,0,0,1
Mail Server,System,Transport Agent,Unknown,2,1,0,9,4,12,5,4,0.0,0.0,0.0,0,0.0,0.0,0.0,0.0,0.0,0.0,0.0,0,0,0,0,0,0,0,1
Network Node,System,Remote Email Collection,Unknown,3,4,0,9,6,16,3,3,0.0,0.0,0.0,0,0.0,0.0,0.0,0.0,0.0,0.0,0.0,0,0,0,0,0,0,0,1
Network Node,System,Transport Agent,Unknown,3,4,0,9,6,16,5,4,0.0,0.0,0.0,0,0.0,0.0,0.0,0.0,0.0,0.0,0.0,0,0,0,0,0,0,0,1
Network Node,System,Web Shell,Unknown,3,4,0,9,6,16,5,2,0.0,0.0,0.0,0,0.0,0.0,0.0,0.0,0.0,0.0,0.0,0,0,0,0,0,0,0,1
Network Resource,System,Confluence,Unknown,8,2,0,0,16,10,1,1,0.0,0.0,0.0,0,0.0,0.0,0.0,0.0,0.0,0.0,0.0,0,0,0,0,0,0,0,1
Network Resource,System,Data from Network Shared Drive,Unknown,8,2,0,0,16,10,1,1,0.0,0.0,0.0,0,0.0,0.0,0.0,0.0,0.0,0.0,0.0,0,0,0,0,0,0,0,1
Network Resource,System,External Defacement,Unknown,8,2,0,0,16,10,1,1,0.0,0.0,0.0,0,0.0,0.0,0.0,0.0,0.0,0.0,0.0,0,0,0,0,0,0,0,1
Network Resource,System,Network Logon Script,Unknown,8,2,0,0,16,10,3,1,0.0,0.0,0.0,0,0.0,0.0,0.0,0.0,0.0,0.0,0.0,0,0,0,0,0,0,0,1
Network Resource,System,Network Share Connection Removal,Unknown,8,2,0,0,16,10,1,1,0.0,0.0,0.0,0,0.0,0.0,0.0,0.0,0.0,0.0,0.0,0,0,0,0,0,0,0,1
Network Resource,System,Remote Data Staging,Unknown,8,2,0,0,16,10,1,1,0.0,0.0,0.0,0,0.0,0.0,0.0,0.0,0.0,0.0,0.0,0,0,0,0,0,0,0,1
Network Resource,System,Sharepoint,Unknown,8,2,0,0,16,10,1,1,0.0,0.0,0.0,0,0.0,0.0,0.0,0.0,0.0,0.0,0.0,0,0,0,0,0,0,0,1
Network Resource,System,Taint Shared Content,Unknown,8,2,0,0,16,10,1,1,0.0,0.0,0.0,0,0.0,0.0,0.0,0.0,0.0,0.0,0.0,0,0,0,0,0,0,0,1
Network Traffic,Network,Accessibility Features,Unknown,72,9,1,10,145,92,7,3,4.0,2.0,2.0,2,0.0,0.0,0.0,0.0,0.0,0.0,2.0,0,0,0,0,0,0,1,1
Network Traffic,Network,Additional Cloud Credentials,Unknown,72,9,1,10,145,92,4,3,4.0,2.0,2.0,2,0.0,0.0,0.0,0.0,0.0,0.0,2.0,0,0,0,0,0,0,1,1
Network Traffic,Network,Adversary-in-the-Middle,Unknown,72,9,1,10,145,92,1,1,4.0,2.0,2.0,2,0.0,0.0,0.0,0.0,0.0,0.0,2.0,0,0,0,0,0,0,1,1
Network Traffic,Network,Application Access Token,Credential Access,72,9,1,10,145,92,3,1,4.0,2.0,2.0,2,0.0,0.0,0.0,0.0,0.0,0.0,2.0,0,0,0,0,0,0,1,1
Network Traffic,Network,Application Access Token,Credential Access,72,9,1,10,145,92,3,1,4.0,2.0,2.0,2,0.0,0.0,0.0,0.0,0.0,0.0,2.0,0,0,0,0,0,0,1,1
Network Traffic,Network,Application Layer Protocol,Unknown,72,9,1,10,145,92,5,3,4.0,2.0,2.0,2,0.0,0.0,0.0,0.0,0.0,0.0,2.0,0,0,0,0,0,0,1,1
Network Traffic,Network,Asymmetric Cryptography,Unknown,72,9,1,10,145,92,5,3,4.0,2.0,2.0,2,0.0,0.0,0.0,0.0,0.0,0.0,2.0,0,0,0,0,0,0,1,1
Network Traffic,Network,Automated Exfiltration,Unknown,72,9,1,10,145,92,1,1,4.0,2.0,2.0,2,0.0,0.0,0.0,0.0,0.0,0.0,2.0,0,0,0,0,0,0,1,1
Network Traffic,Network,BITS Jobs,Unknown,72,9,1,10,145,92,5,5,4.0,2.0,2.0,2,0.0,0.0,0.0,0.0,0.0,0.0,2.0,0,0,0,0,0,0,1,1
Network Traffic,Network,Browser Session Hijacking,Lateral Movement,72,9,1,10,145,92,1,1,4.0,2.0,2.0,2,0.0,0.0,0.0,0.0,0.0,0.0,2.0,0,0,0,0,0,0,1,1
Network Traffic,Network,CMSTP,Unknown,72,9,1,10,145,92,3,1,4.0,2.0,2.0,2,0.0,0.0,0.0,0.0,0.0,0.0,2.0,0,0,0,0,0,0,1,1
Network Traffic,Network,Credential Stuffing,Unknown,72,9,1,10,145,92,5,3,4.0,2.0,2.0,2,0.0,0.0,0.0,0.0,0.0,0.0,2.0,0,0,0,0,0,0,1,1
Network Traffic,Network,DCSync,Unknown,72,9,1,10,145,92,5,3,4.0,2.0,2.0,2,0.0,0.0,0.0,0.0,0.0,0.0,2.0,0,0,0,0,0,0,1,1
Network Traffic,Network,DHCP Spoofing,Unknown,72,9,1,10,145,92,1,1,4.0,2.0,2.0,2,0.0,0.0,0.0,0.0,0.0,0.0,2.0,0,0,0,0,0,0,1,1
Network Traffic,Network,DNS,Unknown,72,9,1,10,145,92,5,5,4.0,2.0,2.0,2,0.0,0.0,0.0,0.0,0.0,0.0,2.0,0,0,0,0,0,0,1,1
Network Traffic,Network,Data Encoding,Unknown,72,9,1,10,145,92,3,3,4.0,2.0,2.0,2,0.0,0.0,0.0,0.0,0.0,0.0,2.0,0,0,0,0,0,0,1,1
Network Traffic,Network,Data Obfuscation,Unknown,72,9,1,10,145,92,3,3,4.0,2.0,2.0,2,0.0,0.0,0.0,0.0,0.0,0.0,2.0,0,0,0,0,0,0,1,1
Network Traffic,Network,Data Transfer Size Limits,Unknown,72,9,1,10,145,92,1,1,4.0,2.0,2.0,2,0.0,0.0,0.0,0.0,0.0,0.0,2.0,0,0,0,0,0,0,1,1
Network Traffic,Network,Direct Network Flood,Unknown,72,9,1,10,145,92,3,3,4.0,2.0,2.0,2,0.0,0.0,0.0,0.0,0.0,0.0,2.0,0,0,0,0,0,0,1,1
Network Traffic,Network,Domain Fronting,Unknown,72,9,1,10,145,92,3,3,4.0,2.0,2.0,2,0.0,0.0,0.0,0.0,0.0,0.0,2.0,0,0,0,0,0,0,1,1
Network Traffic,Network,Drive-by Compromise,Unknown,72,9,1,10,145,92,6,4,4.0,2.0,2.0,2,0.0,0.0,0.0,0.0,0.0,0.0,2.0,0,0,0,0,0,0,1,1
Network Traffic,Network,Dynamic Resolution,Unknown,72,9,1,10,145,92,5,5,4.0,2.0,2.0,2,0.0,0.0,0.0,0.0,0.0,0.0,2.0,0,0,0,0,0,0,1,1
Network Traffic,Network,Encrypted Channel,Unknown,72,9,1,10,145,92,3,3,4.0,2.0,2.0,2,0.0,0.0,0.0,0.0,0.0,0.0,2.0,0,0,0,0,0,0,1,1
Network Traffic,Network,Exfiltration Over Alternative Protocol,Unknown,72,9,1,10,145,92,1,1,4.0,2.0,2.0,2,0.0,0.0,0.0,0.0,0.0,0.0,2.0,0,0,0,0,0,0,1,1
Network Traffic,Network,Exfiltration Over Asymmetric Encrypted Non-C2 Protocol,Unknown,72,9,1,10,145,92,5,3,4.0,2.0,2.0,2,0.0,0.0,0.0,0.0,0.0,0.0,2.0,0,0,0,0,0,0,1,1
Network Traffic,Network,Exfiltration Over C2 Channel,Unknown,72,9,1,10,145,92,3,1,4.0,2.0,2.0,2,0.0,0.0,0.0,0.0,0.0,0.0,2.0,0,0,0,0,0,0,1,1
Network Traffic,Network,Exfiltration Over Other Network Medium,Unknown,72,9,1,10,145,92,1,1,4.0,2.0,2.0,2,0.0,0.0,0.0,0.0,0.0,0.0,2.0,0,0,0,0,0,0,1,1
Network Traffic,Network,Exfiltration Over Symmetric Encrypted Non-C2 Protocol,Unknown,72,9,1,10,145,92,3,3,4.0,2.0,2.0,2,0.0,0.0,0.0,0.0,0.0,0.0,2.0,0,0,0,0,0,0,1,1
Network Traffic,Network,Exfiltration Over Unencrypted Non-C2 Protocol,Unknown,72,9,1,10,145,92,3,3,4.0,2.0,2.0,2,0.0,0.0,0.0,0.0,0.0,0.0,2.0,0,0,0,0,0,0,1,1
Network Traffic,Network,Exfiltration Over Web Service,Unknown,72,9,1,10,145,92,3,3,4.0,2.0,2.0,2,0.0,0.0,0.0,0.0,0.0,0.0,2.0,0,0,0,0,0,0,1,1
Network Traffic,Network,Exfiltration to Cloud Storage,Unknown,72,9,1,10,145,92,3,3,4.0,2.0,2.0,2,0.0,0.0,0.0,0.0,0.0,0.0,2.0,0,0,0,0,0,0,1,1
Network Traffic,Network,Exfiltration to Code Repository,Unknown,72,9,1,10,145,92,3,3,4.0,2.0,2.0,2,0.0,0.0,0.0,0.0,0.0,0.0,2.0,0,0,0,0,0,0,1,1
Network Traffic,Network,Exploit Public-Facing Application,Unknown,72,9,1,10,145,92,5,3,4.0,2.0,2.0,2,0.0,0.0,0.0,0.0,0.0,0.0,2.0,0,0,0,0,0,0,1,1
Network Traffic,Network,Exploitation of Remote Services,Lateral Movement,72,9,1,10,145,92,5,2,4.0,2.0,2.0,2,0.0,0.0,0.0,0.0,0.0,0.0,2.0,0,0,0,0,0,0,1,1
Network Traffic,Network,Exploitation of Remote Services,Lateral Movement,72,9,1,10,145,92,5,2,4.0,2.0,2.0,2,0.0,0.0,0.0,0.0,0.0,0.0,2.0,0,0,0,0,0,0,1,1
Network Traffic,Network,External Proxy,Unknown,72,9,1,10,145,92,3,3,4.0,2.0,2.0,2,0.0,0.0,0.0,0.0,0.0,0.0,2.0,0,0,0,0,0,0,1,1
Network Traffic,Network,Fallback Channels,Unknown,72,9,1,10,145,92,3,3,4.0,2.0,2.0,2,0.0,0.0,0.0,0.0,0.0,0.0,2.0,0,0,0,0,0,0,1,1
Network Traffic,Network,File Transfer Protocols,Unknown,72,9,1,10,145,92,4,4,4.0,2.0,2.0,2,0.0,0.0,0.0,0.0,0.0,0.0,2.0,0,0,0,0,0,0,1,1
Network Traffic,Network,Ingress Tool Transfer,Unknown,72,9,1,10,145,92,3,3,4.0,2.0,2.0,2,0.0,0.0,0.0,0.0,0.0,0.0,2.0,0,0,0,0,0,0,1,1
Network Traffic,Network,Internal Proxy,Unknown,72,9,1,10,145,92,2,2,4.0,2.0,2.0,2,0.0,0.0,0.0,0.0,0.0,0.0,2.0,0,0,0,0,0,0,1,1
Network Traffic,Network,Kerberoasting,Unknown,72,9,1,10,145,92,2,2,4.0,2.0,2.0,2,0.0,0.0,0.0,0.0,0.0,0.0,2.0,0,0,0,0,0,0,1,1
Network Traffic,Network,LLMNR/NBT-NS Poisoning and SMB Relay,Unknown,72,9,1,10,145,92,2,2,4.0,2.0,2.0,2,0.0,0.0,0.0,0.0,0.0,0.0,2.0,0,0,0,0,0,0,1,1
Network Traffic,Network,Lateral Tool Transfer,Unknown,72,9,1,10,145,92,3,3,4.0,2.0,2.0,2,0.0,0.0,0.0,0.0,0.0,0.0,2.0,0,0,0,0,0,0,1,1
Network Traffic,Network,Mail Protocols,Unknown,72,9,1,10,145,92,3,3,4.0,2.0,2.0,2,0.0,0.0,0.0,0.0,0.0,0.0,2.0,0,0,0,0,0,0,1,1
Network Traffic,Network,Malicious Link,Unknown,72,9,1,10,145,92,5,4,4.0,2.0,2.0,2,0.0,0.0,0.0,0.0,0.0,0.0,2.0,0,0,0,0,0,0,1,1
Network Traffic,Network,Multi-Stage Channels,Unknown,72,9,1,10,145,92,3,3,4.0,2.0,2.0,2,0.0,0.0,0.0,0.0,0.0,0.0,2.0,0,0,0,0,0,0,1,1
Network Traffic,Network,Multi-hop Proxy,Unknown,72,9,1,10,145,92,3,3,4.0,2.0,2.0,2,0.0,0.0,0.0,0.0,0.0,0.0,2.0,0,0,0,0,0,0,1,1
Network Traffic,Network,Non-Application Layer Protocol,Unknown,72,9,1,10,145,92,3,3,4.0,2.0,2.0,2,0.0,0.0,0.0,0.0,0.0,0.0,2.0,0,0,0,0,0,0,1,1
Network Traffic,Network,Non-Standard Port,Unknown,72,9,1,10,145,92,3,3,4.0,2.0,2.0,2,0.0,0.0,0.0,0.0,0.0,0.0,2.0,0,0,0,0,0,0,1,1
Network Traffic,Network,Password Spraying,Unknown,72,9,1,10,145,92,7,3,4.0,2.0,2.0,2,0.0,0.0,0.0,0.0,0.0,0.0,2.0,0,0,0,0,0,0,1,1
Network Traffic,Network,Port Knocking,Unknown,72,9,1,10,145,92,1,1,4.0,2.0,2.0,2,0.0,0.0,0.0,0.0,0.0,0.0,2.0,0,0,0,0,0,0,1,1
Network Traffic,Network,Protocol Tunneling,Unknown,72,9,1,10,145,92,3,3,4.0,2.0,2.0,2,0.0,0.0,0.0,0.0,0.0,0.0,2.0,0,0,0,0,0,0,1,1
Network Traffic,Network,Reflection Amplification,Unknown,72,9,1,10,145,92,3,3,4.0,2.0,2.0,2,0.0,0.0,0.0,0.0,0.0,0.0,2.0,0,0,0,0,0,0,1,1
Network Traffic,Network,Remote Access Tools,Unknown,72,9,1,10,145,92,3,3,4.0,2.0,2.0,2,0.0,0.0,0.0,0.0,0.0,0.0,2.0,0,0,0,0,0,0,1,1
Network Traffic,Network,Remote Desktop Protocol,Lateral Movement,72,9,1,10,145,92,2,1,4.0,2.0,2.0,2,0.0,0.0,0.0,0.0,0.0,0.0,2.0,0,0,0,0,0,0,1,1
Network Traffic,Network,Remote Desktop Protocol,Lateral Movement,72,9,1,10,145,92,2,1,4.0,2.0,2.0,2,0.0,0.0,0.0,0.0,0.0,0.0,2.0,0,0,0,0,0,0,1,1
Network Traffic,Network,Remote Service Session Hijacking,Lateral Movement,72,9,1,10,145,92,2,1,4.0,2.0,2.0,2,0.0,0.0,0.0,0.0,0.0,0.0,2.0,0,0,0,0,0,0,1,1
Network Traffic,Network,Remote Service Session Hijacking,Lateral Movement,72,9,1,10,145,92,2,1,4.0,2.0,2.0,2,0.0,0.0,0.0,0.0,0.0,0.0,2.0,0,0,0,0,0,0,1,1
Network Traffic,Network,Remote Service Session Hijacking,Lateral Movement,72,9,1,10,145,92,2,1,4.0,2.0,2.0,2,0.0,0.0,0.0,0.0,0.0,0.0,2.0,0,0,0,0,0,0,1,1
Network Traffic,Network,Remote Services,Lateral Movement,72,9,1,10,145,92,2,2,4.0,2.0,2.0,2,0.0,0.0,0.0,0.0,0.0,0.0,2.0,0,0,0,0,0,0,1,1
Network Traffic,Network,Remote Services,Lateral Movement,72,9,1,10,145,92,2,2,4.0,2.0,2.0,2,0.0,0.0,0.0,0.0,0.0,0.0,2.0,0,0,0,0,0,0,1,1
Network Traffic,Network,Remote System Discovery,Unknown,72,9,1,10,145,92,5,1,4.0,2.0,2.0,2,0.0,0.0,0.0,0.0,0.0,0.0,2.0,0,0,0,0,0,0,1,1
Network Traffic,Network,Rogue Domain Controller,Unknown,72,9,1,10,145,92,5,3,4.0,2.0,2.0,2,0.0,0.0,0.0,0.0,0.0,0.0,2.0,0,0,0,0,0,0,1,1
Network Traffic,Network,SSH,Lateral Movement,72,9,1,10,145,92,2,1,4.0,2.0,2.0,2,0.0,0.0,0.0,0.0,0.0,0.0,2.0,0,0,0,0,0,0,1,1
Network Traffic,Network,SSH,Lateral Movement,72,9,1,10,145,92,2,1,4.0,2.0,2.0,2,0.0,0.0,0.0,0.0,0.0,0.0,2.0,0,0,0,0,0,0,1,1
Network Traffic,Network,Scheduled Transfer,Unknown,72,9,1,10,145,92,1,1,4.0,2.0,2.0,2,0.0,0.0,0.0,0.0,0.0,0.0,2.0,0,0,0,0,0,0,1,1
Network Traffic,Network,Service Exhaustion Flood,Unknown,72,9,1,10,145,92,3,3,4.0,2.0,2.0,2,0.0,0.0,0.0,0.0,0.0,0.0,2.0,0,0,0,0,0,0,1,1
Network Traffic,Network,Spearphishing Attachment,Unknown,72,9,1,10,145,92,6,4,4.0,2.0,2.0,2,0.0,0.0,0.0,0.0,0.0,0.0,2.0,0,0,0,0,0,0,1,1
Network Traffic,Network,Spearphishing Link,Unknown,72,9,1,10,145,92,8,5,4.0,2.0,2.0,2,0.0,0.0,0.0,0.0,0.0,0.0,2.0,0,0,0,0,0,0,1,1
Network Traffic,Network,Symmetric Cryptography,Unknown,72,9,1,10,145,92,3,3,4.0,2.0,2.0,2,0.0,0.0,0.0,0.0,0.0,0.0,2.0,0,0,0,0,0,0,1,1
Network Traffic,Network,TFTP Boot,Unknown,72,9,1,10,145,92,1,1,4.0,2.0,2.0,2,0.0,0.0,0.0,0.0,0.0,0.0,2.0,0,0,0,0,0,0,1,1
Network Traffic,Network,Traffic Signaling,Unknown,72,9,1,10,145,92,1,1,4.0,2.0,2.0,2,0.0,0.0,0.0,0.0,0.0,0.0,2.0,0,0,0,0,0,0,1,1
Network Traffic,Network,Transmitted Data Manipulation,Unknown,72,9,1,10,145,92,1,1,4.0,2.0,2.0,2,0.0,0.0,0.0,0.0,0.0,0.0,2.0,0,0,0,0,0,0,1,1
Network Traffic,Network,Trusted Relationship,Defense Evasion,72,9,1,10,145,92,3,2,4.0,2.0,2.0,2,0.0,0.0,0.0,0.0,0.0,0.0,2.0,0,0,0,0,0,0,1,1
Network Traffic,Network,Trusted Relationship,Defense Evasion,72,9,1,10,145,92,3,2,4.0,2.0,2.0,2,0.0,0.0,0.0,0.0,0.0,0.0,2.0,0,0,0,0,0,0,1,1
Network Traffic,Network,Web Protocols,Unknown,72,9,1,10,145,92,5,3,4.0,2.0,2.0,2,0.0,0.0,0.0,0.0,0.0,0.0,2.0,0,0,0,0,0,0,1,1
Network Traffic,Network,Web Service,Unknown,72,9,1,10,145,92,3,3,4.0,2.0,2.0,2,0.0,0.0,0.0,0.0,0.0,0.0,2.0,0,0,0,0,0,0,1,1
Network Traffic,Network,Web Session Cookie,Credential Access,72,9,1,10,145,92,2,1,4.0,2.0,2.0,2,0.0,0.0,0.0,0.0,0.0,0.0,2.0,0,0,0,0,0,0,1,1
Network Traffic,Network,Windows Management Instrumentation,Unknown,72,9,1,10,145,92,5,3,4.0,2.0,2.0,2,0.0,0.0,0.0,0.0,0.0,0.0,2.0,0,0,0,0,0,0,1,1
Network Traffic,Network,Windows Management Instrumentation Event Subscription,Unknown,72,9,1,10,145,92,5,3,4.0,2.0,2.0,2,0.0,0.0,0.0,0.0,0.0,0.0,2.0,0,0,0,0,0,0,1,1
Operating System File,File,Clear Linux or Mac System Logs,Unknown,9,1,1,6,19,17,2,2,0.0,0.0,0.0,0,0.0,0.0,0.0,0.0,0.0,0.0,0.0,0,0,0,0,0,0,0,1
Operating System File,File,Dynamic Linker Hijacking,Lateral Movement,9,1,1,6,19,17,2,2,0.0,0.0,0.0,0,0.0,0.0,0.0,0.0,0.0,0.0,0.0,0,0,0,0,0,0,0,1
Operating System File,File,Pluggable Authentication Modules,Unknown,9,1,1,6,19,17,2,2,0.0,0.0,0.0,0,0.0,0.0,0.0,0.0,0.0,0.0,0.0,0,0,0,0,0,0,0,1
Operating System File,File,Proc Filesystem,Unknown,9,1,1,6,19,17,2,2,0.0,0.0,0.0,0,0.0,0.0,0.0,0.0,0.0,0.0,0.0,0,0,0,0,0,0,0,1
Operating System File,File,Proc Memory,Unknown,9,1,1,6,19,17,4,4,0.0,0.0,0.0,0,0.0,0.0,0.0,0.0,0.0,0.0,0.0,0,0,0,0,0,0,0,1
Operating System File,File,Proc Memory,Unknown,9,1,1,6,19,17,4,4,0.0,0.0,0.0,0,0.0,0.0,0.0,0.0,0.0,0.0,0.0,0,0,0,0,0,0,0,1
Operating System File,File,Remote System Discovery,Unknown,9,1,1,6,19,17,5,2,0.0,0.0,0.0,0,0.0,0.0,0.0,0.0,0.0,0.0,0.0,0,0,0,0,0,0,0,1
Operating System File,File,Rename Legitimate Utilities,Unknown,9,1,1,6,19,17,4,4,0.0,0.0,0.0,0,0.0,0.0,0.0,0.0,0.0,0.0,0.0,0,0,0,0,0,0,0,1
Operating System File,File,Sudo and Sudo Caching,Unknown,9,1,1,6,19,17,4,2,0.0,0.0,0.0,0,0.0,0.0,0.0,0.0,0.0,0.0,0.0,0,0,0,0,0,0,0,1
Operating System File,File,Systemd Service,Unknown,9,1,1,6,19,17,4,4,0.0,0.0,0.0,0,0.0,0.0,0.0,0.0,0.0,0.0,0.0,0,0,0,0,0,0,0,1
Operating System File,File,Systemd Service,Unknown,9,1,1,6,19,17,4,4,0.0,0.0,0.0,0,0.0,0.0,0.0,0.0,0.0,0.0,0.0,0,0,0,0,0,0,0,1
Operating System Process,Process,Disable or Modify Tools,Unknown,3,1,0,7,6,11,2,2,3.0,1.0,3.0,1,0.0,0.0,0.0,0.0,3.0,0.0,0.0,0,0,0,0,1,0,0,1
Operating System Process,Process,Scheduled Task,Unknown,3,1,0,7,6,11,2,2,3.0,1.0,3.0,1,0.0,0.0,0.0,0.0,3.0,0.0,0.0,0,0,0,0,1,0,0,1
Operating System Process,Process,Scheduled Task/Job,Unknown,3,1,0,7,6,11,5,4,3.0,1.0,3.0,1,0.0,0.0,0.0,0.0,3.0,0.0,0.0,0,0,0,0,1,0,0,1
Outbound Internet DNS Lookup Traffic,Network,DNS,Unknown,2,4,0,0,4,6,5,5,9.5,4.0,3.5,3,0.0,0.0,3.5,0.0,0.0,0.0,2.0,0,1,0,0,0,0,1,1
Outbound Internet DNS Lookup Traffic,Network,Dynamic Resolution,Unknown,2,4,0,0,4,6,5,5,9.5,4.0,3.5,3,0.0,0.0,3.5,0.0,0.0,0.0,2.0,0,1,0,0,0,0,1,1
Outbound Internet Network Traffic,Network,Application Layer Protocol,Unknown,31,1,0,10,62,42,5,3,4.0,2.0,2.0,2,0.0,0.0,0.0,0.0,0.0,0.0,2.0,0,0,0,0,0,0,1,1
Outbound Internet Network Traffic,Network,Asymmetric Cryptography,Unknown,31,1,0,10,62,42,5,3,4.0,2.0,2.0,2,0.0,0.0,0.0,0.0,0.0,0.0,2.0,0,0,0,0,0,0,1,1
Outbound Internet Network Traffic,Network,BITS Jobs,Unknown,31,1,0,10,62,42,5,5,4.0,2.0,2.0,2,0.0,0.0,0.0,0.0,0.0,0.0,2.0,0,0,0,0,0,0,1,1
Outbound Internet Network Traffic,Network,DNS,Unknown,31,1,0,10,62,42,5,5,4.0,2.0,2.0,2,0.0,0.0,0.0,0.0,0.0,0.0,2.0,0,0,0,0,0,0,1,1
Outbound Internet Network Traffic,Network,Data Encoding,Unknown,31,1,0,10,62,42,3,3,4.0,2.0,2.0,2,0.0,0.0,0.0,0.0,0.0,0.0,2.0,0,0,0,0,0,0,1,1
Outbound Internet Network Traffic,Network,Data Obfuscation,Unknown,31,1,0,10,62,42,3,3,4.0,2.0,2.0,2,0.0,0.0,0.0,0.0,0.0,0.0,2.0,0,0,0,0,0,0,1,1
Outbound Internet Network Traffic,Network,Domain Fronting,Unknown,31,1,0,10,62,42,3,3,4.0,2.0,2.0,2,0.0,0.0,0.0,0.0,0.0,0.0,2.0,0,0,0,0,0,0,1,1
Outbound Internet Network Traffic,Network,Drive-by Compromise,Unknown,31,1,0,10,62,42,6,4,4.0,2.0,2.0,2,0.0,0.0,0.0,0.0,0.0,0.0,2.0,0,0,0,0,0,0,1,1
Outbound Internet Network Traffic,Network,Dynamic Resolution,Unknown,31,1,0,10,62,42,5,5,4.0,2.0,2.0,2,0.0,0.0,0.0,0.0,0.0,0.0,2.0,0,0,0,0,0,0,1,1
Outbound Internet Network Traffic,Network,Encrypted Channel,Unknown,31,1,0,10,62,42,3,3,4.0,2.0,2.0,2,0.0,0.0,0.0,0.0,0.0,0.0,2.0,0,0,0,0,0,0,1,1
Outbound Internet Network Traffic,Network,Exfiltration Over Asymmetric Encrypted Non-C2 Protocol,Unknown,31,1,0,10,62,42,5,3,4.0,2.0,2.0,2,0.0,0.0,0.0,0.0,0.0,0.0,2.0,0,0,0,0,0,0,1,1
Outbound Internet Network Traffic,Network,Exfiltration Over Symmetric Encrypted Non-C2 Protocol,Unknown,31,1,0,10,62,42,3,3,4.0,2.0,2.0,2,0.0,0.0,0.0,0.0,0.0,0.0,2.0,0,0,0,0,0,0,1,1
Outbound Internet Network Traffic,Network,Exfiltration Over Unencrypted Non-C2 Protocol,Unknown,31,1,0,10,62,42,3,3,4.0,2.0,2.0,2,0.0,0.0,0.0,0.0,0.0,0.0,2.0,0,0,0,0,0,0,1,1
Outbound Internet Network Traffic,Network,Exfiltration Over Web Service,Unknown,31,1,0,10,62,42,3,3,4.0,2.0,2.0,2,0.0,0.0,0.0,0.0,0.0,0.0,2.0,0,0,0,0,0,0,1,1
Outbound Internet Network Traffic,Network,Exfiltration to Cloud Storage,Unknown,31,1,0,10,62,42,3,3,4.0,2.0,2.0,2,0.0,0.0,0.0,0.0,0.0,0.0,2.0,0,0,0,0,0,0,1,1
Outbound Internet Network Traffic,Network,Exfiltration to Code Repository,Unknown,31,1,0,10,62,42,3,3,4.0,2.0,2.0,2,0.0,0.0,0.0,0.0,0.0,0.0,2.0,0,0,0,0,0,0,1,1
Outbound Internet Network Traffic,Network,External Proxy,Unknown,31,1,0,10,62,42,3,3,4.0,2.0,2.0,2,0.0,0.0,0.0,0.0,0.0,0.0,2.0,0,0,0,0,0,0,1,1
Outbound Internet Network Traffic,Network,Fallback Channels,Unknown,31,1,0,10,62,42,3,3,4.0,2.0,2.0,2,0.0,0.0,0.0,0.0,0.0,0.0,2.0,0,0,0,0,0,0,1,1
Outbound Internet Network Traffic,Network,File Transfer Protocols,Unknown,31,1,0,10,62,42,4,4,4.0,2.0,2.0,2,0.0,0.0,0.0,0.0,0.0,0.0,2.0,0,0,0,0,0,0,1,1
Outbound Internet Network Traffic,Network,Ingress Tool Transfer,Unknown,31,1,0,10,62,42,3,3,4.0,2.0,2.0,2,0.0,0.0,0.0,0.0,0.0,0.0,2.0,0,0,0,0,0,0,1,1
Outbound Internet Network Traffic,Network,Mail Protocols,Unknown,31,1,0,10,62,42,3,3,4.0,2.0,2.0,2,0.0,0.0,0.0,0.0,0.0,0.0,2.0,0,0,0,0,0,0,1,1
Outbound Internet Network Traffic,Network,Malicious Link,Unknown,31,1,0,10,62,42,5,4,4.0,2.0,2.0,2,0.0,0.0,0.0,0.0,0.0,0.0,2.0,0,0,0,0,0,0,1,1
Outbound Internet Network Traffic,Network,Multi-Stage Channels,Unknown,31,1,0,10,62,42,3,3,4.0,2.0,2.0,2,0.0,0.0,0.0,0.0,0.0,0.0,2.0,0,0,0,0,0,0,1,1
Outbound Internet Network Traffic,Network,Multi-hop Proxy,Unknown,31,1,0,10,62,42,3,3,4.0,2.0,2.0,2,0.0,0.0,0.0,0.0,0.0,0.0,2.0,0,0,0,0,0,0,1,1
Outbound Internet Network Traffic,Network,Non-Application Layer Protocol,Unknown,31,1,0,10,62,42,3,3,4.0,2.0,2.0,2,0.0,0.0,0.0,0.0,0.0,0.0,2.0,0,0,0,0,0,0,1,1
Outbound Internet Network Traffic,Network,Non-Standard Port,Unknown,31,1,0,10,62,42,3,3,4.0,2.0,2.0,2,0.0,0.0,0.0,0.0,0.0,0.0,2.0,0,0,0,0,0,0,1,1
Outbound Internet Network Traffic,Network,Protocol Tunneling,Unknown,31,1,0,10,62,42,3,3,4.0,2.0,2.0,2,0.0,0.0,0.0,0.0,0.0,0.0,2.0,0,0,0,0,0,0,1,1
Outbound Internet Network Traffic,Network,Remote Access Tools,Unknown,31,1,0,10,62,42,3,3,4.0,2.0,2.0,2,0.0,0.0,0.0,0.0,0.0,0.0,2.0,0,0,0,0,0,0,1,1
Outbound Internet Network Traffic,Network,Symmetric Cryptography,Unknown,31,1,0,10,62,42,3,3,4.0,2.0,2.0,2,0.0,0.0,0.0,0.0,0.0,0.0,2.0,0,0,0,0,0,0,1,1
Outbound Internet Network Traffic,Network,Web Protocols,Unknown,31,1,0,10,62,42,5,3,4.0,2.0,2.0,2,0.0,0.0,0.0,0.0,0.0,0.0,2.0,0,0,0,0,0,0,1,1
Outbound Internet Network Traffic,Network,Web Service,Unknown,31,1,0,10,62,42,3,3,4.0,2.0,2.0,2,0.0,0.0,0.0,0.0,0.0,0.0,2.0,0,0,0,0,0,0,1,1
Outbound Network Traffic,Network,Application Layer Protocol,Unknown,31,1,1,10,63,43,5,3,4.0,2.0,2.0,2,0.0,0.0,0.0,0.0,0.0,0.0,2.0,0,0,0,0,0,0,1,1
Outbound Network Traffic,Network,Asymmetric Cryptography,Unknown,31,1,1,10,63,43,5,3,4.0,2.0,2.0,2,0.0,0.0,0.0,0.0,0.0,0.0,2.0,0,0,0,0,0,0,1,1
Outbound Network Traffic,Network,BITS Jobs,Unknown,31,1,1,10,63,43,5,5,4.0,2.0,2.0,2,0.0,0.0,0.0,0.0,0.0,0.0,2.0,0,0,0,0,0,0,1,1
Outbound Network Traffic,Network,DNS,Unknown,31,1,1,10,63,43,5,5,4.0,2.0,2.0,2,0.0,0.0,0.0,0.0,0.0,0.0,2.0,0,0,0,0,0,0,1,1
Outbound Network Traffic,Network,Data Encoding,Unknown,31,1,1,10,63,43,3,3,4.0,2.0,2.0,2,0.0,0.0,0.0,0.0,0.0,0.0,2.0,0,0,0,0,0,0,1,1
Outbound Network Traffic,Network,Data Obfuscation,Unknown,31,1,1,10,63,43,3,3,4.0,2.0,2.0,2,0.0,0.0,0.0,0.0,0.0,0.0,2.0,0,0,0,0,0,0,1,1
Outbound Network Traffic,Network,Domain Fronting,Unknown,31,1,1,10,63,43,3,3,4.0,2.0,2.0,2,0.0,0.0,0.0,0.0,0.0,0.0,2.0,0,0,0,0,0,0,1,1
Outbound Network Traffic,Network,Drive-by Compromise,Unknown,31,1,1,10,63,43,6,4,4.0,2.0,2.0,2,0.0,0.0,0.0,0.0,0.0,0.0,2.0,0,0,0,0,0,0,1,1
Outbound Network Traffic,Network,Dynamic Resolution,Unknown,31,1,1,10,63,43,5,5,4.0,2.0,2.0,2,0.0,0.0,0.0,0.0,0.0,0.0,2.0,0,0,0,0,0,0,1,1
Outbound Network Traffic,Network,Encrypted Channel,Unknown,31,1,1,10,63,43,3,3,4.0,2.0,2.0,2,0.0,0.0,0.0,0.0,0.0,0.0,2.0,0,0,0,0,0,0,1,1
Outbound Network Traffic,Network,Exfiltration Over Asymmetric Encrypted Non-C2 Protocol,Unknown,31,1,1,10,63,43,5,3,4.0,2.0,2.0,2,0.0,0.0,0.0,0.0,0.0,0.0,2.0,0,0,0,0,0,0,1,1
Outbound Network Traffic,Network,Exfiltration Over Symmetric Encrypted Non-C2 Protocol,Unknown,31,1,1,10,63,43,3,3,4.0,2.0,2.0,2,0.0,0.0,0.0,0.0,0.0,0.0,2.0,0,0,0,0,0,0,1,1
Outbound Network Traffic,Network,Exfiltration Over Unencrypted Non-C2 Protocol,Unknown,31,1,1,10,63,43,3,3,4.0,2.0,2.0,2,0.0,0.0,0.0,0.0,0.0,0.0,2.0,0,0,0,0,0,0,1,1
Outbound Network Traffic,Network,Exfiltration Over Web Service,Unknown,31,1,1,10,63,43,3,3,4.0,2.0,2.0,2,0.0,0.0,0.0,0.0,0.0,0.0,2.0,0,0,0,0,0,0,1,1
Outbound Network Traffic,Network,Exfiltration to Cloud Storage,Unknown,31,1,1,10,63,43,3,3,4.0,2.0,2.0,2,0.0,0.0,0.0,0.0,0.0,0.0,2.0,0,0,0,0,0,0,1,1
Outbound Network Traffic,Network,Exfiltration to Code Repository,Unknown,31,1,1,10,63,43,3,3,4.0,2.0,2.0,2,0.0,0.0,0.0,0.0,0.0,0.0,2.0,0,0,0,0,0,0,1,1
Outbound Network Traffic,Network,External Proxy,Unknown,31,1,1,10,63,43,3,3,4.0,2.0,2.0,2,0.0,0.0,0.0,0.0,0.0,0.0,2.0,0,0,0,0,0,0,1,1
Outbound Network Traffic,Network,Fallback Channels,Unknown,31,1,1,10,63,43,3,3,4.0,2.0,2.0,2,0.0,0.0,0.0,0.0,0.0,0.0,2.0,0,0,0,0,0,0,1,1
Outbound Network Traffic,Network,File Transfer Protocols,Unknown,31,1,1,10,63,43,4,4,4.0,2.0,2.0,2,0.0,0.0,0.0,0.0,0.0,0.0,2.0,0,0,0,0,0,0,1,1
Outbound Network Traffic,Network,Ingress Tool Transfer,Unknown,31,1,1,10,63,43,3,3,4.0,2.0,2.0,2,0.0,0.0,0.0,0.0,0.0,0.0,2.0,0,0,0,0,0,0,1,1
Outbound Network Traffic,Network,Mail Protocols,Unknown,31,1,1,10,63,43,3,3,4.0,2.0,2.0,2,0.0,0.0,0.0,0.0,0.0,0.0,2.0,0,0,0,0,0,0,1,1
Outbound Network Traffic,Network,Malicious Link,Unknown,31,1,1,10,63,43,5,4,4.0,2.0,2.0,2,0.0,0.0,0.0,0.0,0.0,0.0,2.0,0,0,0,0,0,0,1,1
Outbound Network Traffic,Network,Multi-Stage Channels,Unknown,31,1,1,10,63,43,3,3,4.0,2.0,2.0,2,0.0,0.0,0.0,0.0,0.0,0.0,2.0,0,0,0,0,0,0,1,1
Outbound Network Traffic,Network,Multi-hop Proxy,Unknown,31,1,1,10,63,43,3,3,4.0,2.0,2.0,2,0.0,0.0,0.0,0.0,0.0,0.0,2.0,0,0,0,0,0,0,1,1
Outbound Network Traffic,Network,Non-Application Layer Protocol,Unknown,31,1,1,10,63,43,3,3,4.0,2.0,2.0,2,0.0,0.0,0.0,0.0,0.0,0.0,2.0,0,0,0,0,0,0,1,1
Outbound Network Traffic,Network,Non-Standard Port,Unknown,31,1,1,10,63,43,3,3,4.0,2.0,2.0,2,0.0,0.0,0.0,0.0,0.0,0.0,2.0,0,0,0,0,0,0,1,1
Outbound Network Traffic,Network,Protocol Tunneling,Unknown,31,1,1,10,63,43,3,3,4.0,2.0,2.0,2,0.0,0.0,0.0,0.0,0.0,0.0,2.0,0,0,0,0,0,0,1,1
Outbound Network Traffic,Network,Remote Access Tools,Unknown,31,1,1,10,63,43,3,3,4.0,2.0,2.0,2,0.0,0.0,0.0,0.0,0.0,0.0,2.0,0,0,0,0,0,0,1,1
Outbound Network Traffic,Network,Symmetric Cryptography,Unknown,31,1,1,10,63,43,3,3,4.0,2.0,2.0,2,0.0,0.0,0.0,0.0,0.0,0.0,2.0,0,0,0,0,0,0,1,1
Outbound Network Traffic,Network,Web Protocols,Unknown,31,1,1,10,63,43,5,3,4.0,2.0,2.0,2,0.0,0.0,0.0,0.0,0.0,0.0,2.0,0,0,0,0,0,0,1,1
Outbound Network Traffic,Network,Web Service,Unknown,31,1,1,10,63,43,3,3,4.0,2.0,2.0,2,0.0,0.0,0.0,0.0,0.0,0.0,2.0,0,0,0,0,0,0,1,1
Partition Table,System,Disk Content Wipe,Unknown,2,1,0,0,4,3,1,1,0.0,0.0,0.0,0,0.0,0.0,0.0,0.0,0.0,0.0,0.0,0,0,0,0,0,0,0,1
Partition Table,System,Disk Structure Wipe,Unknown,2,1,0,0,4,3,1,1,0.0,0.0,0.0,0,0.0,0.0,0.0,0.0,0.0,0.0,0.0,0,0,0,0,0,0,0,1
Password,File,Password Cracking,Unknown,3,5,0,0,6,8,2,1,5.5,2.0,3.5,2,3.5,0.0,0.0,0.0,0.0,0.0,0.0,0,0,0,1,0,0,0,1
Password,File,Password Guessing,Unknown,3,5,0,0,6,8,4,1,5.5,2.0,3.5,2,3.5,0.0,0.0,0.0,0.0,0.0,0.0,0,0,0,1,0,0,0,1
Password,File,Password Spraying,Unknown,3,5,0,0,6,8,7,1,5.5,2.0,3.5,2,3.5,0.0,0.0,0.0,0.0,0.0,0.0,0,0,0,1,0,0,0,1
Process,Process,Disable or Modify Tools,Unknown,13,11,5,7,31,36,2,2,3.0,1.0,3.0,1,0.0,0.0,0.0,0.0,3.0,0.0,0.0,0,0,0,0,1,0,0,1
Process,Process,Exploitation for Credential Access,Unknown,13,11,5,7,31,36,7,4,3.0,1.0,3.0,1,0.0,0.0,0.0,0.0,3.0,0.0,0.0,0,0,0,0,1,0,0,1
Process,Process,LSA Secrets,Unknown,13,11,5,7,31,36,2,1,3.0,1.0,3.0,1,0.0,0.0,0.0,0.0,3.0,0.0,0.0,0,0,0,0,1,0,0,1
Process,Process,LSASS Memory,Unknown,13,11,5,7,31,36,2,1,3.0,1.0,3.0,1,0.0,0.0,0.0,0.0,3.0,0.0,0.0,0,0,0,0,1,0,0,1
Process,Process,Modify Authentication Process,Unknown,13,11,5,7,31,36,2,1,3.0,1.0,3.0,1,0.0,0.0,0.0,0.0,3.0,0.0,0.0,0,0,0,0,1,0,0,1
Process,Process,Netsh Helper DLL,Unknown,13,11,5,7,31,36,3,1,3.0,1.0,3.0,1,0.0,0.0,0.0,0.0,3.0,0.0,0.0,0,0,0,0,1,0,0,1
Process,Process,Scheduled Task,Unknown,13,11,5,7,31,36,2,2,3.0,1.0,3.0,1,0.0,0.0,0.0,0.0,3.0,0.0,0.0,0,0,0,0,1,0,0,1
Process,Process,Scheduled Task/Job,Unknown,13,11,5,7,31,36,5,4,3.0,1.0,3.0,1,0.0,0.0,0.0,0.0,3.0,0.0,0.0,0,0,0,0,1,0,0,1
Process,Process,Security Account Manager,Unknown,13,11,5,7,31,36,3,1,3.0,1.0,3.0,1,0.0,0.0,0.0,0.0,3.0,0.0,0.0,0,0,0,0,1,0,0,1
Process,Process,System Owner/User Discovery,Unknown,13,11,5,7,31,36,9,5,3.0,1.0,3.0,1,0.0,0.0,0.0,0.0,3.0,0.0,0.0,0,0,0,0,1,0,0,1
Process,Process,Transport Agent,Unknown,13,11,5,7,31,36,5,1,3.0,1.0,3.0,1,0.0,0.0,0.0,0.0,3.0,0.0,0.0,0,0,0,0,1,0,0,1
Process,Process,Use Alternate Authentication Material,Unknown,13,11,5,7,31,36,2,1,3.0,1.0,3.0,1,0.0,0.0,0.0,0.0,3.0,0.0,0.0,0,0,0,0,1,0,0,1
Process,Process,Web Shell,Unknown,13,11,5,7,31,36,5,1,3.0,1.0,3.0,1,0.0,0.0,0.0,0.0,3.0,0.0,0.0,0,0,0,0,1,0,0,1
Process Code Segment,Process,Credential API Hooking,Unknown,7,2,0,7,14,16,2,2,3.0,1.0,3.0,1,0.0,0.0,0.0,0.0,3.0,0.0,0.0,0,0,0,0,1,0,0,1
Process Code Segment,Process,Exploitation for Client Execution,Unknown,7,2,0,7,14,16,3,3,3.0,1.0,3.0,1,0.0,0.0,0.0,0.0,3.0,0.0,0.0,0,0,0,0,1,0,0,1
Process Code Segment,Process,Exploitation for Credential Access,Unknown,7,2,0,7,14,16,7,4,3.0,1.0,3.0,1,0.0,0.0,0.0,0.0,3.0,0.0,0.0,0,0,0,0,1,0,0,1
Process Code Segment,Process,Exploitation for Defense Evasion,Unknown,7,2,0,7,14,16,3,3,3.0,1.0,3.0,1,0.0,0.0,0.0,0.0,3.0,0.0,0.0,0,0,0,0,1,0,0,1
Process Code Segment,Process,Exploitation for Privilege Escalation,Unknown,7,2,0,7,14,16,3,3,3.0,1.0,3.0,1,0.0,0.0,0.0,0.0,3.0,0.0,0.0,0,0,0,0,1,0,0,1
Process Code Segment,Process,Exploitation of Remote Services,Lateral Movement,7,2,0,7,14,16,5,3,3.0,1.0,3.0,1,0.0,0.0,0.0,0.0,3.0,0.0,0.0,0,0,0,0,1,0,0,1
Process Code Segment,Process,Exploitation of Remote Services,Lateral Movement,7,2,0,7,14,16,5,3,3.0,1.0,3.0,1,0.0,0.0,0.0,0.0,3.0,0.0,0.0,0,0,0,0,1,0,0,1
Process Code Segment,Process,Process Hollowing,Unknown,7,2,0,7,14,16,2,2,3.0,1.0,3.0,1,0.0,0.0,0.0,0.0,3.0,0.0,0.0,0,0,0,0,1,0,0,1
Process Segment,Process,Credential API Hooking,Unknown,12,2,0,7,24,21,2,2,3.0,1.0,3.0,1,0.0,0.0,0.0,0.0,3.0,0.0,0.0,0,0,0,0,1,0,0,1
Process Segment,Process,Drive-by Compromise,Unknown,12,2,0,7,24,21,6,1,3.0,1.0,3.0,1,0.0,0.0,0.0,0.0,3.0,0.0,0.0,0,0,0,0,1,0,0,1
Process Segment,Process,Exploit Public-Facing Application,Unknown,12,2,0,7,24,21,5,1,3.0,1.0,3.0,1,0.0,0.0,0.0,0.0,3.0,0.0,0.0,0,0,0,0,1,0,0,1
Process Segment,Process,Exploitation for Client Execution,Unknown,12,2,0,7,24,21,3,3,3.0,1.0,3.0,1,0.0,0.0,0.0,0.0,3.0,0.0,0.0,0,0,0,0,1,0,0,1
Process Segment,Process,Exploitation for Credential Access,Unknown,12,2,0,7,24,21,7,4,3.0,1.0,3.0,1,0.0,0.0,0.0,0.0,3.0,0.0,0.0,0,0,0,0,1,0,0,1
Process Segment,Process,Exploitation for Defense Evasion,Unknown,12,2,0,7,24,21,3,3,3.0,1.0,3.0,1,0.0,0.0,0.0,0.0,3.0,0.0,0.0,0,0,0,0,1,0,0,1
Process Segment,Process,Exploitation for Privilege Escalation,Unknown,12,2,0,7,24,21,3,3,3.0,1.0,3.0,1,0.0,0.0,0.0,0.0,3.0,0.0,0.0,0,0,0,0,1,0,0,1
Process Segment,Process,Exploitation of Remote Services,Lateral Movement,12,2,0,7,24,21,5,3,3.0,1.0,3.0,1,0.0,0.0,0.0,0.0,3.0,0.0,0.0,0,0,0,0,1,0,0,1
Process Segment,Process,Exploitation of Remote Services,Lateral Movement,12,2,0,7,24,21,5,3,3.0,1.0,3.0,1,0.0,0.0,0.0,0.0,3.0,0.0,0.0,0,0,0,0,1,0,0,1
Process Segment,Process,Mavinject,Unknown,12,2,0,7,24,21,2,2,3.0,1.0,3.0,1,0.0,0.0,0.0,0.0,3.0,0.0,0.0,0,0,0,0,1,0,0,1
Process Segment,Process,Process Hollowing,Unknown,12,2,0,7,24,21,2,2,3.0,1.0,3.0,1,0.0,0.0,0.0,0.0,3.0,0.0,0.0,0,0,0,0,1,0,0,1
Process Segment,Process,Reflective Code Loading,Unknown,12,2,0,7,24,21,1,1,3.0,1.0,3.0,1,0.0,0.0,0.0,0.0,3.0,0.0,0.0,0,0,0,0,1,0,0,1
Process Segment,Process,System Owner/User Discovery,Unknown,12,2,0,7,24,21,9,5,3.0,1.0,3.0,1,0.0,0.0,0.0,0.0,3.0,0.0,0.0,0,0,0,0,1,0,0,1
RPC Network Traffic,Network,Kerberoasting,Unknown,1,1,0,10,2,12,2,2,4.0,2.0,2.0,2,0.0,0.0,0.0,0.0,0.0,0.0,2.0,0,0,0,0,0,0,1,1
Removable Media Device,System,Communication Through Removable Media,Unknown,4,1,0,9,8,14,2,2,0.0,0.0,0.0,0,0.0,0.0,0.0,0.0,0.0,0.0,0.0,0,0,0,0,0,0,0,1
Removable Media Device,System,Data from Removable Media,Unknown,4,1,0,9,8,14,2,2,0.0,0.0,0.0,0,0.0,0.0,0.0,0.0,0.0,0.0,0.0,0,0,0,0,0,0,0,1
Removable Media Device,System,Exfiltration over USB,Unknown,4,1,0,9,8,14,2,2,0.0,0.0,0.0,0,0.0,0.0,0.0,0.0,0.0,0.0,0.0,0,0,0,0,0,0,0,1
Removable Media Device,System,Replication Through Removable Media,Unknown,4,1,0,9,8,14,2,2,0.0,0.0,0.0,0,0.0,0.0,0.0,0.0,0.0,0.0,0.0,0,0,0,0,0,0,0,1
Secondary Storage,System,Cloud Storage Object Discovery,Unknown,1,3,0,9,2,13,3,3,0.0,0.0,0.0,0,0.0,0.0,0.0,0.0,0.0,0.0,0.0,0,0,0,0,0,0,0,1
Service Application,System,Executable Installer File Permissions Weakness,Unknown,6,1,1,9,13,17,2,2,2.5,1.0,2.5,1,0.0,0.0,0.0,0.0,2.5,0.0,0.0,0,0,0,0,1,0,0,1
Service Application,System,Exploitation for Credential Access,Unknown,6,1,1,9,13,17,7,3,2.5,1.0,2.5,1,0.0,0.0,0.0,0.0,2.5,0.0,0.0,0,0,0,0,1,0,0,1
Service Application,System,Run Virtual Instance,Unknown,6,1,1,9,13,17,6,4,2.5,1.0,2.5,1,0.0,0.0,0.0,0.0,2.5,0.0,0.0,0,0,0,0,1,0,0,1
Service Application,System,Run Virtual Instance,Unknown,6,1,1,9,13,17,6,4,2.5,1.0,2.5,1,0.0,0.0,0.0,0.0,2.5,0.0,0.0,0,0,0,0,1,0,0,1
Service Application,System,Services File Permissions Weakness,Unknown,6,1,1,9,13,17,2,2,2.5,1.0,2.5,1,0.0,0.0,0.0,0.0,2.5,0.0,0.0,0,0,0,0,1,0,0,1
Service Application,System,Software Deployment Tools,Unknown,6,1,1,9,13,17,4,3,2.5,1.0,2.5,1,0.0,0.0,0.0,0.0,2.5,0.0,0.0,0,0,0,0,1,0,0,1
Service Application,System,Web Portal Capture,Unknown,6,1,1,9,13,17,2,2,2.5,1.0,2.5,1,0.0,0.0,0.0,0.0,2.5,0.0,0.0,0,0,0,0,1,0,0,1
Service Application Process,System,Exploitation for Credential Access,Unknown,7,1,0,0,14,8,7,3,5.5,2.0,3.0,1,0.0,0.0,0.0,0.0,5.5,0.0,0.0,0,0,0,0,1,0,0,1
Service Application Process,System,LSASS Memory,Unknown,7,1,0,0,14,8,2,1,5.5,2.0,3.0,1,0.0,0.0,0.0,0.0,5.5,0.0,0.0,0,0,0,0,1,0,0,1
Service Application Process,System,Modify Authentication Process,Unknown,7,1,0,0,14,8,2,1,5.5,2.0,3.0,1,0.0,0.0,0.0,0.0,5.5,0.0,0.0,0,0,0,0,1,0,0,1
Service Application Process,System,Security Account Manager,Unknown,7,1,0,0,14,8,3,1,5.5,2.0,3.0,1,0.0,0.0,0.0,0.0,5.5,0.0,0.0,0,0,0,0,1,0,0,1
Service Application Process,System,System Owner/User Discovery,Unknown,7,1,0,0,14,8,9,1,5.5,2.0,3.0,1,0.0,0.0,0.0,0.0,5.5,0.0,0.0,0,0,0,0,1,0,0,1
Service Application Process,System,Transport Agent,Unknown,7,1,0,0,14,8,5,4,5.5,2.0,3.0,1,0.0,0.0,0.0,0.0,5.5,0.0,0.0,0,0,0,0,1,0,0,1
Service Application Process,System,Use Alternate Authentication Material,Unknown,7,1,0,0,14,8,2,1,5.5,2.0,3.0,1,0.0,0.0,0.0,0.0,5.5,0.0,0.0,0,0,0,0,1,0,0,1
Session,Identity,External Remote Services,Lateral Movement,8,1,1,6,17,16,1,1,5.5,2.0,3.5,2,3.5,0.0,0.0,0.0,0.0,0.0,0.0,0,0,0,1,0,0,0,1
Session,Identity,External Remote Services,Lateral Movement,8,1,1,6,17,16,1,1,5.5,2.0,3.5,2,3.5,0.0,0.0,0.0,0.0,0.0,0.0,0,0,0,1,0,0,0,1
Session,Identity,External Remote Services,Lateral Movement,8,1,1,6,17,16,1,1,5.5,2.0,3.5,2,3.5,0.0,0.0,0.0,0.0,0.0,0.0,0,0,0,1,0,0,0,1
Session,Identity,External Remote Services,Lateral Movement,8,1,1,6,17,16,1,1,5.5,2.0,3.5,2,3.5,0.0,0.0,0.0,0.0,0.0,0.0,0,0,0,1,0,0,0,1
Session,Identity,Make and Impersonate Token,Defense Evasion,8,1,1,6,17,16,5,3,5.5,2.0,3.5,2,3.5,0.0,0.0,0.0,0.0,0.0,0.0,0,0,0,1,0,0,0,1
Session,Identity,Make and Impersonate Token,Credential Access,8,1,1,6,17,16,5,3,5.5,2.0,3.5,2,3.5,0.0,0.0,0.0,0.0,0.0,0.0,0,0,0,1,0,0,0,1
Session,Identity,Make and Impersonate Token,Credential Access,8,1,1,6,17,16,5,3,5.5,2.0,3.5,2,3.5,0.0,0.0,0.0,0.0,0.0,0.0,0,0,0,1,0,0,0,1
Session,Identity,RDP Hijacking,Lateral Movement,8,1,1,6,17,16,1,1,5.5,2.0,3.5,2,3.5,0.0,0.0,0.0,0.0,0.0,0.0,0,0,0,1,0,0,0,1
Session,Identity,RDP Hijacking,Lateral Movement,8,1,1,6,17,16,1,1,5.5,2.0,3.5,2,3.5,0.0,0.0,0.0,0.0,0.0,0.0,0,0,0,1,0,0,0,1
Session,Identity,RDP Hijacking,Lateral Movement,8,1,1,6,17,16,1,1,5.5,2.0,3.5,2,3.5,0.0,0.0,0.0,0.0,0.0,0.0,0,0,0,1,0,0,0,1
Session,Identity,Remote Desktop Protocol,Lateral Movement,8,1,1,6,17,16,2,1,5.5,2.0,3.5,2,3.5,0.0,0.0,0.0,0.0,0.0,0.0,0,0,0,1,0,0,0,1
Session,Identity,Remote Desktop Protocol,Lateral Movement,8,1,1,6,17,16,2,1,5.5,2.0,3.5,2,3.5,0.0,0.0,0.0,0.0,0.0,0.0,0,0,0,1,0,0,0,1
Session,Identity,Remote Service Session Hijacking,Lateral Movement,8,1,1,6,17,16,2,1,5.5,2.0,3.5,2,3.5,0.0,0.0,0.0,0.0,0.0,0.0,0,0,0,1,0,0,0,1
Session,Identity,Remote Service Session Hijacking,Lateral Movement,8,1,1,6,17,16,2,1,5.5,2.0,3.5,2,3.5,0.0,0.0,0.0,0.0,0.0,0.0,0,0,0,1,0,0,0,1
Session,Identity,Remote Service Session Hijacking,Lateral Movement,8,1,1,6,17,16,2,1,5.5,2.0,3.5,2,3.5,0.0,0.0,0.0,0.0,0.0,0.0,0,0,0,1,0,0,0,1
Session,Identity,SSH,Lateral Movement,8,1,1,6,17,16,2,1,5.5,2.0,3.5,2,3.5,0.0,0.0,0.0,0.0,0.0,0.0,0,0,0,1,0,0,0,1
Session,Identity,SSH,Lateral Movement,8,1,1,6,17,16,2,1,5.5,2.0,3.5,2,3.5,0.0,0.0,0.0,0.0,0.0,0.0,0,0,0,1,0,0,0,1
Session,Identity,SSH Hijacking,Lateral Movement,8,1,1,6,17,16,1,1,5.5,2.0,3.5,2,3.5,0.0,0.0,0.0,0.0,0.0,0.0,0,0,0,1,0,0,0,1
Session,Identity,SSH Hijacking,Lateral Movement,8,1,1,6,17,16,1,1,5.5,2.0,3.5,2,3.5,0.0,0.0,0.0,0.0,0.0,0.0,0,0,0,1,0,0,0,1
Session,Identity,SSH Hijacking,Lateral Movement,8,1,1,6,17,16,1,1,5.5,2.0,3.5,2,3.5,0.0,0.0,0.0,0.0,0.0,0.0,0,0,0,1,0,0,0,1
Session,Identity,Trusted Relationship,Defense Evasion,8,1,1,6,17,16,3,1,5.5,2.0,3.5,2,3.5,0.0,0.0,0.0,0.0,0.0,0.0,0,0,0,1,0,0,0,1
Session,Identity,Trusted Relationship,Defense Evasion,8,1,1,6,17,16,3,1,5.5,2.0,3.5,2,3.5,0.0,0.0,0.0,0.0,0.0,0.0,0,0,0,1,0,0,0,1
Software,System,Add-ins,Unknown,23,4,1,9,47,37,4,2,0.0,0.0,0.0,0,0.0,0.0,0.0,0.0,0.0,0.0,0.0,0,0,0,0,0,0,0,1
Software,System,Add-ins,Unknown,23,4,1,9,47,37,4,2,0.0,0.0,0.0,0,0.0,0.0,0.0,0.0,0.0,0.0,0.0,0,0,0,0,0,0,0,1
Software,System,Application Shimming,Unknown,23,4,1,9,47,37,2,1,0.0,0.0,0.0,0,0.0,0.0,0.0,0.0,0.0,0.0,0.0,0,0,0,0,0,0,0,1
Software,System,Bootkit,Unknown,23,4,1,9,47,37,2,2,0.0,0.0,0.0,0,0.0,0.0,0.0,0.0,0.0,0.0,0.0,0,0,0,0,0,0,0,1
Software,System,Component Firmware,Unknown,23,4,1,9,47,37,2,2,0.0,0.0,0.0,0,0.0,0.0,0.0,0.0,0.0,0.0,0.0,0,0,0,0,0,0,0,1
Software,System,Compromise Host Software Binary,Unknown,23,4,1,9,47,37,1,1,0.0,0.0,0.0,0,0.0,0.0,0.0,0.0,0.0,0.0,0.0,0,0,0,0,0,0,0,1
Software,System,Compromise Software Dependencies and Development Tools,Unknown,23,4,1,9,47,37,1,1,0.0,0.0,0.0,0,0.0,0.0,0.0,0.0,0.0,0.0,0.0,0,0,0,0,0,0,0,1
Software,System,Compromise Software Supply Chain,Unknown,23,4,1,9,47,37,1,1,0.0,0.0,0.0,0,0.0,0.0,0.0,0.0,0.0,0.0,0.0,0,0,0,0,0,0,0,1
Software,System,Executable Installer File Permissions Weakness,Unknown,23,4,1,9,47,37,2,2,0.0,0.0,0.0,0,0.0,0.0,0.0,0.0,0.0,0.0,0.0,0,0,0,0,0,0,0,1
Software,System,Exploitation for Credential Access,Unknown,23,4,1,9,47,37,7,3,0.0,0.0,0.0,0,0.0,0.0,0.0,0.0,0.0,0.0,0.0,0,0,0,0,0,0,0,1
Software,System,IIS Components,Unknown,23,4,1,9,47,37,1,1,0.0,0.0,0.0,0,0.0,0.0,0.0,0.0,0.0,0.0,0.0,0,0,0,0,0,0,0,1
Software,System,LSASS Driver,Unknown,23,4,1,9,47,37,2,1,0.0,0.0,0.0,0,0.0,0.0,0.0,0.0,0.0,0.0,0.0,0,0,0,0,0,0,0,1
Software,System,MMC,Unknown,23,4,1,9,47,37,3,1,0.0,0.0,0.0,0,0.0,0.0,0.0,0.0,0.0,0.0,0.0,0,0,0,0,0,0,0,1
Software,System,MSBuild,Unknown,23,4,1,9,47,37,2,1,0.0,0.0,0.0,0,0.0,0.0,0.0,0.0,0.0,0.0,0.0,0,0,0,0,0,0,0,1
Software,System,ROMMONkit,Unknown,23,4,1,9,47,37,3,3,0.0,0.0,0.0,0,0.0,0.0,0.0,0.0,0.0,0.0,0.0,0,0,0,0,0,0,0,1
Software,System,Rootkit,Unknown,23,4,1,9,47,37,3,2,0.0,0.0,0.0,0,0.0,0.0,0.0,0.0,0.0,0.0,0.0,0,0,0,0,0,0,0,1
Software,System,Run Virtual Instance,Unknown,23,4,1,9,47,37,6,4,0.0,0.0,0.0,0,0.0,0.0,0.0,0.0,0.0,0.0,0.0,0,0,0,0,0,0,0,1
Software,System,Run Virtual Instance,Unknown,23,4,1,9,47,37,6,4,0.0,0.0,0.0,0,0.0,0.0,0.0,0.0,0.0,0.0,0.0,0,0,0,0,0,0,0,1
Software,System,SQL Stored Procedures,Unknown,23,4,1,9,47,37,4,1,0.0,0.0,0.0,0,0.0,0.0,0.0,0.0,0.0,0.0,0.0,0,0,0,0,0,0,0,1
Software,System,Services File Permissions Weakness,Unknown,23,4,1,9,47,37,2,2,0.0,0.0,0.0,0,0.0,0.0,0.0,0.0,0.0,0.0,0.0,0,0,0,0,0,0,0,1
Software,System,Software Deployment Tools,Unknown,23,4,1,9,47,37,4,3,0.0,0.0,0.0,0,0.0,0.0,0.0,0.0,0.0,0.0,0.0,0,0,0,0,0,0,0,1
Software,System,Software Deployment Tools,Unknown,23,4,1,9,47,37,4,3,0.0,0.0,0.0,0,0.0,0.0,0.0,0.0,0.0,0.0,0.0,0,0,0,0,0,0,0,1
Software,System,Software Extensions,Unknown,23,4,1,9,47,37,1,1,0.0,0.0,0.0,0,0.0,0.0,0.0,0.0,0.0,0.0,0.0,0,0,0,0,0,0,0,1
Software,System,System Firmware,Unknown,23,4,1,9,47,37,3,3,0.0,0.0,0.0,0,0.0,0.0,0.0,0.0,0.0,0.0,0.0,0,0,0,0,0,0,0,1
Software,System,Time Based Evasion,Unknown,23,4,1,9,47,37,2,1,0.0,0.0,0.0,0,0.0,0.0,0.0,0.0,0.0,0.0,0.0,0,0,0,0,0,0,0,1
Software,System,Web Portal Capture,Unknown,23,4,1,9,47,37,2,2,0.0,0.0,0.0,0,0.0,0.0,0.0,0.0,0.0,0.0,0.0,0,0,0,0,0,0,0,1
Stack Frame,Process,Exploitation for Client Execution,Unknown,5,2,0,7,10,14,3,3,3.0,1.0,3.0,1,0.0,0.0,0.0,0.0,3.0,0.0,0.0,0,0,0,0,1,0,0,1
Stack Frame,Process,Exploitation for Credential Access,Unknown,5,2,0,7,10,14,7,4,3.0,1.0,3.0,1,0.0,0.0,0.0,0.0,3.0,0.0,0.0,0,0,0,0,1,0,0,1
Stack Frame,Process,Exploitation for Defense Evasion,Unknown,5,2,0,7,10,14,3,3,3.0,1.0,3.0,1,0.0,0.0,0.0,0.0,3.0,0.0,0.0,0,0,0,0,1,0,0,1
Stack Frame,Process,Exploitation for Privilege Escalation,Unknown,5,2,0,7,10,14,3,3,3.0,1.0,3.0,1,0.0,0.0,0.0,0.0,3.0,0.0,0.0,0,0,0,0,1,0,0,1
Stack Frame,Process,Exploitation of Remote Services,Lateral Movement,5,2,0,7,10,14,5,3,3.0,1.0,3.0,1,0.0,0.0,0.0,0.0,3.0,0.0,0.0,0,0,0,0,1,0,0,1
Stack Frame,Process,Exploitation of Remote Services,Lateral Movement,5,2,0,7,10,14,5,3,3.0,1.0,3.0,1,0.0,0.0,0.0,0.0,3.0,0.0,0.0,0,0,0,0,1,0,0,1
Storage,System,Cloud Storage Object Discovery,Unknown,2,1,0,9,4,12,3,3,0.0,0.0,0.0,0,0.0,0.0,0.0,0.0,0.0,0.0,0.0,0,0,0,0,0,0,0,1
Storage,System,Hidden File System,Unknown,2,1,0,9,4,12,3,1,0.0,0.0,0.0,0,0.0,0.0,0.0,0.0,0.0,0.0,0.0,0,0,0,0,0,0,0,1
Subroutine,Process,SQL Stored Procedures,Unknown,1,5,0,7,2,13,4,3,3.0,1.0,3.0,1,0.0,0.0,0.0,0.0,3.0,0.0,0.0,0,0,0,0,1,0,0,1
System Call,Process,AppCert DLLs,Unknown,40,2,0,7,80,49,5,2,3.0,1.0,3.0,1,0.0,0.0,0.0,0.0,3.0,0.0,0.0,0,0,0,0,1,0,0,1
System Call,Process,AppInit DLLs,Unknown,40,2,0,7,80,49,5,2,3.0,1.0,3.0,1,0.0,0.0,0.0,0.0,3.0,0.0,0.0,0,0,0,0,1,0,0,1
System Call,Process,Application Window Discovery,Unknown,40,2,0,7,80,49,2,2,3.0,1.0,3.0,1,0.0,0.0,0.0,0.0,3.0,0.0,0.0,0,0,0,0,1,0,0,1
System Call,Process,Asynchronous Procedure Call,Unknown,40,2,0,7,80,49,2,2,3.0,1.0,3.0,1,0.0,0.0,0.0,0.0,3.0,0.0,0.0,0,0,0,0,1,0,0,1
System Call,Process,Bypass User Account Control,Unknown,40,2,0,7,80,49,6,2,3.0,1.0,3.0,1,0.0,0.0,0.0,0.0,3.0,0.0,0.0,0,0,0,0,1,0,0,1
System Call,Process,CMSTP,Unknown,40,2,0,7,80,49,3,2,3.0,1.0,3.0,1,0.0,0.0,0.0,0.0,3.0,0.0,0.0,0,0,0,0,1,0,0,1
System Call,Process,Compiled HTML File,Unknown,40,2,0,7,80,49,3,2,3.0,1.0,3.0,1,0.0,0.0,0.0,0.0,3.0,0.0,0.0,0,0,0,0,1,0,0,1
System Call,Process,Control Panel,Unknown,40,2,0,7,80,49,4,2,3.0,1.0,3.0,1,0.0,0.0,0.0,0.0,3.0,0.0,0.0,0,0,0,0,1,0,0,1
System Call,Process,Credentials from Web Browsers,Unknown,40,2,0,7,80,49,3,1,3.0,1.0,3.0,1,0.0,0.0,0.0,0.0,3.0,0.0,0.0,0,0,0,0,1,0,0,1
System Call,Process,Deobfuscate/Decode Files or Information,Unknown,40,2,0,7,80,49,6,2,3.0,1.0,3.0,1,0.0,0.0,0.0,0.0,3.0,0.0,0.0,0,0,0,0,1,0,0,1
System Call,Process,Dynamic-link Library Injection,Unknown,40,2,0,7,80,49,3,1,3.0,1.0,3.0,1,0.0,0.0,0.0,0.0,3.0,0.0,0.0,0,0,0,0,1,0,0,1
System Call,Process,Elevated Execution with Prompt,Unknown,40,2,0,7,80,49,3,1,3.0,1.0,3.0,1,0.0,0.0,0.0,0.0,3.0,0.0,0.0,0,0,0,0,1,0,0,1
System Call,Process,Local Data Staging,Unknown,40,2,0,7,80,49,3,1,3.0,1.0,3.0,1,0.0,0.0,0.0,0.0,3.0,0.0,0.0,0,0,0,0,1,0,0,1
System Call,Process,Match Legitimate Resource Name or Location,Unknown,40,2,0,7,80,49,2,1,3.0,1.0,3.0,1,0.0,0.0,0.0,0.0,3.0,0.0,0.0,0,0,0,0,1,0,0,1
System Call,Process,Mavinject,Unknown,40,2,0,7,80,49,2,2,3.0,1.0,3.0,1,0.0,0.0,0.0,0.0,3.0,0.0,0.0,0,0,0,0,1,0,0,1
System Call,Process,Mshta,Unknown,40,2,0,7,80,49,4,2,3.0,1.0,3.0,1,0.0,0.0,0.0,0.0,3.0,0.0,0.0,0,0,0,0,1,0,0,1
System Call,Process,Native API,Unknown,40,2,0,7,80,49,1,1,3.0,1.0,3.0,1,0.0,0.0,0.0,0.0,3.0,0.0,0.0,0,0,0,0,1,0,0,1
System Call,Process,Parent PID Spoofing,Unknown,40,2,0,7,80,49,2,2,3.0,1.0,3.0,1,0.0,0.0,0.0,0.0,3.0,0.0,0.0,0,0,0,0,1,0,0,1
System Call,Process,Process Discovery,Unknown,40,2,0,7,80,49,2,2,3.0,1.0,3.0,1,0.0,0.0,0.0,0.0,3.0,0.0,0.0,0,0,0,0,1,0,0,1
System Call,Process,Process Doppelgänging,Unknown,40,2,0,7,80,49,2,2,3.0,1.0,3.0,1,0.0,0.0,0.0,0.0,3.0,0.0,0.0,0,0,0,0,1,0,0,1
System Call,Process,Ptrace System Calls,Unknown,40,2,0,7,80,49,1,1,3.0,1.0,3.0,1,0.0,0.0,0.0,0.0,3.0,0.0,0.0,0,0,0,0,1,0,0,1
System Call,Process,Query Registry,Unknown,40,2,0,7,80,49,3,1,3.0,1.0,3.0,1,0.0,0.0,0.0,0.0,3.0,0.0,0.0,0,0,0,0,1,0,0,1
System Call,Process,Remote System Discovery,Unknown,40,2,0,7,80,49,5,2,3.0,1.0,3.0,1,0.0,0.0,0.0,0.0,3.0,0.0,0.0,0,0,0,0,1,0,0,1
System Call,Process,Rundll32,Unknown,40,2,0,7,80,49,3,2,3.0,1.0,3.0,1,0.0,0.0,0.0,0.0,3.0,0.0,0.0,0,0,0,0,1,0,0,1
System Call,Process,SQL Stored Procedures,Unknown,40,2,0,7,80,49,4,3,3.0,1.0,3.0,1,0.0,0.0,0.0,0.0,3.0,0.0,0.0,0,0,0,0,1,0,0,1
System Call,Process,Scheduled Task/Job,Unknown,40,2,0,7,80,49,5,4,3.0,1.0,3.0,1,0.0,0.0,0.0,0.0,3.0,0.0,0.0,0,0,0,0,1,0,0,1
System Call,Process,Screen Capture,Unknown,40,2,0,7,80,49,1,1,3.0,1.0,3.0,1,0.0,0.0,0.0,0.0,3.0,0.0,0.0,0,0,0,0,1,0,0,1
System Call,Process,Security Software Discovery,Unknown,40,2,0,7,80,49,3,1,3.0,1.0,3.0,1,0.0,0.0,0.0,0.0,3.0,0.0,0.0,0,0,0,0,1,0,0,1
System Call,Process,System Information Discovery,Unknown,40,2,0,7,80,49,3,2,3.0,1.0,3.0,1,0.0,0.0,0.0,0.0,3.0,0.0,0.0,0,0,0,0,1,0,0,1
System Call,Process,System Network Configuration Discovery,Unknown,40,2,0,7,80,49,4,2,3.0,1.0,3.0,1,0.0,0.0,0.0,0.0,3.0,0.0,0.0,0,0,0,0,1,0,0,1
System Call,Process,System Network Connections Discovery,Unknown,40,2,0,7,80,49,1,1,3.0,1.0,3.0,1,0.0,0.0,0.0,0.0,3.0,0.0,0.0,0,0,0,0,1,0,0,1
System Call,Process,System Owner/User Discovery,Unknown,40,2,0,7,80,49,9,5,3.0,1.0,3.0,1,0.0,0.0,0.0,0.0,3.0,0.0,0.0,0,0,0,0,1,0,0,1
System Call,Process,System Owner/User Discovery,Unknown,40,2,0,7,80,49,9,5,3.0,1.0,3.0,1,0.0,0.0,0.0,0.0,3.0,0.0,0.0,0,0,0,0,1,0,0,1
System Call,Process,System Service Discovery,Unknown,40,2,0,7,80,49,2,2,3.0,1.0,3.0,1,0.0,0.0,0.0,0.0,3.0,0.0,0.0,0,0,0,0,1,0,0,1
System Call,Process,System Time Discovery,Unknown,40,2,0,7,80,49,2,2,3.0,1.0,3.0,1,0.0,0.0,0.0,0.0,3.0,0.0,0.0,0,0,0,0,1,0,0,1
System Call,Process,Thread Execution Hijacking,Lateral Movement,40,2,0,7,80,49,3,1,3.0,1.0,3.0,1,0.0,0.0,0.0,0.0,3.0,0.0,0.0,0,0,0,0,1,0,0,1
System Call,Process,Thread Local Storage,Unknown,40,2,0,7,80,49,1,1,3.0,1.0,3.0,1,0.0,0.0,0.0,0.0,3.0,0.0,0.0,0,0,0,0,1,0,0,1
System Call,Process,Time Based Evasion,Unknown,40,2,0,7,80,49,2,1,3.0,1.0,3.0,1,0.0,0.0,0.0,0.0,3.0,0.0,0.0,0,0,0,0,1,0,0,1
System Call,Process,VDSO Hijacking,Lateral Movement,40,2,0,7,80,49,2,1,3.0,1.0,3.0,1,0.0,0.0,0.0,0.0,3.0,0.0,0.0,0,0,0,0,1,0,0,1
System Call,Process,Windows Management Instrumentation,Unknown,40,2,0,7,80,49,5,2,3.0,1.0,3.0,1,0.0,0.0,0.0,0.0,3.0,0.0,0.0,0,0,0,0,1,0,0,1
System Call,Process,XSL Script Processing,Unknown,40,2,0,7,80,49,5,2,3.0,1.0,3.0,1,0.0,0.0,0.0,0.0,3.0,0.0,0.0,0,0,0,0,1,0,0,1
System Configuration Database,Configuration,Add-ins,Unknown,13,1,0,0,26,14,4,1,0.0,0.0,0.0,0,0.0,0.0,0.0,0.0,0.0,0.0,0.0,0,0,0,0,0,0,0,1
System Configuration Database,Configuration,Component Object Model Hijacking,Lateral Movement,13,1,0,0,26,14,4,1,0.0,0.0,0.0,0,0.0,0.0,0.0,0.0,0.0,0.0,0.0,0,0,0,0,0,0,0,1
System Configuration Database,Configuration,Credentials in Registry,Unknown,13,1,0,0,26,14,2,1,0.0,0.0,0.0,0,0.0,0.0,0.0,0.0,0.0,0.0,0.0,0,0,0,0,0,0,0,1
System Configuration Database,Configuration,Elevated Execution with Prompt,Unknown,13,1,0,0,26,14,3,1,0.0,0.0,0.0,0,0.0,0.0,0.0,0.0,0.0,0.0,0.0,0,0,0,0,0,0,0,1
System Configuration Database,Configuration,Hidden File System,Unknown,13,1,0,0,26,14,3,1,0.0,0.0,0.0,0,0.0,0.0,0.0,0.0,0.0,0.0,0.0,0,0,0,0,0,0,0,1
System Configuration Database,Configuration,Hidden Window,Unknown,13,1,0,0,26,14,3,1,0.0,0.0,0.0,0,0.0,0.0,0.0,0.0,0.0,0.0,0.0,0,0,0,0,0,0,0,1
System Configuration Database,Configuration,Image File Execution Options Injection,Unknown,13,1,0,0,26,14,2,1,0.0,0.0,0.0,0,0.0,0.0,0.0,0.0,0.0,0.0,0.0,0,0,0,0,0,0,0,1
System Configuration Database,Configuration,MMC,Unknown,13,1,0,0,26,14,3,1,0.0,0.0,0.0,0,0.0,0.0,0.0,0.0,0.0,0.0,0.0,0,0,0,0,0,0,0,1
System Configuration Database,Configuration,Modify Registry,Unknown,13,1,0,0,26,14,2,1,0.0,0.0,0.0,0,0.0,0.0,0.0,0.0,0.0,0.0,0.0,0,0,0,0,0,0,0,1
System Configuration Database,Configuration,Query Registry,Unknown,13,1,0,0,26,14,3,1,0.0,0.0,0.0,0,0.0,0.0,0.0,0.0,0.0,0.0,0.0,0,0,0,0,0,0,0,1
System Configuration Database,Configuration,Rogue Domain Controller,Unknown,13,1,0,0,26,14,5,1,0.0,0.0,0.0,0,0.0,0.0,0.0,0.0,0.0,0.0,0.0,0,0,0,0,0,0,0,1
System Configuration Database,Configuration,System Language Discovery,Unknown,13,1,0,0,26,14,2,1,0.0,0.0,0.0,0,0.0,0.0,0.0,0.0,0.0,0.0,0.0,0,0,0,0,0,0,0,1
System Configuration Database,Configuration,Windows Service,Unknown,13,1,0,0,26,14,2,1,0.0,0.0,0.0,0,0.0,0.0,0.0,0.0,0.0,0.0,0.0,0,0,0,0,0,0,0,1
System Firmware,System,ROMMONkit,Unknown,2,1,0,0,4,3,3,3,0.0,0.0,0.0,0,0.0,0.0,0.0,0.0,0.0,0.0,0.0,0,0,0,0,0,0,0,1
System Firmware,System,System Firmware,Unknown,2,1,0,0,4,3,3,3,0.0,0.0,0.0,0,0.0,0.0,0.0,0.0,0.0,0.0,0.0,0,0,0,0,0,0,0,1
System Init Configuration,Configuration,RC Scripts,Unknown,5,1,0,0,10,6,4,2,0.0,0.0,0.0,0,0.0,0.0,0.0,0.0,0.0,0.0,0.0,0,0,0,0,0,0,0,1
System Init Configuration,Configuration,Registry Run Keys / Startup Folder,Unknown,5,1,0,0,10,6,5,2,0.0,0.0,0.0,0,0.0,0.0,0.0,0.0,0.0,0.0,0.0,0,0,0,0,0,0,0,1
System Init Configuration,Configuration,Safe Mode Boot,Unknown,5,1,0,0,10,6,3,2,0.0,0.0,0.0,0,0.0,0.0,0.0,0.0,0.0,0.0,0.0,0,0,0,0,0,0,0,1
System Init Configuration,Configuration,Services Registry Permissions Weakness,Unknown,5,1,0,0,10,6,3,2,0.0,0.0,0.0,0,0.0,0.0,0.0,0.0,0.0,0.0,0.0,0,0,0,0,0,0,0,1
System Init Configuration,Configuration,Startup Items,Unknown,5,1,0,0,10,6,3,3,0.0,0.0,0.0,0,0.0,0.0,0.0,0.0,0.0,0.0,0.0,0,0,0,0,0,0,0,1
URL,Network,Drive-by Compromise,Unknown,4,3,1,10,9,18,6,4,0.0,0.0,0.0,0,0.0,0.0,0.0,0.0,0.0,0.0,0.0,0,0,0,0,0,0,0,1
URL,Network,Malicious Link,Unknown,4,3,1,10,9,18,5,4,0.0,0.0,0.0,0,0.0,0.0,0.0,0.0,0.0,0.0,0.0,0,0,0,0,0,0,0,1
URL,Network,Spearphishing Link,Unknown,4,3,1,10,9,18,8,5,0.0,0.0,0.0,0,0.0,0.0,0.0,0.0,0.0,0.0,0.0,0,0,0,0,0,0,0,1
URL,Network,Spearphishing via Service,Unknown,4,3,1,10,9,18,3,1,0.0,0.0,0.0,0,0.0,0.0,0.0,0.0,0.0,0.0,0.0,0,0,0,0,0,0,0,1
User Account,Identity,Account Access Removal,Unknown,13,7,1,6,27,27,1,1,0.0,0.0,0.0,0,0.0,0.0,0.0,0.0,0.0,0.0,0.0,0,0,0,0,0,0,0,1
User Account,Identity,Account Manipulation,Unknown,13,7,1,6,27,27,1,1,0.0,0.0,0.0,0,0.0,0.0,0.0,0.0,0.0,0.0,0.0,0,0,0,0,0,0,0,1
User Account,Identity,Additional Cloud Roles,Unknown,13,7,1,6,27,27,2,2,0.0,0.0,0.0,0,0.0,0.0,0.0,0.0,0.0,0.0,0.0,0,0,0,0,0,0,0,1
User Account,Identity,Additional Email Delegate Permissions,Unknown,13,7,1,6,27,27,2,2,0.0,0.0,0.0,0,0.0,0.0,0.0,0.0,0.0,0.0,0.0,0,0,0,0,0,0,0,1
User Account,Identity,Cloud Account,Unknown,13,7,1,6,27,27,2,2,0.0,0.0,0.0,0,0.0,0.0,0.0,0.0,0.0,0.0,0.0,0,0,0,0,0,0,0,1
User Account,Identity,Cloud Account,Unknown,13,7,1,6,27,27,2,2,0.0,0.0,0.0,0,0.0,0.0,0.0,0.0,0.0,0.0,0.0,0,0,0,0,0,0,0,1
User Account,Identity,Cloud Accounts,Unknown,13,7,1,6,27,27,1,1,0.0,0.0,0.0,0,0.0,0.0,0.0,0.0,0.0,0.0,0.0,0,0,0,0,0,0,0,1
User Account,Identity,Create Account,Unknown,13,7,1,6,27,27,1,1,0.0,0.0,0.0,0,0.0,0.0,0.0,0.0,0.0,0.0,0.0,0,0,0,0,0,0,0,1
User Account,Identity,Default Accounts,Unknown,13,7,1,6,27,27,1,1,0.0,0.0,0.0,0,0.0,0.0,0.0,0.0,0.0,0.0,0.0,0,0,0,0,0,0,0,1
User Account,Identity,Domain Account,Unknown,13,7,1,6,27,27,4,4,0.0,0.0,0.0,0,0.0,0.0,0.0,0.0,0.0,0.0,0.0,0,0,0,0,0,0,0,1
User Account,Identity,Domain Account,Unknown,13,7,1,6,27,27,4,4,0.0,0.0,0.0,0,0.0,0.0,0.0,0.0,0.0,0.0,0.0,0,0,0,0,0,0,0,1
User Account,Identity,Domain Accounts,Unknown,13,7,1,6,27,27,2,2,0.0,0.0,0.0,0,0.0,0.0,0.0,0.0,0.0,0.0,0.0,0,0,0,0,0,0,0,1
User Account,Identity,Local Account,Unknown,13,7,1,6,27,27,4,4,0.0,0.0,0.0,0,0.0,0.0,0.0,0.0,0.0,0.0,0.0,0,0,0,0,0,0,0,1
User Account,Identity,Local Account,Unknown,13,7,1,6,27,27,4,4,0.0,0.0,0.0,0,0.0,0.0,0.0,0.0,0.0,0.0,0.0,0,0,0,0,0,0,0,1
User Account,Identity,Local Accounts,Unknown,13,7,1,6,27,27,2,2,0.0,0.0,0.0,0,0.0,0.0,0.0,0.0,0.0,0.0,0.0,0,0,0,0,0,0,0,1
User Account,Identity,Valid Accounts,Unknown,13,7,1,6,27,27,1,1,0.0,0.0,0.0,0,0.0,0.0,0.0,0.0,0.0,0.0,0.0,0,0,0,0,0,0,0,1
User Init Configuration File,File,Hidden Users,Unknown,2,1,0,6,4,9,2,2,0.0,0.0,0.0,0,0.0,0.0,0.0,0.0,0.0,0.0,0.0,0,0,0,0,0,0,0,1
User Init Configuration File,File,Unix Shell Configuration Modification,Unknown,2,1,0,6,4,9,2,2,0.0,0.0,0.0,0,0.0,0.0,0.0,0.0,0.0,0.0,0.0,0,0,0,0,0,0,0,1
Windows Registry Key,File,Impair Command History Logging,Unknown,1,1,1,6,3,9,7,4,3.5,1.0,3.5,1,0.0,0.0,0.0,0.0,3.5,0.0,0.0,0,0,0,0,1,0,0,1
Access Control Configuration,Configuration,Application Layer Protocol,Unknown,6,2,0,0,12,8,5,0,0.0,0.0,0.0,0,0.0,0.0,0.0,0.0,0.0,0.0,0.0,0,0,0,0,0,0,0,0
Access Control Configuration,Configuration,LC_LOAD_DYLIB Addition,Unknown,6,2,0,0,12,8,2,0,0.0,0.0,0.0,0,0.0,0.0,0.0,0.0,0.0,0.0,0.0,0,0,0,0,0,0,0,0
Access Control Configuration,Configuration,Hidden File System,Unknown,6,2,0,0,12,8,3,1,0.0,0.0,0.0,0,0.0,0.0,0.0,0.0,0.0,0.0,0.0,0,0,0,0,0,0,0,0
Access Control Configuration,Configuration,Exploitation of Remote Services,Lateral Movement,6,2,0,0,12,8,5,0,0.0,0.0,0.0,0,0.0,0.0,0.0,0.0,0.0,0.0,0.0,0,0,0,0,0,0,0,0
Access Control Configuration,Configuration,Exploitation of Remote Services,Lateral Movement,6,2,0,0,12,8,5,0,0.0,0.0,0.0,0,0.0,0.0,0.0,0.0,0.0,0.0,0.0,0,0,0,0,0,0,0,0
Access Control Configuration,Configuration,Data Obfuscation,Unknown,6,2,0,0,12,8,3,0,0.0,0.0,0.0,0,0.0,0.0,0.0,0.0,0.0,0.0,0.0,0,0,0,0,0,0,0,0
Access Control Configuration,Configuration,Compromise Host Software Binary,Unknown,6,2,0,0,12,8,1,0,0.0,0.0,0.0,0,0.0,0.0,0.0,0.0,0.0,0.0,0.0,0,0,0,0,0,0,0,0
Access Control Configuration,Configuration,Transport Agent,Unknown,6,2,0,0,12,8,5,0,0.0,0.0,0.0,0,0.0,0.0,0.0,0.0,0.0,0.0,0.0,0,0,0,0,0,0,0,0
Access Control Configuration,Configuration,Code Repositories,Unknown,6,2,0,0,12,8,1,0,0.0,0.0,0.0,0,0.0,0.0,0.0,0.0,0.0,0.0,0.0,0,0,0,0,0,0,0,0
Access Control Configuration,Configuration,Remote Service Session Hijacking,Lateral Movement,6,2,0,0,12,8,2,0,0.0,0.0,0.0,0,0.0,0.0,0.0,0.0,0.0,0.0,0.0,0,0,0,0,0,0,0,0
Access Control Configuration,Configuration,Remote Service Session Hijacking,Lateral Movement,6,2,0,0,12,8,2,0,0.0,0.0,0.0,0,0.0,0.0,0.0,0.0,0.0,0.0,0.0,0,0,0,0,0,0,0,0
Access Control Configuration,Configuration,Remote Service Session Hijacking,Lateral Movement,6,2,0,0,12,8,2,0,0.0,0.0,0.0,0,0.0,0.0,0.0,0.0,0.0,0.0,0.0,0,0,0,0,0,0,0,0
Access Control Configuration,Configuration,Archive via Custom Method,Unknown,6,2,0,0,12,8,1,0,0.0,0.0,0.0,0,0.0,0.0,0.0,0.0,0.0,0.0,0.0,0,0,0,0,0,0,0,0
Access Control Configuration,Configuration,Archive Collected Data,Unknown,6,2,0,0,12,8,1,0,0.0,0.0,0.0,0,0.0,0.0,0.0,0.0,0.0,0.0,0.0,0,0,0,0,0,0,0,0
Access Control Configuration,Configuration,Compile After Delivery,Unknown,6,2,0,0,12,8,2,0,0.0,0.0,0.0,0,0.0,0.0,0.0,0.0,0.0,0.0,0.0,0,0,0,0,0,0,0,0
Access Token,Identity,Exploitation for Defense Evasion,Unknown,7,2,1,6,15,16,3,0,5.5,2.0,3.5,2,3.5,0.0,0.0,0.0,0.0,0.0,0.0,0,0,0,1,0,0,0,0
Access Token,Identity,File Transfer Protocols,Unknown,7,2,1,6,15,16,4,0,5.5,2.0,3.5,2,3.5,0.0,0.0,0.0,0.0,0.0,0.0,0,0,0,1,0,0,0,0
Access Token,Identity,Sudo and Sudo Caching,Unknown,7,2,1,6,15,16,4,0,5.5,2.0,3.5,2,3.5,0.0,0.0,0.0,0.0,0.0,0.0,0,0,0,1,0,0,0,0
Access Token,Identity,Application Window Discovery,Unknown,7,2,1,6,15,16,2,0,5.5,2.0,3.5,2,3.5,0.0,0.0,0.0,0.0,0.0,0.0,0,0,0,1,0,0,0,0
Access Token,Identity,Video Capture,Unknown,7,2,1,6,15,16,3,0,5.5,2.0,3.5,2,3.5,0.0,0.0,0.0,0.0,0.0,0.0,0,0,0,1,0,0,0,0
Access Token,Identity,Exfiltration Over Other Network Medium,Unknown,7,2,1,6,15,16,1,0,5.5,2.0,3.5,2,3.5,0.0,0.0,0.0,0.0,0.0,0.0,0,0,0,1,0,0,0,0
Access Token,Identity,Trap,Unknown,7,2,1,6,15,16,6,0,5.5,2.0,3.5,2,3.5,0.0,0.0,0.0,0.0,0.0,0.0,0,0,0,1,0,0,0,0
Access Token,Identity,Remote Desktop Protocol,Lateral Movement,7,2,1,6,15,16,2,1,5.5,2.0,3.5,2,3.5,0.0,0.0,0.0,0.0,0.0,0.0,0,0,0,1,0,0,0,0
Access Token,Identity,Remote Desktop Protocol,Lateral Movement,7,2,1,6,15,16,2,1,5.5,2.0,3.5,2,3.5,0.0,0.0,0.0,0.0,0.0,0.0,0,0,0,1,0,0,0,0
Access Token,Identity,Exploitation for Privilege Escalation,Unknown,7,2,1,6,15,16,3,0,5.5,2.0,3.5,2,3.5,0.0,0.0,0.0,0.0,0.0,0.0,0,0,0,1,0,0,0,0
Access Token,Identity,SQL Stored Procedures,Unknown,7,2,1,6,15,16,4,0,5.5,2.0,3.5,2,3.5,0.0,0.0,0.0,0.0,0.0,0.0,0,0,0,1,0,0,0,0
Access Token,Identity,LLMNR/NBT-NS Poisoning and SMB Relay,Unknown,7,2,1,6,15,16,2,0,5.5,2.0,3.5,2,3.5,0.0,0.0,0.0,0.0,0.0,0.0,0,0,0,1,0,0,0,0
Access Token,Identity,Account Manipulation,Unknown,7,2,1,6,15,16,1,1,5.5,2.0,3.5,2,3.5,0.0,0.0,0.0,0.0,0.0,0.0,0,0,0,1,0,0,0,0
Access Token,Identity,Disk Structure Wipe,Unknown,7,2,1,6,15,16,1,0,5.5,2.0,3.5,2,3.5,0.0,0.0,0.0,0.0,0.0,0.0,0,0,0,1,0,0,0,0
Access Token,Identity,Remote Service Session Hijacking,Lateral Movement,7,2,1,6,15,16,2,1,5.5,2.0,3.5,2,3.5,0.0,0.0,0.0,0.0,0.0,0.0,0,0,0,1,0,0,0,0
Access Token,Identity,Remote Service Session Hijacking,Lateral Movement,7,2,1,6,15,16,2,1,5.5,2.0,3.5,2,3.5,0.0,0.0,0.0,0.0,0.0,0.0,0,0,0,1,0,0,0,0
Access Token,Identity,Remote Service Session Hijacking,Lateral Movement,7,2,1,6,15,16,2,1,5.5,2.0,3.5,2,3.5,0.0,0.0,0.0,0.0,0.0,0.0,0,0,0,1,0,0,0,0
Application Configuration,Configuration,Network Share Connection Removal,Unknown,4,2,0,0,8,6,1,0,0.0,0.0,0.0,0,0.0,0.0,0.0,0.0,0.0,0.0,0.0,0,0,0,0,0,0,0,0
Application Configuration,Configuration,LSA Secrets,Unknown,4,2,0,0,8,6,2,0,0.0,0.0,0.0,0,0.0,0.0,0.0,0.0,0.0,0.0,0.0,0,0,0,0,0,0,0,0
Application Configuration,Configuration,Disable or Modify System Firewall,Unknown,4,2,0,0,8,6,1,1,0.0,0.0,0.0,0,0.0,0.0,0.0,0.0,0.0,0.0,0.0,0,0,0,0,0,0,0,0
Application Configuration,Configuration,Exploitation for Defense Evasion,Unknown,4,2,0,0,8,6,3,0,0.0,0.0,0.0,0,0.0,0.0,0.0,0.0,0.0,0.0,0.0,0,0,0,0,0,0,0,0
Application Configuration,Configuration,Netsh Helper DLL,Unknown,4,2,0,0,8,6,3,1,0.0,0.0,0.0,0,0.0,0.0,0.0,0.0,0.0,0.0,0.0,0,0,0,0,0,0,0,0
Application Configuration,Configuration,Compromise Host Software Binary,Unknown,4,2,0,0,8,6,1,0,0.0,0.0,0.0,0,0.0,0.0,0.0,0.0,0.0,0.0,0.0,0,0,0,0,0,0,0,0
Application Configuration,Configuration,Compile After Delivery,Unknown,4,2,0,0,8,6,2,0,0.0,0.0,0.0,0,0.0,0.0,0.0,0.0,0.0,0.0,0.0,0,0,0,0,0,0,0,0
Application Configuration,Configuration,Port Monitors,Unknown,4,2,0,0,8,6,2,1,0.0,0.0,0.0,0,0.0,0.0,0.0,0.0,0.0,0.0,0.0,0,0,0,0,0,0,0,0
Boot Loader,System,Component Object Model Hijacking,Lateral Movement,1,1,0,0,2,2,4,0,0.0,0.0,0.0,0,0.0,0.0,0.0,0.0,0.0,0.0,0.0,0,0,0,0,0,0,0,0
Boot Loader,System,Outlook Forms,Unknown,1,1,0,0,2,2,2,0,0.0,0.0,0.0,0,0.0,0.0,0.0,0.0,0.0,0.0,0.0,0,0,0,0,0,0,0,0
Certificate File,File,Non-Application Layer Protocol,Unknown,5,1,0,6,10,12,3,0,0.0,0.0,0.0,0,0.0,0.0,0.0,0.0,0.0,0.0,0.0,0,0,0,0,0,0,0,0
Certificate File,File,Invalid Code Signature,Unknown,5,1,0,6,10,12,2,2,0.0,0.0,0.0,0,0.0,0.0,0.0,0.0,0.0,0.0,0.0,0,0,0,0,0,0,0,0
Certificate File,File,Automated Exfiltration,Unknown,5,1,0,6,10,12,1,0,0.0,0.0,0.0,0,0.0,0.0,0.0,0.0,0.0,0.0,0.0,0,0,0,0,0,0,0,0
Certificate File,File,Scheduled Transfer,Unknown,5,1,0,6,10,12,1,0,0.0,0.0,0.0,0,0.0,0.0,0.0,0.0,0.0,0.0,0.0,0,0,0,0,0,0,0,0
Certificate File,File,Thread Execution Hijacking,Lateral Movement,5,1,0,6,10,12,3,2,0.0,0.0,0.0,0,0.0,0.0,0.0,0.0,0.0,0.0,0.0,0,0,0,0,0,0,0,0
Certificate File,File,DCSync,Unknown,5,1,0,6,10,12,5,0,0.0,0.0,0.0,0,0.0,0.0,0.0,0.0,0.0,0.0,0.0,0,0,0,0,0,0,0,0
Certificate File,File,Port Knocking,Unknown,5,1,0,6,10,12,1,0,0.0,0.0,0.0,0,0.0,0.0,0.0,0.0,0.0,0.0,0.0,0,0,0,0,0,0,0,0
Certificate File,File,Cloud Service Discovery,Unknown,5,1,0,6,10,12,1,0,0.0,0.0,0.0,0,0.0,0.0,0.0,0.0,0.0,0.0,0.0,0,0,0,0,0,0,0,0
Certificate File,File,Trap,Unknown,5,1,0,6,10,12,6,4,0.0,0.0,0.0,0,0.0,0.0,0.0,0.0,0.0,0.0,0.0,0,0,0,0,0,0,0,0
Certificate File,File,Local Accounts,Unknown,5,1,0,6,10,12,2,0,0.0,0.0,0.0,0,0.0,0.0,0.0,0.0,0.0,0.0,0.0,0,0,0,0,0,0,0,0
Configuration Resource,Configuration,Remote Access Tools,Unknown,43,2,0,0,86,45,3,0,0.0,0.0,0.0,0,0.0,0.0,0.0,0.0,0.0,0.0,0.0,0,0,0,0,0,0,0,0
Configuration Resource,Configuration,External Defacement,Unknown,43,2,0,0,86,45,1,0,0.0,0.0,0.0,0,0.0,0.0,0.0,0.0,0.0,0.0,0.0,0,0,0,0,0,0,0,0
Configuration Resource,Configuration,Communication Through Removable Media,Unknown,43,2,0,0,86,45,2,0,0.0,0.0,0.0,0,0.0,0.0,0.0,0.0,0.0,0.0,0.0,0,0,0,0,0,0,0,0
Configuration Resource,Configuration,Bootkit,Unknown,43,2,0,0,86,45,2,0,0.0,0.0,0.0,0,0.0,0.0,0.0,0.0,0.0,0.0,0.0,0,0,0,0,0,0,0,0
Configuration Resource,Configuration,Internal Spearphishing,Unknown,43,2,0,0,86,45,3,0,0.0,0.0,0.0,0,0.0,0.0,0.0,0.0,0.0,0.0,0.0,0,0,0,0,0,0,0,0
Configuration Resource,Configuration,Mshta,Unknown,43,2,0,0,86,45,4,0,0.0,0.0,0.0,0,0.0,0.0,0.0,0.0,0.0,0.0,0.0,0,0,0,0,0,0,0,0
Configuration Resource,Configuration,Compromise Hardware Supply Chain,Unknown,43,2,0,0,86,45,1,0,0.0,0.0,0.0,0,0.0,0.0,0.0,0.0,0.0,0.0,0.0,0,0,0,0,0,0,0,0
Configuration Resource,Configuration,Spearphishing Link,Unknown,43,2,0,0,86,45,8,0,0.0,0.0,0.0,0,0.0,0.0,0.0,0.0,0.0,0.0,0.0,0,0,0,0,0,0,0,0
Configuration Resource,Configuration,Data Obfuscation,Unknown,43,2,0,0,86,45,3,0,0.0,0.0,0.0,0,0.0,0.0,0.0,0.0,0.0,0.0,0.0,0,0,0,0,0,0,0,0
Configuration Resource,Configuration,Steal Web Session Cookie,Credential Access,43,2,0,0,86,45,1,0,0.0,0.0,0.0,0,0.0,0.0,0.0,0.0,0.0,0.0,0.0,0,0,0,0,0,0,0,0
Configuration Resource,Configuration,Steal Web Session Cookie,Credential Access,43,2,0,0,86,45,1,0,0.0,0.0,0.0,0,0.0,0.0,0.0,0.0,0.0,0.0,0.0,0,0,0,0,0,0,0,0
Configuration Resource,Configuration,Steal Web Session Cookie,Credential Access,43,2,0,0,86,45,1,0,0.0,0.0,0.0,0,0.0,0.0,0.0,0.0,0.0,0.0,0.0,0,0,0,0,0,0,0,0
Configuration Resource,Configuration,CMSTP,Unknown,43,2,0,0,86,45,3,0,0.0,0.0,0.0,0,0.0,0.0,0.0,0.0,0.0,0.0,0.0,0,0,0,0,0,0,0,0
Configuration Resource,Configuration,Exploitation of Remote Services,Lateral Movement,43,2,0,0,86,45,5,0,0.0,0.0,0.0,0,0.0,0.0,0.0,0.0,0.0,0.0,0.0,0,0,0,0,0,0,0,0
Configuration Resource,Configuration,Exploitation of Remote Services,Lateral Movement,43,2,0,0,86,45,5,0,0.0,0.0,0.0,0,0.0,0.0,0.0,0.0,0.0,0.0,0.0,0,0,0,0,0,0,0,0
Configuration Resource,Configuration,Domain Accounts,Unknown,43,2,0,0,86,45,2,0,0.0,0.0,0.0,0,0.0,0.0,0.0,0.0,0.0,0.0,0.0,0,0,0,0,0,0,0,0
Configuration Resource,Configuration,Web Shell,Unknown,43,2,0,0,86,45,5,0,0.0,0.0,0.0,0,0.0,0.0,0.0,0.0,0.0,0.0,0.0,0,0,0,0,0,0,0,0
Configuration Resource,Configuration,Password Guessing,Unknown,43,2,0,0,86,45,4,2,0.0,0.0,0.0,0,0.0,0.0,0.0,0.0,0.0,0.0,0.0,0,0,0,0,0,0,0,0
Configuration Resource,Configuration,Software Deployment Tools,Unknown,43,2,0,0,86,45,4,0,0.0,0.0,0.0,0,0.0,0.0,0.0,0.0,0.0,0.0,0.0,0,0,0,0,0,0,0,0
Configuration Resource,Configuration,Exploitation for Client Execution,Unknown,43,2,0,0,86,45,3,0,0.0,0.0,0.0,0,0.0,0.0,0.0,0.0,0.0,0.0,0.0,0,0,0,0,0,0,0,0
Configuration Resource,Configuration,Compromise Host Software Binary,Unknown,43,2,0,0,86,45,1,0,0.0,0.0,0.0,0,0.0,0.0,0.0,0.0,0.0,0.0,0.0,0,0,0,0,0,0,0,0
Configuration Resource,Configuration,Exploitation for Credential Access,Unknown,43,2,0,0,86,45,7,0,0.0,0.0,0.0,0,0.0,0.0,0.0,0.0,0.0,0.0,0.0,0,0,0,0,0,0,0,0
Configuration Resource,Configuration,Exfiltration to Cloud Storage,Unknown,43,2,0,0,86,45,3,0,0.0,0.0,0.0,0,0.0,0.0,0.0,0.0,0.0,0.0,0.0,0,0,0,0,0,0,0,0
Configuration Resource,Configuration,DCSync,Unknown,43,2,0,0,86,45,5,2,0.0,0.0,0.0,0,0.0,0.0,0.0,0.0,0.0,0.0,0.0,0,0,0,0,0,0,0,0
Configuration Resource,Configuration,PowerShell Profile,Unknown,43,2,0,0,86,45,2,0,0.0,0.0,0.0,0,0.0,0.0,0.0,0.0,0.0,0.0,0.0,0,0,0,0,0,0,0,0
Configuration Resource,Configuration,Disk Content Wipe,Unknown,43,2,0,0,86,45,1,0,0.0,0.0,0.0,0,0.0,0.0,0.0,0.0,0.0,0.0,0.0,0,0,0,0,0,0,0,0
Configuration Resource,Configuration,Query Registry,Unknown,43,2,0,0,86,45,3,1,0.0,0.0,0.0,0,0.0,0.0,0.0,0.0,0.0,0.0,0.0,0,0,0,0,0,0,0,0
Configuration Resource,Configuration,Process Discovery,Unknown,43,2,0,0,86,45,2,0,0.0,0.0,0.0,0,0.0,0.0,0.0,0.0,0.0,0.0,0.0,0,0,0,0,0,0,0,0
Configuration Resource,Configuration,Path Interception by Search Order Hijacking,Lateral Movement,43,2,0,0,86,45,2,0,0.0,0.0,0.0,0,0.0,0.0,0.0,0.0,0.0,0.0,0.0,0,0,0,0,0,0,0,0
Configuration Resource,Configuration,Automated Collection,Unknown,43,2,0,0,86,45,1,0,0.0,0.0,0.0,0,0.0,0.0,0.0,0.0,0.0,0.0,0.0,0,0,0,0,0,0,0,0
Configuration Resource,Configuration,Network Share Connection Removal,Unknown,43,2,0,0,86,45,1,0,0.0,0.0,0.0,0,0.0,0.0,0.0,0.0,0.0,0.0,0.0,0,0,0,0,0,0,0,0
Configuration Resource,Configuration,Unsecured Credentials,Unknown,43,2,0,0,86,45,1,0,0.0,0.0,0.0,0,0.0,0.0,0.0,0.0,0.0,0.0,0.0,0,0,0,0,0,0,0,0
Configuration Resource,Configuration,Compromise Software Supply Chain,Unknown,43,2,0,0,86,45,1,0,0.0,0.0,0.0,0,0.0,0.0,0.0,0.0,0.0,0.0,0.0,0,0,0,0,0,0,0,0
Configuration Resource,Configuration,Logon Script (Windows),Unknown,43,2,0,0,86,45,2,0,0.0,0.0,0.0,0,0.0,0.0,0.0,0.0,0.0,0.0,0.0,0,0,0,0,0,0,0,0
Configuration Resource,Configuration,Remote Data Staging,Unknown,43,2,0,0,86,45,1,0,0.0,0.0,0.0,0,0.0,0.0,0.0,0.0,0.0,0.0,0.0,0,0,0,0,0,0,0,0
Configuration Resource,Configuration,Data from Network Shared Drive,Unknown,43,2,0,0,86,45,1,0,0.0,0.0,0.0,0,0.0,0.0,0.0,0.0,0.0,0.0,0.0,0,0,0,0,0,0,0,0
Configuration Resource,Configuration,Trap,Unknown,43,2,0,0,86,45,6,2,0.0,0.0,0.0,0,0.0,0.0,0.0,0.0,0.0,0.0,0.0,0,0,0,0,0,0,0,0
Configuration Resource,Configuration,Kerberoasting,Unknown,43,2,0,0,86,45,2,0,0.0,0.0,0.0,0,0.0,0.0,0.0,0.0,0.0,0.0,0.0,0,0,0,0,0,0,0,0
Configuration Resource,Configuration,VDSO Hijacking,Lateral Movement,43,2,0,0,86,45,2,0,0.0,0.0,0.0,0,0.0,0.0,0.0,0.0,0.0,0.0,0.0,0,0,0,0,0,0,0,0
Configuration Resource,Configuration,Disk Structure Wipe,Unknown,43,2,0,0,86,45,1,0,0.0,0.0,0.0,0,0.0,0.0,0.0,0.0,0.0,0.0,0.0,0,0,0,0,0,0,0,0
Configuration Resource,Configuration,Password Spraying,Unknown,43,2,0,0,86,45,7,2,0.0,0.0,0.0,0,0.0,0.0,0.0,0.0,0.0,0.0,0.0,0,0,0,0,0,0,0,0
Configuration Resource,Configuration,Process Hollowing,Unknown,43,2,0,0,86,45,2,0,0.0,0.0,0.0,0,0.0,0.0,0.0,0.0,0.0,0.0,0.0,0,0,0,0,0,0,0,0
Configuration Resource,Configuration,Malicious Link,Unknown,43,2,0,0,86,45,5,0,0.0,0.0,0.0,0,0.0,0.0,0.0,0.0,0.0,0.0,0.0,0,0,0,0,0,0,0,0
Configuration Resource,Configuration,DLL Side-Loading,Unknown,43,2,0,0,86,45,2,0,0.0,0.0,0.0,0,0.0,0.0,0.0,0.0,0.0,0.0,0.0,0,0,0,0,0,0,0,0
Configuration Resource,Configuration,Process Doppelgänging,Unknown,43,2,0,0,86,45,2,0,0.0,0.0,0.0,0,0.0,0.0,0.0,0.0,0.0,0.0,0.0,0,0,0,0,0,0,0,0
Configuration Resource,Configuration,Exfiltration Over Asymmetric Encrypted Non-C2 Protocol,Unknown,43,2,0,0,86,45,5,0,0.0,0.0,0.0,0,0.0,0.0,0.0,0.0,0.0,0.0,0.0,0,0,0,0,0,0,0,0
Configuration Resource,Configuration,Software Packing,Unknown,43,2,0,0,86,45,2,0,0.0,0.0,0.0,0,0.0,0.0,0.0,0.0,0.0,0.0,0.0,0,0,0,0,0,0,0,0
Configuration Resource,Configuration,Rootkit,Unknown,43,2,0,0,86,45,3,0,0.0,0.0,0.0,0,0.0,0.0,0.0,0.0,0.0,0.0,0.0,0,0,0,0,0,0,0,0
Configuration Resource,Configuration,Rundll32,Unknown,43,2,0,0,86,45,3,0,0.0,0.0,0.0,0,0.0,0.0,0.0,0.0,0.0,0.0,0.0,0,0,0,0,0,0,0,0
Configuration Resource,Configuration,Archive via Utility,Unknown,43,2,0,0,86,45,1,0,0.0,0.0,0.0,0,0.0,0.0,0.0,0.0,0.0,0.0,0.0,0,0,0,0,0,0,0,0
Configuration Resource,Configuration,Data Encoding,Unknown,43,2,0,0,86,45,3,0,0.0,0.0,0.0,0,0.0,0.0,0.0,0.0,0.0,0.0,0.0,0,0,0,0,0,0,0,0
Configuration Resource,Configuration,Services File Permissions Weakness,Unknown,43,2,0,0,86,45,2,0,0.0,0.0,0.0,0,0.0,0.0,0.0,0.0,0.0,0.0,0.0,0,0,0,0,0,0,0,0
Configuration Resource,Configuration,Application Access Token,Credential Access,43,2,0,0,86,45,3,0,0.0,0.0,0.0,0,0.0,0.0,0.0,0.0,0.0,0.0,0.0,0,0,0,0,0,0,0,0
Configuration Resource,Configuration,Application Access Token,Credential Access,43,2,0,0,86,45,3,0,0.0,0.0,0.0,0,0.0,0.0,0.0,0.0,0.0,0.0,0.0,0,0,0,0,0,0,0,0
Configuration Resource,Configuration,Screen Capture,Unknown,43,2,0,0,86,45,1,0,0.0,0.0,0.0,0,0.0,0.0,0.0,0.0,0.0,0.0,0.0,0,0,0,0,0,0,0,0
Configuration Resource,Configuration,Encrypted Channel,Unknown,43,2,0,0,86,45,3,0,0.0,0.0,0.0,0,0.0,0.0,0.0,0.0,0.0,0.0,0.0,0,0,0,0,0,0,0,0
Configuration Resource,Configuration,File Deletion,Unknown,43,2,0,0,86,45,2,0,0.0,0.0,0.0,0,0.0,0.0,0.0,0.0,0.0,0.0,0.0,0,0,0,0,0,0,0,0
Configuration Resource,Configuration,Time Based Evasion,Unknown,43,2,0,0,86,45,2,0,0.0,0.0,0.0,0,0.0,0.0,0.0,0.0,0.0,0.0,0.0,0,0,0,0,0,0,0,0
Configuration Resource,Configuration,Asynchronous Procedure Call,Unknown,43,2,0,0,86,45,2,0,0.0,0.0,0.0,0,0.0,0.0,0.0,0.0,0.0,0.0,0.0,0,0,0,0,0,0,0,0
Configuration Resource,Configuration,DHCP Spoofing,Unknown,43,2,0,0,86,45,1,0,0.0,0.0,0.0,0,0.0,0.0,0.0,0.0,0.0,0.0,0.0,0,0,0,0,0,0,0,0
Configuration Resource,Configuration,Mavinject,Unknown,43,2,0,0,86,45,2,0,0.0,0.0,0.0,0,0.0,0.0,0.0,0.0,0.0,0.0,0.0,0,0,0,0,0,0,0,0
Configuration Resource,Configuration,Reflection Amplification,Unknown,43,2,0,0,86,45,3,0,0.0,0.0,0.0,0,0.0,0.0,0.0,0.0,0.0,0.0,0.0,0,0,0,0,0,0,0,0
Configuration Resource,Configuration,Unix Shell Configuration Modification,Unknown,43,2,0,0,86,45,2,0,0.0,0.0,0.0,0,0.0,0.0,0.0,0.0,0.0,0.0,0.0,0,0,0,0,0,0,0,0
Configuration Resource,Configuration,Sharepoint,Unknown,43,2,0,0,86,45,1,0,0.0,0.0,0.0,0,0.0,0.0,0.0,0.0,0.0,0.0,0.0,0,0,0,0,0,0,0,0
Configuration Resource,Configuration,Plist Modification,Unknown,43,2,0,0,86,45,1,0,0.0,0.0,0.0,0,0.0,0.0,0.0,0.0,0.0,0.0,0.0,0,0,0,0,0,0,0,0
Configuration Resource,Configuration,Lateral Tool Transfer,Unknown,43,2,0,0,86,45,3,0,0.0,0.0,0.0,0,0.0,0.0,0.0,0.0,0.0,0.0,0.0,0,0,0,0,0,0,0,0
Configuration Resource,Configuration,Fallback Channels,Unknown,43,2,0,0,86,45,3,0,0.0,0.0,0.0,0,0.0,0.0,0.0,0.0,0.0,0.0,0.0,0,0,0,0,0,0,0,0
Configuration Resource,Configuration,Path Interception by PATH Environment Variable,Unknown,43,2,0,0,86,45,2,0,0.0,0.0,0.0,0,0.0,0.0,0.0,0.0,0.0,0.0,0.0,0,0,0,0,0,0,0,0
Configuration Resource,Configuration,Invalid Code Signature,Unknown,43,2,0,0,86,45,2,0,0.0,0.0,0.0,0,0.0,0.0,0.0,0.0,0.0,0.0,0.0,0,0,0,0,0,0,0,0
Configuration Resource,Configuration,Compile After Delivery,Unknown,43,2,0,0,86,45,2,0,0.0,0.0,0.0,0,0.0,0.0,0.0,0.0,0.0,0.0,0.0,0,0,0,0,0,0,0,0
Configuration Resource,Configuration,Disable or Modify Tools,Unknown,43,2,0,0,86,45,2,0,0.0,0.0,0.0,0,0.0,0.0,0.0,0.0,0.0,0.0,0.0,0,0,0,0,0,0,0,0
Configuration Resource,Configuration,Windows Management Instrumentation Event Subscription,Unknown,43,2,0,0,86,45,5,2,0.0,0.0,0.0,0,0.0,0.0,0.0,0.0,0.0,0.0,0.0,0,0,0,0,0,0,0,0
Configuration Resource,Configuration,Data from Removable Media,Unknown,43,2,0,0,86,45,2,0,0.0,0.0,0.0,0,0.0,0.0,0.0,0.0,0.0,0.0,0.0,0,0,0,0,0,0,0,0
Configuration Resource,Configuration,Remote Services,Lateral Movement,43,2,0,0,86,45,2,0,0.0,0.0,0.0,0,0.0,0.0,0.0,0.0,0.0,0.0,0.0,0,0,0,0,0,0,0,0
Configuration Resource,Configuration,Remote Services,Lateral Movement,43,2,0,0,86,45,2,0,0.0,0.0,0.0,0,0.0,0.0,0.0,0.0,0.0,0.0,0.0,0,0,0,0,0,0,0,0
Configuration Resource,Configuration,Masquerade Task or Service,Unknown,43,2,0,0,86,45,1,1,0.0,0.0,0.0,0,0.0,0.0,0.0,0.0,0.0,0.0,0.0,0,0,0,0,0,0,0,0
Configuration Resource,Configuration,MMC,Unknown,43,2,0,0,86,45,3,1,0.0,0.0,0.0,0,0.0,0.0,0.0,0.0,0.0,0.0,0.0,0,0,0,0,0,0,0,0
Configuration Resource,Configuration,Rogue Domain Controller,Unknown,43,2,0,0,86,45,5,1,0.0,0.0,0.0,0,0.0,0.0,0.0,0.0,0.0,0.0,0.0,0,0,0,0,0,0,0,0
Configuration Resource,Configuration,Multi-Factor Authentication Interception,Unknown,43,2,0,0,86,45,1,0,0.0,0.0,0.0,0,0.0,0.0,0.0,0.0,0.0,0.0,0.0,0,0,0,0,0,0,0,0
Configuration Resource,Configuration,Hidden Users,Unknown,43,2,0,0,86,45,2,0,0.0,0.0,0.0,0,0.0,0.0,0.0,0.0,0.0,0.0,0.0,0,0,0,0,0,0,0,0
Configuration Resource,Configuration,Remote Email Collection,Unknown,43,2,0,0,86,45,3,0,0.0,0.0,0.0,0,0.0,0.0,0.0,0.0,0.0,0.0,0.0,0,0,0,0,0,0,0,0
Configuration Resource,Configuration,Service Exhaustion Flood,Unknown,43,2,0,0,86,45,3,0,0.0,0.0,0.0,0,0.0,0.0,0.0,0.0,0.0,0.0,0.0,0,0,0,0,0,0,0,0
Configuration Resource,Configuration,Exploit Public-Facing Application,Unknown,43,2,0,0,86,45,5,1,0.0,0.0,0.0,0,0.0,0.0,0.0,0.0,0.0,0.0,0.0,0,0,0,0,0,0,0,0
Configuration Resource,Configuration,Video Capture,Unknown,43,2,0,0,86,45,3,0,0.0,0.0,0.0,0,0.0,0.0,0.0,0.0,0.0,0.0,0.0,0,0,0,0,0,0,0,0
Configuration Resource,Configuration,Resource Forking,Unknown,43,2,0,0,86,45,2,0,0.0,0.0,0.0,0,0.0,0.0,0.0,0.0,0.0,0.0,0.0,0,0,0,0,0,0,0,0
Configuration Resource,Configuration,Launchd,Unknown,43,2,0,0,86,45,1,0,0.0,0.0,0.0,0,0.0,0.0,0.0,0.0,0.0,0.0,0.0,0,0,0,0,0,0,0,0
Configuration Resource,Configuration,LSASS Memory,Unknown,43,2,0,0,86,45,2,0,0.0,0.0,0.0,0,0.0,0.0,0.0,0.0,0.0,0.0,0.0,0,0,0,0,0,0,0,0
Configuration Resource,Configuration,Windows Management Instrumentation,Unknown,43,2,0,0,86,45,5,0,0.0,0.0,0.0,0,0.0,0.0,0.0,0.0,0.0,0.0,0.0,0,0,0,0,0,0,0,0
Configuration Resource,Configuration,Archive via Custom Method,Unknown,43,2,0,0,86,45,1,0,0.0,0.0,0.0,0,0.0,0.0,0.0,0.0,0.0,0.0,0.0,0,0,0,0,0,0,0,0
Configuration Resource,Configuration,Clear Linux or Mac System Logs,Unknown,43,2,0,0,86,45,2,0,0.0,0.0,0.0,0,0.0,0.0,0.0,0.0,0.0,0.0,0.0,0,0,0,0,0,0,0,0
Configuration Resource,Configuration,Component Object Model Hijacking,Lateral Movement,43,2,0,0,86,45,4,1,0.0,0.0,0.0,0,0.0,0.0,0.0,0.0,0.0,0.0,0.0,0,0,0,0,0,0,0,0
Container Image,System,Disable or Modify Tools,Unknown,1,1,0,0,2,2,2,0,0.0,0.0,0.0,0,0.0,0.0,0.0,0.0,0.0,0.0,0.0,0,0,0,0,0,0,0,0
Container Image,System,Remote Data Staging,Unknown,1,1,0,0,2,2,1,1,0.0,0.0,0.0,0,0.0,0.0,0.0,0.0,0.0,0.0,0.0,0,0,0,0,0,0,0,0
Create File,File,COR_PROFILER,Unknown,2,1,0,0,4,3,3,2,0.0,0.0,0.0,0,0.0,0.0,0.0,0.0,0.0,0.0,0.0,0,0,0,0,0,0,0,0
Create File,File,Portable Executable Injection,Unknown,2,1,0,0,4,3,1,1,0.0,0.0,0.0,0,0.0,0.0,0.0,0.0,0.0,0.0,0.0,0,0,0,0,0,0,0,0
Create File,File,Port Knocking,Unknown,2,1,0,0,4,3,1,0,0.0,0.0,0.0,0,0.0,0.0,0.0,0.0,0.0,0.0,0.0,0,0,0,0,0,0,0,0
Create File,File,Screensaver,Unknown,2,1,0,0,4,3,4,3,0.0,0.0,0.0,0,0.0,0.0,0.0,0.0,0.0,0.0,0.0,0,0,0,0,0,0,0,0
Create Process,Process,VDSO Hijacking,Lateral Movement,24,4,0,7,48,35,2,1,3.0,1.0,3.0,1,0.0,0.0,0.0,0.0,3.0,0.0,0.0,0,0,0,0,1,0,0,0
Create Process,Process,Internal Proxy,Unknown,24,4,0,7,48,35,2,0,3.0,1.0,3.0,1,0.0,0.0,0.0,0.0,3.0,0.0,0.0,0,0,0,0,1,0,0,0
Create Process,Process,Additional Cloud Credentials,Unknown,24,4,0,7,48,35,4,0,3.0,1.0,3.0,1,0.0,0.0,0.0,0.0,3.0,0.0,0.0,0,0,0,0,1,0,0,0
Create Process,Process,DHCP Spoofing,Unknown,24,4,0,7,48,35,1,0,3.0,1.0,3.0,1,0.0,0.0,0.0,0.0,3.0,0.0,0.0,0,0,0,0,1,0,0,0
Create Process,Process,Web Protocols,Unknown,24,4,0,7,48,35,5,0,3.0,1.0,3.0,1,0.0,0.0,0.0,0.0,3.0,0.0,0.0,0,0,0,0,1,0,0,0
Create Process,Process,LLMNR/NBT-NS Poisoning and SMB Relay,Unknown,24,4,0,7,48,35,2,0,3.0,1.0,3.0,1,0.0,0.0,0.0,0.0,3.0,0.0,0.0,0,0,0,0,1,0,0,0
Create Process,Process,Outlook Forms,Unknown,24,4,0,7,48,35,2,0,3.0,1.0,3.0,1,0.0,0.0,0.0,0.0,3.0,0.0,0.0,0,0,0,0,1,0,0,0
Create Process,Process,DCSync,Unknown,24,4,0,7,48,35,5,0,3.0,1.0,3.0,1,0.0,0.0,0.0,0.0,3.0,0.0,0.0,0,0,0,0,1,0,0,0
Create Process,Process,MMC,Unknown,24,4,0,7,48,35,3,0,3.0,1.0,3.0,1,0.0,0.0,0.0,0.0,3.0,0.0,0.0,0,0,0,0,1,0,0,0
Create Process,Process,Scheduled Transfer,Unknown,24,4,0,7,48,35,1,0,3.0,1.0,3.0,1,0.0,0.0,0.0,0.0,3.0,0.0,0.0,0,0,0,0,1,0,0,0
Create Process,Process,Drive-by Compromise,Unknown,24,4,0,7,48,35,6,1,3.0,1.0,3.0,1,0.0,0.0,0.0,0.0,3.0,0.0,0.0,0,0,0,0,1,0,0,0
Create Process,Process,Setuid and Setgid,Unknown,24,4,0,7,48,35,2,0,3.0,1.0,3.0,1,0.0,0.0,0.0,0.0,3.0,0.0,0.0,0,0,0,0,1,0,0,0
Create Process,Process,Accessibility Features,Unknown,24,4,0,7,48,35,7,0,3.0,1.0,3.0,1,0.0,0.0,0.0,0.0,3.0,0.0,0.0,0,0,0,0,1,0,0,0
Create Process,Process,Keylogging,Unknown,24,4,0,7,48,35,2,0,3.0,1.0,3.0,1,0.0,0.0,0.0,0.0,3.0,0.0,0.0,0,0,0,0,1,0,0,0
Create Process,Process,Thread Execution Hijacking,Lateral Movement,24,4,0,7,48,35,3,1,3.0,1.0,3.0,1,0.0,0.0,0.0,0.0,3.0,0.0,0.0,0,0,0,0,1,0,0,0
Create Process,Process,Exfiltration Over Alternative Protocol,Unknown,24,4,0,7,48,35,1,0,3.0,1.0,3.0,1,0.0,0.0,0.0,0.0,3.0,0.0,0.0,0,0,0,0,1,0,0,0
Create Process,Process,Time Providers,Unknown,24,4,0,7,48,35,2,0,3.0,1.0,3.0,1,0.0,0.0,0.0,0.0,3.0,0.0,0.0,0,0,0,0,1,0,0,0
Create Process,Process,Credentials from Password Stores,Unknown,24,4,0,7,48,35,2,0,3.0,1.0,3.0,1,0.0,0.0,0.0,0.0,3.0,0.0,0.0,0,0,0,0,1,0,0,0
Create Process,Process,Mail Protocols,Unknown,24,4,0,7,48,35,3,0,3.0,1.0,3.0,1,0.0,0.0,0.0,0.0,3.0,0.0,0.0,0,0,0,0,1,0,0,0
Create Process,Process,Exploit Public-Facing Application,Unknown,24,4,0,7,48,35,5,1,3.0,1.0,3.0,1,0.0,0.0,0.0,0.0,3.0,0.0,0.0,0,0,0,0,1,0,0,0
Create Process,Process,Domain or Tenant Policy Modification,Unknown,24,4,0,7,48,35,2,0,3.0,1.0,3.0,1,0.0,0.0,0.0,0.0,3.0,0.0,0.0,0,0,0,0,1,0,0,0
Create Process,Process,Proc Memory,Unknown,24,4,0,7,48,35,4,0,3.0,1.0,3.0,1,0.0,0.0,0.0,0.0,3.0,0.0,0.0,0,0,0,0,1,0,0,0
Create Process,Process,Dynamic Linker Hijacking,Lateral Movement,24,4,0,7,48,35,2,0,3.0,1.0,3.0,1,0.0,0.0,0.0,0.0,3.0,0.0,0.0,0,0,0,0,1,0,0,0
Create Process,Process,Web Session Cookie,Credential Access,24,4,0,7,48,35,2,0,3.0,1.0,3.0,1,0.0,0.0,0.0,0.0,3.0,0.0,0.0,0,0,0,0,1,0,0,0
Create Process,Process,Valid Accounts,Unknown,24,4,0,7,48,35,1,0,3.0,1.0,3.0,1,0.0,0.0,0.0,0.0,3.0,0.0,0.0,0,0,0,0,1,0,0,0
Create Process,Process,/etc/passwd and /etc/shadow,Unknown,24,4,0,7,48,35,3,0,3.0,1.0,3.0,1,0.0,0.0,0.0,0.0,3.0,0.0,0.0,0,0,0,0,1,0,0,0
Create Process,Process,Native API,Unknown,24,4,0,7,48,35,1,1,3.0,1.0,3.0,1,0.0,0.0,0.0,0.0,3.0,0.0,0.0,0,0,0,0,1,0,0,0
Create Process,Process,System Language Discovery,Unknown,24,4,0,7,48,35,2,0,3.0,1.0,3.0,1,0.0,0.0,0.0,0.0,3.0,0.0,0.0,0,0,0,0,1,0,0,0
Create Process,Process,Application Access Token,Credential Access,24,4,0,7,48,35,3,0,3.0,1.0,3.0,1,0.0,0.0,0.0,0.0,3.0,0.0,0.0,0,0,0,0,1,0,0,0
Create Process,Process,Application Access Token,Credential Access,24,4,0,7,48,35,3,0,3.0,1.0,3.0,1,0.0,0.0,0.0,0.0,3.0,0.0,0.0,0,0,0,0,1,0,0,0
Create Process,Process,Pluggable Authentication Modules,Unknown,24,4,0,7,48,35,2,0,3.0,1.0,3.0,1,0.0,0.0,0.0,0.0,3.0,0.0,0.0,0,0,0,0,1,0,0,0
Create Process,Process,Match Legitimate Resource Name or Location,Unknown,24,4,0,7,48,35,2,1,3.0,1.0,3.0,1,0.0,0.0,0.0,0.0,3.0,0.0,0.0,0,0,0,0,1,0,0,0
Create Process,Process,Hidden Window,Unknown,24,4,0,7,48,35,3,0,3.0,1.0,3.0,1,0.0,0.0,0.0,0.0,3.0,0.0,0.0,0,0,0,0,1,0,0,0
Create Process,Process,Clear Command History,Unknown,24,4,0,7,48,35,2,0,3.0,1.0,3.0,1,0.0,0.0,0.0,0.0,3.0,0.0,0.0,0,0,0,0,1,0,0,0
Create Process,Process,IIS Components,Unknown,24,4,0,7,48,35,1,0,3.0,1.0,3.0,1,0.0,0.0,0.0,0.0,3.0,0.0,0.0,0,0,0,0,1,0,0,0
Create Process,Process,Communication Through Removable Media,Unknown,24,4,0,7,48,35,2,0,3.0,1.0,3.0,1,0.0,0.0,0.0,0.0,3.0,0.0,0.0,0,0,0,0,1,0,0,0
Create Process,Process,Component Object Model Hijacking,Lateral Movement,24,4,0,7,48,35,4,0,3.0,1.0,3.0,1,0.0,0.0,0.0,0.0,3.0,0.0,0.0,0,0,0,0,1,0,0,0
Create Process,Process,Symmetric Cryptography,Unknown,24,4,0,7,48,35,3,0,3.0,1.0,3.0,1,0.0,0.0,0.0,0.0,3.0,0.0,0.0,0,0,0,0,1,0,0,0
Create Process,Process,Cloud Service Dashboard,Unknown,24,4,0,7,48,35,1,0,3.0,1.0,3.0,1,0.0,0.0,0.0,0.0,3.0,0.0,0.0,0,0,0,0,1,0,0,0
Create Process,Process,Video Capture,Unknown,24,4,0,7,48,35,3,0,3.0,1.0,3.0,1,0.0,0.0,0.0,0.0,3.0,0.0,0.0,0,0,0,0,1,0,0,0
Create Process,Process,Data Transfer Size Limits,Unknown,24,4,0,7,48,35,1,0,3.0,1.0,3.0,1,0.0,0.0,0.0,0.0,3.0,0.0,0.0,0,0,0,0,1,0,0,0
Create Process,Process,Data from Local System,Unknown,24,4,0,7,48,35,1,0,3.0,1.0,3.0,1,0.0,0.0,0.0,0.0,3.0,0.0,0.0,0,0,0,0,1,0,0,0
Create Process,Process,Steal Application Access Token,Credential Access,24,4,0,7,48,35,2,0,3.0,1.0,3.0,1,0.0,0.0,0.0,0.0,3.0,0.0,0.0,0,0,0,0,1,0,0,0
Create Process,Process,Steal Application Access Token,Credential Access,24,4,0,7,48,35,2,0,3.0,1.0,3.0,1,0.0,0.0,0.0,0.0,3.0,0.0,0.0,0,0,0,0,1,0,0,0
Create Process,Process,Steal Application Access Token,Credential Access,24,4,0,7,48,35,2,0,3.0,1.0,3.0,1,0.0,0.0,0.0,0.0,3.0,0.0,0.0,0,0,0,0,1,0,0,0
Create Process,Process,Dynamic-link Library Injection,Unknown,24,4,0,7,48,35,3,1,3.0,1.0,3.0,1,0.0,0.0,0.0,0.0,3.0,0.0,0.0,0,0,0,0,1,0,0,0
Create Process,Process,LC_LOAD_DYLIB Addition,Unknown,24,4,0,7,48,35,2,0,3.0,1.0,3.0,1,0.0,0.0,0.0,0.0,3.0,0.0,0.0,0,0,0,0,1,0,0,0
Create Process,Process,SID-History Injection,Unknown,24,4,0,7,48,35,2,0,3.0,1.0,3.0,1,0.0,0.0,0.0,0.0,3.0,0.0,0.0,0,0,0,0,1,0,0,0
Create Process,Process,External Proxy,Unknown,24,4,0,7,48,35,3,0,3.0,1.0,3.0,1,0.0,0.0,0.0,0.0,3.0,0.0,0.0,0,0,0,0,1,0,0,0
Create Process,Process,Exploitation for Client Execution,Unknown,24,4,0,7,48,35,3,3,3.0,1.0,3.0,1,0.0,0.0,0.0,0.0,3.0,0.0,0.0,0,0,0,0,1,0,0,0
Create Process,Process,Modify Authentication Process,Unknown,24,4,0,7,48,35,2,1,3.0,1.0,3.0,1,0.0,0.0,0.0,0.0,3.0,0.0,0.0,0,0,0,0,1,0,0,0
Credential,Identity,Remote Access Tools,Unknown,18,9,1,6,37,34,3,0,5.5,2.0,3.5,2,3.5,0.0,0.0,0.0,0.0,0.0,0.0,0,0,0,1,0,0,0,0
Credential,Identity,Process Discovery,Unknown,18,9,1,6,37,34,2,0,5.5,2.0,3.5,2,3.5,0.0,0.0,0.0,0.0,0.0,0.0,0,0,0,1,0,0,0,0
Credential,Identity,Safe Mode Boot,Unknown,18,9,1,6,37,34,3,0,5.5,2.0,3.5,2,3.5,0.0,0.0,0.0,0.0,0.0,0.0,0,0,0,1,0,0,0,0
Credential,Identity,Thread Local Storage,Unknown,18,9,1,6,37,34,1,0,5.5,2.0,3.5,2,3.5,0.0,0.0,0.0,0.0,0.0,0.0,0,0,0,1,0,0,0,0
Credential,Identity,Security Software Discovery,Unknown,18,9,1,6,37,34,3,0,5.5,2.0,3.5,2,3.5,0.0,0.0,0.0,0.0,0.0,0.0,0,0,0,1,0,0,0,0
Credential,Identity,DHCP Spoofing,Unknown,18,9,1,6,37,34,1,0,5.5,2.0,3.5,2,3.5,0.0,0.0,0.0,0.0,0.0,0.0,0,0,0,1,0,0,0,0
Credential,Identity,IIS Components,Unknown,18,9,1,6,37,34,1,0,5.5,2.0,3.5,2,3.5,0.0,0.0,0.0,0.0,0.0,0.0,0,0,0,1,0,0,0,0
Credential,Identity,File Deletion,Unknown,18,9,1,6,37,34,2,0,5.5,2.0,3.5,2,3.5,0.0,0.0,0.0,0.0,0.0,0.0,0,0,0,1,0,0,0,0
Credential,Identity,Clear Linux or Mac System Logs,Unknown,18,9,1,6,37,34,2,0,5.5,2.0,3.5,2,3.5,0.0,0.0,0.0,0.0,0.0,0.0,0,0,0,1,0,0,0,0
Credential,Identity,Office Template Macros,Unknown,18,9,1,6,37,34,6,0,5.5,2.0,3.5,2,3.5,0.0,0.0,0.0,0.0,0.0,0.0,0,0,0,1,0,0,0,0
Credential,Identity,Application Shimming,Unknown,18,9,1,6,37,34,2,0,5.5,2.0,3.5,2,3.5,0.0,0.0,0.0,0.0,0.0,0.0,0,0,0,1,0,0,0,0
Credential,Identity,Windows Management Instrumentation Event Subscription,Unknown,18,9,1,6,37,34,5,0,5.5,2.0,3.5,2,3.5,0.0,0.0,0.0,0.0,0.0,0.0,0,0,0,1,0,0,0,0
Credential,Identity,File and Directory Discovery,Unknown,18,9,1,6,37,34,2,0,5.5,2.0,3.5,2,3.5,0.0,0.0,0.0,0.0,0.0,0.0,0,0,0,1,0,0,0,0
Credential,Identity,External Proxy,Unknown,18,9,1,6,37,34,3,0,5.5,2.0,3.5,2,3.5,0.0,0.0,0.0,0.0,0.0,0.0,0,0,0,1,0,0,0,0
Credential,Identity,Add-ins,Unknown,18,9,1,6,37,34,4,0,5.5,2.0,3.5,2,3.5,0.0,0.0,0.0,0.0,0.0,0.0,0,0,0,1,0,0,0,0
Credential,Identity,Cloud Instance Metadata API,Unknown,18,9,1,6,37,34,1,0,5.5,2.0,3.5,2,3.5,0.0,0.0,0.0,0.0,0.0,0.0,0,0,0,1,0,0,0,0
Credential,Identity,Change Default File Association,Unknown,18,9,1,6,37,34,2,0,5.5,2.0,3.5,2,3.5,0.0,0.0,0.0,0.0,0.0,0.0,0,0,0,1,0,0,0,0
Credential,Identity,Cloud Account,Unknown,18,9,1,6,37,34,2,2,5.5,2.0,3.5,2,3.5,0.0,0.0,0.0,0.0,0.0,0.0,0,0,0,1,0,0,0,0
Credential,Identity,Asymmetric Cryptography,Unknown,18,9,1,6,37,34,5,0,5.5,2.0,3.5,2,3.5,0.0,0.0,0.0,0.0,0.0,0.0,0,0,0,1,0,0,0,0
Credential,Identity,Network Share Connection Removal,Unknown,18,9,1,6,37,34,1,0,5.5,2.0,3.5,2,3.5,0.0,0.0,0.0,0.0,0.0,0.0,0,0,0,1,0,0,0,0
Credential,Identity,Thread Execution Hijacking,Lateral Movement,18,9,1,6,37,34,3,0,5.5,2.0,3.5,2,3.5,0.0,0.0,0.0,0.0,0.0,0.0,0,0,0,1,0,0,0,0
Credential,Identity,Group Policy Preferences,Unknown,18,9,1,6,37,34,2,0,5.5,2.0,3.5,2,3.5,0.0,0.0,0.0,0.0,0.0,0.0,0,0,0,1,0,0,0,0
Credential,Identity,Lateral Tool Transfer,Unknown,18,9,1,6,37,34,3,0,5.5,2.0,3.5,2,3.5,0.0,0.0,0.0,0.0,0.0,0.0,0,0,0,1,0,0,0,0
Credential,Identity,Stored Data Manipulation,Unknown,18,9,1,6,37,34,1,0,5.5,2.0,3.5,2,3.5,0.0,0.0,0.0,0.0,0.0,0.0,0,0,0,1,0,0,0,0
Credential,Identity,Exploitation for Privilege Escalation,Unknown,18,9,1,6,37,34,3,0,5.5,2.0,3.5,2,3.5,0.0,0.0,0.0,0.0,0.0,0.0,0,0,0,1,0,0,0,0
Credential,Identity,Valid Accounts,Unknown,18,9,1,6,37,34,1,1,5.5,2.0,3.5,2,3.5,0.0,0.0,0.0,0.0,0.0,0.0,0,0,0,1,0,0,0,0
Credential,Identity,Data Transfer Size Limits,Unknown,18,9,1,6,37,34,1,0,5.5,2.0,3.5,2,3.5,0.0,0.0,0.0,0.0,0.0,0.0,0,0,0,1,0,0,0,0
Credential,Identity,Software Packing,Unknown,18,9,1,6,37,34,2,0,5.5,2.0,3.5,2,3.5,0.0,0.0,0.0,0.0,0.0,0.0,0,0,0,1,0,0,0,0
Credential,Identity,Hidden Users,Unknown,18,9,1,6,37,34,2,0,5.5,2.0,3.5,2,3.5,0.0,0.0,0.0,0.0,0.0,0.0,0,0,0,1,0,0,0,0
Credential,Identity,Remote Service Session Hijacking,Lateral Movement,18,9,1,6,37,34,2,1,5.5,2.0,3.5,2,3.5,0.0,0.0,0.0,0.0,0.0,0.0,0,0,0,1,0,0,0,0
Credential,Identity,Remote Service Session Hijacking,Lateral Movement,18,9,1,6,37,34,2,1,5.5,2.0,3.5,2,3.5,0.0,0.0,0.0,0.0,0.0,0.0,0,0,0,1,0,0,0,0
Credential,Identity,Remote Service Session Hijacking,Lateral Movement,18,9,1,6,37,34,2,1,5.5,2.0,3.5,2,3.5,0.0,0.0,0.0,0.0,0.0,0.0,0,0,0,1,0,0,0,0
Credential,Identity,Exfiltration Over C2 Channel,Unknown,18,9,1,6,37,34,3,0,5.5,2.0,3.5,2,3.5,0.0,0.0,0.0,0.0,0.0,0.0,0,0,0,1,0,0,0,0
Credential,Identity,Compromise Host Software Binary,Unknown,18,9,1,6,37,34,1,0,5.5,2.0,3.5,2,3.5,0.0,0.0,0.0,0.0,0.0,0.0,0,0,0,1,0,0,0,0
Credential,Identity,Compromise Software Dependencies and Development Tools,Unknown,18,9,1,6,37,34,1,0,5.5,2.0,3.5,2,3.5,0.0,0.0,0.0,0.0,0.0,0.0,0,0,0,1,0,0,0,0
Credential,Identity,SIP and Trust Provider Hijacking,Lateral Movement,18,9,1,6,37,34,2,0,5.5,2.0,3.5,2,3.5,0.0,0.0,0.0,0.0,0.0,0.0,0,0,0,1,0,0,0,0
Credential,Identity,Path Interception by Search Order Hijacking,Lateral Movement,18,9,1,6,37,34,2,0,5.5,2.0,3.5,2,3.5,0.0,0.0,0.0,0.0,0.0,0.0,0,0,0,1,0,0,0,0
Credential,Identity,Run Virtual Instance,Unknown,18,9,1,6,37,34,6,0,5.5,2.0,3.5,2,3.5,0.0,0.0,0.0,0.0,0.0,0.0,0,0,0,1,0,0,0,0
DNS Lookup,Network,ROMMONkit,Unknown,1,1,1,10,3,13,3,0,5.5,2.0,3.5,2,0.0,0.0,3.5,0.0,0.0,0.0,0.0,0,1,0,0,0,0,0,0
DNS Lookup,Network,Screen Capture,Unknown,1,1,1,10,3,13,1,0,5.5,2.0,3.5,2,0.0,0.0,3.5,0.0,0.0,0.0,0.0,0,1,0,0,0,0,0,0
DNS Network Traffic,Network,Binary Padding,Unknown,2,1,0,10,4,13,2,0,9.5,4.0,3.5,3,0.0,0.0,3.5,0.0,0.0,0.0,2.0,0,1,0,0,0,0,1,0
DNS Network Traffic,Network,Component Object Model Hijacking,Lateral Movement,2,1,0,10,4,13,4,0,9.5,4.0,3.5,3,0.0,0.0,3.5,0.0,0.0,0.0,2.0,0,1,0,0,0,0,1,0
DNS Network Traffic,Network,CMSTP,Unknown,2,1,0,10,4,13,3,1,9.5,4.0,3.5,3,0.0,0.0,3.5,0.0,0.0,0.0,2.0,0,1,0,0,0,0,1,0
DNS Network Traffic,Network,Query Registry,Unknown,2,1,0,10,4,13,3,0,9.5,4.0,3.5,3,0.0,0.0,3.5,0.0,0.0,0.0,2.0,0,1,0,0,0,0,1,0
Database,File,Password Cracking,Unknown,22,2,0,0,44,24,2,1,0.0,0.0,0.0,0,0.0,0.0,0.0,0.0,0.0,0.0,0.0,0,0,0,0,0,0,0,0
Database,File,Credential API Hooking,Unknown,22,2,0,0,44,24,2,0,0.0,0.0,0.0,0,0.0,0.0,0.0,0.0,0.0,0.0,0.0,0,0,0,0,0,0,0,0
Database,File,Internal Spearphishing,Unknown,22,2,0,0,44,24,3,2,0.0,0.0,0.0,0,0.0,0.0,0.0,0.0,0.0,0.0,0.0,0,0,0,0,0,0,0,0
Database,File,Exfiltration Over Web Service,Unknown,22,2,0,0,44,24,3,0,0.0,0.0,0.0,0,0.0,0.0,0.0,0.0,0.0,0.0,0.0,0,0,0,0,0,0,0,0
Database,File,Exfiltration Over Unencrypted Non-C2 Protocol,Unknown,22,2,0,0,44,24,3,0,0.0,0.0,0.0,0,0.0,0.0,0.0,0.0,0.0,0.0,0.0,0,0,0,0,0,0,0,0
Database,File,Web Portal Capture,Unknown,22,2,0,0,44,24,2,0,0.0,0.0,0.0,0,0.0,0.0,0.0,0.0,0.0,0.0,0.0,0,0,0,0,0,0,0,0
Database,File,Services Registry Permissions Weakness,Unknown,22,2,0,0,44,24,3,1,0.0,0.0,0.0,0,0.0,0.0,0.0,0.0,0.0,0.0,0.0,0,0,0,0,0,0,0,0
Database,File,Direct Network Flood,Unknown,22,2,0,0,44,24,3,0,0.0,0.0,0.0,0,0.0,0.0,0.0,0.0,0.0,0.0,0.0,0,0,0,0,0,0,0,0
Database,File,SQL Stored Procedures,Unknown,22,2,0,0,44,24,4,0,0.0,0.0,0.0,0,0.0,0.0,0.0,0.0,0.0,0.0,0.0,0,0,0,0,0,0,0,0
Database,File,Exfiltration Over Asymmetric Encrypted Non-C2 Protocol,Unknown,22,2,0,0,44,24,5,2,0.0,0.0,0.0,0,0.0,0.0,0.0,0.0,0.0,0.0,0.0,0,0,0,0,0,0,0,0
Database,File,Local Data Staging,Unknown,22,2,0,0,44,24,3,2,0.0,0.0,0.0,0,0.0,0.0,0.0,0.0,0.0,0.0,0.0,0,0,0,0,0,0,0,0
Database,File,Space after Filename,Unknown,22,2,0,0,44,24,1,1,0.0,0.0,0.0,0,0.0,0.0,0.0,0.0,0.0,0.0,0.0,0,0,0,0,0,0,0,0
Database,File,Cloud Instance Metadata API,Unknown,22,2,0,0,44,24,1,0,0.0,0.0,0.0,0,0.0,0.0,0.0,0.0,0.0,0.0,0.0,0,0,0,0,0,0,0,0
Database,File,Security Support Provider,Unknown,22,2,0,0,44,24,2,1,0.0,0.0,0.0,0,0.0,0.0,0.0,0.0,0.0,0.0,0.0,0,0,0,0,0,0,0,0
Database,File,Winlogon Helper DLL,Unknown,22,2,0,0,44,24,2,1,0.0,0.0,0.0,0,0.0,0.0,0.0,0.0,0.0,0.0,0.0,0,0,0,0,0,0,0,0
Database,File,Compromise Software Supply Chain,Unknown,22,2,0,0,44,24,1,0,0.0,0.0,0.0,0,0.0,0.0,0.0,0.0,0.0,0.0,0.0,0,0,0,0,0,0,0,0
Database,File,Binary Padding,Unknown,22,2,0,0,44,24,2,2,0.0,0.0,0.0,0,0.0,0.0,0.0,0.0,0.0,0.0,0.0,0,0,0,0,0,0,0,0
Database,File,Web Service,Unknown,22,2,0,0,44,24,3,0,0.0,0.0,0.0,0,0.0,0.0,0.0,0.0,0.0,0.0,0.0,0,0,0,0,0,0,0,0
Database,File,AppCert DLLs,Unknown,22,2,0,0,44,24,5,2,0.0,0.0,0.0,0,0.0,0.0,0.0,0.0,0.0,0.0,0.0,0,0,0,0,0,0,0,0
Database,File,Compromise Hardware Supply Chain,Unknown,22,2,0,0,44,24,1,0,0.0,0.0,0.0,0,0.0,0.0,0.0,0.0,0.0,0.0,0.0,0,0,0,0,0,0,0,0
Database,File,Hidden Users,Unknown,22,2,0,0,44,24,2,2,0.0,0.0,0.0,0,0.0,0.0,0.0,0.0,0.0,0.0,0.0,0,0,0,0,0,0,0,0
Database,File,Dynamic Resolution,Unknown,22,2,0,0,44,24,5,0,0.0,0.0,0.0,0,0.0,0.0,0.0,0.0,0.0,0.0,0.0,0,0,0,0,0,0,0,0
Database,File,Replication Through Removable Media,Unknown,22,2,0,0,44,24,2,0,0.0,0.0,0.0,0,0.0,0.0,0.0,0.0,0.0,0.0,0.0,0,0,0,0,0,0,0,0
Database,File,System Information Discovery,Unknown,22,2,0,0,44,24,3,0,0.0,0.0,0.0,0,0.0,0.0,0.0,0.0,0.0,0.0,0.0,0,0,0,0,0,0,0,0
Database,File,Symmetric Cryptography,Unknown,22,2,0,0,44,24,3,0,0.0,0.0,0.0,0,0.0,0.0,0.0,0.0,0.0,0.0,0.0,0,0,0,0,0,0,0,0
Database,File,External Proxy,Unknown,22,2,0,0,44,24,3,0,0.0,0.0,0.0,0,0.0,0.0,0.0,0.0,0.0,0.0,0.0,0,0,0,0,0,0,0,0
Database,File,Remote Services,Lateral Movement,22,2,0,0,44,24,2,0,0.0,0.0,0.0,0,0.0,0.0,0.0,0.0,0.0,0.0,0.0,0,0,0,0,0,0,0,0
Database,File,Remote Services,Lateral Movement,22,2,0,0,44,24,2,0,0.0,0.0,0.0,0,0.0,0.0,0.0,0.0,0.0,0.0,0.0,0,0,0,0,0,0,0,0
Database,File,COR_PROFILER,Unknown,22,2,0,0,44,24,3,2,0.0,0.0,0.0,0,0.0,0.0,0.0,0.0,0.0,0.0,0.0,0,0,0,0,0,0,0,0
Database,File,Dynamic Linker Hijacking,Lateral Movement,22,2,0,0,44,24,2,2,0.0,0.0,0.0,0,0.0,0.0,0.0,0.0,0.0,0.0,0.0,0,0,0,0,0,0,0,0
Database,File,RDP Hijacking,Lateral Movement,22,2,0,0,44,24,1,0,0.0,0.0,0.0,0,0.0,0.0,0.0,0.0,0.0,0.0,0.0,0,0,0,0,0,0,0,0
Database,File,RDP Hijacking,Lateral Movement,22,2,0,0,44,24,1,0,0.0,0.0,0.0,0,0.0,0.0,0.0,0.0,0.0,0.0,0.0,0,0,0,0,0,0,0,0
Database,File,RDP Hijacking,Lateral Movement,22,2,0,0,44,24,1,0,0.0,0.0,0.0,0,0.0,0.0,0.0,0.0,0.0,0.0,0.0,0,0,0,0,0,0,0,0
Database,File,Account Access Removal,Unknown,22,2,0,0,44,24,1,0,0.0,0.0,0.0,0,0.0,0.0,0.0,0.0,0.0,0.0,0.0,0,0,0,0,0,0,0,0
Database,File,Registry Run Keys / Startup Folder,Unknown,22,2,0,0,44,24,5,3,0.0,0.0,0.0,0,0.0,0.0,0.0,0.0,0.0,0.0,0.0,0,0,0,0,0,0,0,0
Database,File,LSASS Memory,Unknown,22,2,0,0,44,24,2,0,0.0,0.0,0.0,0,0.0,0.0,0.0,0.0,0.0,0.0,0.0,0,0,0,0,0,0,0,0
Database,File,Shortcut Modification,Unknown,22,2,0,0,44,24,2,2,0.0,0.0,0.0,0,0.0,0.0,0.0,0.0,0.0,0.0,0.0,0,0,0,0,0,0,0,0
Database,File,MSBuild,Unknown,22,2,0,0,44,24,2,1,0.0,0.0,0.0,0,0.0,0.0,0.0,0.0,0.0,0.0,0.0,0,0,0,0,0,0,0,0
Database,File,System Location Discovery,Unknown,22,2,0,0,44,24,1,0,0.0,0.0,0.0,0,0.0,0.0,0.0,0.0,0.0,0.0,0.0,0,0,0,0,0,0,0,0
Database,File,Domain Fronting,Unknown,22,2,0,0,44,24,3,0,0.0,0.0,0.0,0,0.0,0.0,0.0,0.0,0.0,0.0,0.0,0,0,0,0,0,0,0,0
Database,File,Masquerade Task or Service,Unknown,22,2,0,0,44,24,1,0,0.0,0.0,0.0,0,0.0,0.0,0.0,0.0,0.0,0.0,0.0,0,0,0,0,0,0,0,0
Database,File,Fallback Channels,Unknown,22,2,0,0,44,24,3,0,0.0,0.0,0.0,0,0.0,0.0,0.0,0.0,0.0,0.0,0.0,0,0,0,0,0,0,0,0
Database,File,CMSTP,Unknown,22,2,0,0,44,24,3,0,0.0,0.0,0.0,0,0.0,0.0,0.0,0.0,0.0,0.0,0.0,0,0,0,0,0,0,0,0
Database,File,Web Session Cookie,Credential Access,22,2,0,0,44,24,2,0,0.0,0.0,0.0,0,0.0,0.0,0.0,0.0,0.0,0.0,0.0,0,0,0,0,0,0,0,0
Database,File,Cached Domain Credentials,Unknown,22,2,0,0,44,24,2,0,0.0,0.0,0.0,0,0.0,0.0,0.0,0.0,0.0,0.0,0.0,0,0,0,0,0,0,0,0
Database,File,Native API,Unknown,22,2,0,0,44,24,1,0,0.0,0.0,0.0,0,0.0,0.0,0.0,0.0,0.0,0.0,0.0,0,0,0,0,0,0,0,0
Database,File,Stored Data Manipulation,Unknown,22,2,0,0,44,24,1,1,0.0,0.0,0.0,0,0.0,0.0,0.0,0.0,0.0,0.0,0.0,0,0,0,0,0,0,0,0
Database Query,Configuration,Spearphishing via Service,Unknown,1,1,0,0,2,2,3,0,0.0,0.0,0.0,0,0.0,0.0,0.0,0.0,0.0,0.0,0.0,0,0,0,0,0,0,0,0
Database Query,Configuration,System Owner/User Discovery,Unknown,1,1,0,0,2,2,9,1,0.0,0.0,0.0,0,0.0,0.0,0.0,0.0,0.0,0.0,0.0,0,0,0,0,0,0,0,0
Database Record,File,Downgrade Attack,Unknown,23,1,0,0,46,24,1,0,0.0,0.0,0.0,0,0.0,0.0,0.0,0.0,0.0,0.0,0.0,0,0,0,0,0,0,0,0
Database Record,File,Clear Linux or Mac System Logs,Unknown,23,1,0,0,46,24,2,2,0.0,0.0,0.0,0,0.0,0.0,0.0,0.0,0.0,0.0,0.0,0,0,0,0,0,0,0,0
Database Record,File,Token Impersonation/Theft,Credential Access,23,1,0,0,46,24,2,0,0.0,0.0,0.0,0,0.0,0.0,0.0,0.0,0.0,0.0,0.0,0,0,0,0,0,0,0,0
Database Record,File,Token Impersonation/Theft,Credential Access,23,1,0,0,46,24,2,0,0.0,0.0,0.0,0,0.0,0.0,0.0,0.0,0.0,0.0,0.0,0,0,0,0,0,0,0,0
Database Record,File,Compiled HTML File,Unknown,23,1,0,0,46,24,3,1,0.0,0.0,0.0,0,0.0,0.0,0.0,0.0,0.0,0.0,0.0,0,0,0,0,0,0,0,0
Database Record,File,Exfiltration Over Other Network Medium,Unknown,23,1,0,0,46,24,1,0,0.0,0.0,0.0,0,0.0,0.0,0.0,0.0,0.0,0.0,0.0,0,0,0,0,0,0,0,0
Database Record,File,Cloud Service Discovery,Unknown,23,1,0,0,46,24,1,0,0.0,0.0,0.0,0,0.0,0.0,0.0,0.0,0.0,0.0,0.0,0,0,0,0,0,0,0,0
Database Record,File,Cloud Service Dashboard,Unknown,23,1,0,0,46,24,1,0,0.0,0.0,0.0,0,0.0,0.0,0.0,0.0,0.0,0.0,0.0,0,0,0,0,0,0,0,0
Database Record,File,Hardware Additions,Unknown,23,1,0,0,46,24,1,0,0.0,0.0,0.0,0,0.0,0.0,0.0,0.0,0.0,0.0,0.0,0,0,0,0,0,0,0,0
Database Record,File,Remote Services,Lateral Movement,23,1,0,0,46,24,2,0,0.0,0.0,0.0,0,0.0,0.0,0.0,0.0,0.0,0.0,0.0,0,0,0,0,0,0,0,0
Database Record,File,Remote Services,Lateral Movement,23,1,0,0,46,24,2,0,0.0,0.0,0.0,0,0.0,0.0,0.0,0.0,0.0,0.0,0.0,0,0,0,0,0,0,0,0
Database Record,File,DNS,Unknown,23,1,0,0,46,24,5,0,0.0,0.0,0.0,0,0.0,0.0,0.0,0.0,0.0,0.0,0.0,0,0,0,0,0,0,0,0
Database Record,File,Implant Internal Image,Unknown,23,1,0,0,46,24,1,0,0.0,0.0,0.0,0,0.0,0.0,0.0,0.0,0.0,0.0,0.0,0,0,0,0,0,0,0,0
Database Record,File,Automated Exfiltration,Unknown,23,1,0,0,46,24,1,0,0.0,0.0,0.0,0,0.0,0.0,0.0,0.0,0.0,0.0,0.0,0,0,0,0,0,0,0,0
Database Record,File,Rundll32,Unknown,23,1,0,0,46,24,3,1,0.0,0.0,0.0,0,0.0,0.0,0.0,0.0,0.0,0.0,0.0,0,0,0,0,0,0,0,0
Database Record,File,Unsecured Credentials,Unknown,23,1,0,0,46,24,1,0,0.0,0.0,0.0,0,0.0,0.0,0.0,0.0,0.0,0.0,0.0,0,0,0,0,0,0,0,0
Database Record,File,Mshta,Unknown,23,1,0,0,46,24,4,2,0.0,0.0,0.0,0,0.0,0.0,0.0,0.0,0.0,0.0,0.0,0,0,0,0,0,0,0,0
Database Record,File,Keychain,Unknown,23,1,0,0,46,24,2,1,0.0,0.0,0.0,0,0.0,0.0,0.0,0.0,0.0,0.0,0.0,0,0,0,0,0,0,0,0
Database Record,File,Exploitation for Credential Access,Unknown,23,1,0,0,46,24,7,0,0.0,0.0,0.0,0,0.0,0.0,0.0,0.0,0.0,0.0,0.0,0,0,0,0,0,0,0,0
Database Record,File,Modify Registry,Unknown,23,1,0,0,46,24,2,1,0.0,0.0,0.0,0,0.0,0.0,0.0,0.0,0.0,0.0,0.0,0,0,0,0,0,0,0,0
Database Record,File,Hidden Users,Unknown,23,1,0,0,46,24,2,2,0.0,0.0,0.0,0,0.0,0.0,0.0,0.0,0.0,0.0,0.0,0,0,0,0,0,0,0,0
Database Record,File,LC_LOAD_DYLIB Addition,Unknown,23,1,0,0,46,24,2,2,0.0,0.0,0.0,0,0.0,0.0,0.0,0.0,0.0,0.0,0.0,0,0,0,0,0,0,0,0
Database Record,File,Remote Data Staging,Unknown,23,1,0,0,46,24,1,0,0.0,0.0,0.0,0,0.0,0.0,0.0,0.0,0.0,0.0,0.0,0,0,0,0,0,0,0,0
Database Record,File,Data from Removable Media,Unknown,23,1,0,0,46,24,2,0,0.0,0.0,0.0,0,0.0,0.0,0.0,0.0,0.0,0.0,0.0,0,0,0,0,0,0,0,0
Database Record,File,Make and Impersonate Token,Defense Evasion,23,1,0,0,46,24,5,0,0.0,0.0,0.0,0,0.0,0.0,0.0,0.0,0.0,0.0,0.0,0,0,0,0,0,0,0,0
Database Record,File,Make and Impersonate Token,Credential Access,23,1,0,0,46,24,5,0,0.0,0.0,0.0,0,0.0,0.0,0.0,0.0,0.0,0.0,0.0,0,0,0,0,0,0,0,0
Database Record,File,Make and Impersonate Token,Credential Access,23,1,0,0,46,24,5,0,0.0,0.0,0.0,0,0.0,0.0,0.0,0.0,0.0,0.0,0.0,0,0,0,0,0,0,0,0
Database Record,File,Space after Filename,Unknown,23,1,0,0,46,24,1,1,0.0,0.0,0.0,0,0.0,0.0,0.0,0.0,0.0,0.0,0.0,0,0,0,0,0,0,0,0
Database Record,File,Code Repositories,Unknown,23,1,0,0,46,24,1,1,0.0,0.0,0.0,0,0.0,0.0,0.0,0.0,0.0,0.0,0.0,0,0,0,0,0,0,0,0
Database Record,File,Additional Cloud Credentials,Unknown,23,1,0,0,46,24,4,0,0.0,0.0,0.0,0,0.0,0.0,0.0,0.0,0.0,0.0,0.0,0,0,0,0,0,0,0,0
Database Record,File,Credential API Hooking,Unknown,23,1,0,0,46,24,2,0,0.0,0.0,0.0,0,0.0,0.0,0.0,0.0,0.0,0.0,0.0,0,0,0,0,0,0,0,0
Database Record,File,Web Service,Unknown,23,1,0,0,46,24,3,0,0.0,0.0,0.0,0,0.0,0.0,0.0,0.0,0.0,0.0,0.0,0,0,0,0,0,0,0,0
Database Record,File,External Proxy,Unknown,23,1,0,0,46,24,3,0,0.0,0.0,0.0,0,0.0,0.0,0.0,0.0,0.0,0.0,0.0,0,0,0,0,0,0,0,0
Database Record,File,Time Based Evasion,Unknown,23,1,0,0,46,24,2,0,0.0,0.0,0.0,0,0.0,0.0,0.0,0.0,0.0,0.0,0.0,0,0,0,0,0,0,0,0
Database Record,File,Password Spraying,Unknown,23,1,0,0,46,24,7,1,0.0,0.0,0.0,0,0.0,0.0,0.0,0.0,0.0,0.0,0.0,0,0,0,0,0,0,0,0
Database Record,File,Image File Execution Options Injection,Unknown,23,1,0,0,46,24,2,1,0.0,0.0,0.0,0,0.0,0.0,0.0,0.0,0.0,0.0,0.0,0,0,0,0,0,0,0,0
Database Record,File,Process Discovery,Unknown,23,1,0,0,46,24,2,0,0.0,0.0,0.0,0,0.0,0.0,0.0,0.0,0.0,0.0,0.0,0,0,0,0,0,0,0,0
Database Record,File,Local Accounts,Unknown,23,1,0,0,46,24,2,0,0.0,0.0,0.0,0,0.0,0.0,0.0,0.0,0.0,0.0,0.0,0,0,0,0,0,0,0,0
Database Record,File,Security Account Manager,Unknown,23,1,0,0,46,24,3,1,0.0,0.0,0.0,0,0.0,0.0,0.0,0.0,0.0,0.0,0.0,0,0,0,0,0,0,0,0
Database Record,File,Windows Management Instrumentation,Unknown,23,1,0,0,46,24,5,0,0.0,0.0,0.0,0,0.0,0.0,0.0,0.0,0.0,0.0,0.0,0,0,0,0,0,0,0,0
Database Record,File,Malicious File,Unknown,23,1,0,0,46,24,2,2,0.0,0.0,0.0,0,0.0,0.0,0.0,0.0,0.0,0.0,0.0,0,0,0,0,0,0,0,0
Database Record,File,VDSO Hijacking,Lateral Movement,23,1,0,0,46,24,2,1,0.0,0.0,0.0,0,0.0,0.0,0.0,0.0,0.0,0.0,0.0,0,0,0,0,0,0,0,0
Database Record,File,Credentials In Files,Unknown,23,1,0,0,46,24,1,1,0.0,0.0,0.0,0,0.0,0.0,0.0,0.0,0.0,0.0,0.0,0,0,0,0,0,0,0,0
Database Record,File,Default Accounts,Unknown,23,1,0,0,46,24,1,0,0.0,0.0,0.0,0,0.0,0.0,0.0,0.0,0.0,0.0,0.0,0,0,0,0,0,0,0,0
Database Record,File,DLL,Unknown,23,1,0,0,46,24,1,1,0.0,0.0,0.0,0,0.0,0.0,0.0,0.0,0.0,0.0,0.0,0,0,0,0,0,0,0,0
Database Record,File,Credentials from Password Stores,Unknown,23,1,0,0,46,24,2,2,0.0,0.0,0.0,0,0.0,0.0,0.0,0.0,0.0,0.0,0.0,0,0,0,0,0,0,0,0
Database Record,File,Domain or Tenant Policy Modification,Unknown,23,1,0,0,46,24,2,0,0.0,0.0,0.0,0,0.0,0.0,0.0,0.0,0.0,0.0,0.0,0,0,0,0,0,0,0,0
Database Record,File,LSASS Memory,Unknown,23,1,0,0,46,24,2,0,0.0,0.0,0.0,0,0.0,0.0,0.0,0.0,0.0,0.0,0.0,0,0,0,0,0,0,0,0
Database Record,File,Local Account,Unknown,23,1,0,0,46,24,4,0,0.0,0.0,0.0,0,0.0,0.0,0.0,0.0,0.0,0.0,0.0,0,0,0,0,0,0,0,0
Database Record,File,Exploitation of Remote Services,Lateral Movement,23,1,0,0,46,24,5,0,0.0,0.0,0.0,0,0.0,0.0,0.0,0.0,0.0,0.0,0.0,0,0,0,0,0,0,0,0
Database Record,File,Exploitation of Remote Services,Lateral Movement,23,1,0,0,46,24,5,0,0.0,0.0,0.0,0,0.0,0.0,0.0,0.0,0.0,0.0,0.0,0,0,0,0,0,0,0,0
Decoy Artifact,Misc,Native API,Unknown,1,1,0,0,2,2,1,0,0.0,0.0,0.0,0,0.0,0.0,0.0,0.0,0.0,0.0,0.0,0,0,0,0,0,0,0,0
Decoy Artifact,Misc,Exfiltration Over Symmetric Encrypted Non-C2 Protocol,Unknown,1,1,0,0,2,2,3,0,0.0,0.0,0.0,0,0.0,0.0,0.0,0.0,0.0,0.0,0.0,0,0,0,0,0,0,0,0
Digital Camera,System,Implant Internal Image,Unknown,1,1,0,0,2,2,1,1,0.0,0.0,0.0,0,0.0,0.0,0.0,0.0,0.0,0.0,0.0,0,0,0,0,0,0,0,0
Digital Camera,System,Spearphishing via Service,Unknown,1,1,0,0,2,2,3,0,0.0,0.0,0.0,0,0.0,0.0,0.0,0.0,0.0,0.0,0.0,0,0,0,0,0,0,0,0
Digital System,System,Shortcut Modification,Unknown,1,1,0,9,2,11,2,0,0.0,0.0,0.0,0,0.0,0.0,0.0,0.0,0.0,0.0,0.0,0,0,0,0,0,0,0,0
Digital System,System,Hidden File System,Unknown,1,1,0,9,2,11,3,1,0.0,0.0,0.0,0,0.0,0.0,0.0,0.0,0.0,0.0,0.0,0,0,0,0,0,0,0,0
Directory,Configuration,Bash History,Unknown,3,1,0,0,6,4,1,0,0.0,0.0,0.0,0,0.0,0.0,0.0,0.0,0.0,0.0,0.0,0,0,0,0,0,0,0,0
Directory,Configuration,Compile After Delivery,Unknown,3,1,0,0,6,4,2,0,0.0,0.0,0.0,0,0.0,0.0,0.0,0.0,0.0,0.0,0.0,0,0,0,0,0,0,0,0
Directory,Configuration,Remote Data Staging,Unknown,3,1,0,0,6,4,1,0,0.0,0.0,0.0,0,0.0,0.0,0.0,0.0,0.0,0.0,0.0,0,0,0,0,0,0,0,0
Directory,Configuration,Keychain,Unknown,3,1,0,0,6,4,2,0,0.0,0.0,0.0,0,0.0,0.0,0.0,0.0,0.0,0.0,0.0,0,0,0,0,0,0,0,0
Directory,Configuration,Authentication Package,Unknown,3,1,0,0,6,4,2,1,0.0,0.0,0.0,0,0.0,0.0,0.0,0.0,0.0,0.0,0.0,0,0,0,0,0,0,0,0
Directory,Configuration,Accessibility Features,Unknown,3,1,0,0,6,4,7,1,0.0,0.0,0.0,0,0.0,0.0,0.0,0.0,0.0,0.0,0.0,0,0,0,0,0,0,0,0
Directory Service,Configuration,Mshta,Unknown,1,1,0,0,2,2,4,0,2.5,1.0,2.5,1,0.0,0.0,0.0,0.0,2.5,0.0,0.0,0,0,0,0,1,0,0,0
Directory Service,Configuration,DHCP Spoofing,Unknown,1,1,0,0,2,2,1,0,2.5,1.0,2.5,1,0.0,0.0,0.0,0.0,2.5,0.0,0.0,0,0,0,0,1,0,0,0
Document File,File,Impair Command History Logging,Unknown,7,3,1,6,15,17,7,4,0.0,0.0,0.0,0,0.0,0.0,0.0,0.0,0.0,0.0,0.0,0,0,0,0,0,0,0,0
Document File,File,Disk Content Wipe,Unknown,7,3,1,6,15,17,1,0,0.0,0.0,0.0,0,0.0,0.0,0.0,0.0,0.0,0.0,0.0,0,0,0,0,0,0,0,0
Document File,File,Runtime Data Manipulation,Unknown,7,3,1,6,15,17,2,2,0.0,0.0,0.0,0,0.0,0.0,0.0,0.0,0.0,0.0,0.0,0,0,0,0,0,0,0,0
Document File,File,Unix Shell Configuration Modification,Unknown,7,3,1,6,15,17,2,2,0.0,0.0,0.0,0,0.0,0.0,0.0,0.0,0.0,0.0,0.0,0,0,0,0,0,0,0,0
Document File,File,Remote System Discovery,Unknown,7,3,1,6,15,17,5,2,0.0,0.0,0.0,0,0.0,0.0,0.0,0.0,0.0,0.0,0.0,0,0,0,0,0,0,0,0
Document File,File,Video Capture,Unknown,7,3,1,6,15,17,3,0,0.0,0.0,0.0,0,0.0,0.0,0.0,0.0,0.0,0.0,0.0,0,0,0,0,0,0,0,0
Document File,File,Add-ins,Unknown,7,3,1,6,15,17,4,1,0.0,0.0,0.0,0,0.0,0.0,0.0,0.0,0.0,0.0,0.0,0,0,0,0,0,0,0,0
Document File,File,Create Account,Unknown,7,3,1,6,15,17,1,0,0.0,0.0,0.0,0,0.0,0.0,0.0,0.0,0.0,0.0,0.0,0,0,0,0,0,0,0,0
Document File,File,Cloud Account,Unknown,7,3,1,6,15,17,2,0,0.0,0.0,0.0,0,0.0,0.0,0.0,0.0,0.0,0.0,0.0,0,0,0,0,0,0,0,0
Document File,File,Default Accounts,Unknown,7,3,1,6,15,17,1,0,0.0,0.0,0.0,0,0.0,0.0,0.0,0.0,0.0,0.0,0.0,0,0,0,0,0,0,0,0
Document File,File,Transport Agent,Unknown,7,3,1,6,15,17,5,0,0.0,0.0,0.0,0,0.0,0.0,0.0,0.0,0.0,0.0,0.0,0,0,0,0,0,0,0,0
Document File,File,Archive via Utility,Unknown,7,3,1,6,15,17,1,1,0.0,0.0,0.0,0,0.0,0.0,0.0,0.0,0.0,0.0,0.0,0,0,0,0,0,0,0,0
Document File,File,Path Interception by Search Order Hijacking,Lateral Movement,7,3,1,6,15,17,2,2,0.0,0.0,0.0,0,0.0,0.0,0.0,0.0,0.0,0.0,0.0,0,0,0,0,0,0,0,0
Document File,File,Data from Removable Media,Unknown,7,3,1,6,15,17,2,0,0.0,0.0,0.0,0,0.0,0.0,0.0,0.0,0.0,0.0,0.0,0,0,0,0,0,0,0,0
Domain User Account,Identity,Replication Through Removable Media,Unknown,4,1,1,6,9,12,2,0,0.0,0.0,0.0,0,0.0,0.0,0.0,0.0,0.0,0.0,0.0,0,0,0,0,0,0,0,0
Domain User Account,Identity,DLL,Unknown,4,1,1,6,9,12,1,0,0.0,0.0,0.0,0,0.0,0.0,0.0,0.0,0.0,0.0,0.0,0,0,0,0,0,0,0,0
Domain User Account,Identity,Automated Collection,Unknown,4,1,1,6,9,12,1,0,0.0,0.0,0.0,0,0.0,0.0,0.0,0.0,0.0,0.0,0.0,0,0,0,0,0,0,0,0
Domain User Account,Identity,Mail Protocols,Unknown,4,1,1,6,9,12,3,0,0.0,0.0,0.0,0,0.0,0.0,0.0,0.0,0.0,0.0,0.0,0,0,0,0,0,0,0,0
Domain User Account,Identity,Password Guessing,Unknown,4,1,1,6,9,12,4,1,0.0,0.0,0.0,0,0.0,0.0,0.0,0.0,0.0,0.0,0.0,0,0,0,0,0,0,0,0
Domain User Account,Identity,Authentication Package,Unknown,4,1,1,6,9,12,2,0,0.0,0.0,0.0,0,0.0,0.0,0.0,0.0,0.0,0.0,0.0,0,0,0,0,0,0,0,0
Domain User Account,Identity,Parent PID Spoofing,Unknown,4,1,1,6,9,12,2,0,0.0,0.0,0.0,0,0.0,0.0,0.0,0.0,0.0,0.0,0.0,0,0,0,0,0,0,0,0
Domain User Account,Identity,Exploitation for Client Execution,Unknown,4,1,1,6,9,12,3,0,0.0,0.0,0.0,0,0.0,0.0,0.0,0.0,0.0,0.0,0.0,0,0,0,0,0,0,0,0
Email,Network,Group Policy Preferences,Unknown,4,6,0,10,8,20,2,0,0.0,0.0,0.0,0,0.0,0.0,0.0,0.0,0.0,0.0,0.0,0,0,0,0,0,0,0,0
Email,Network,Compromise Host Software Binary,Unknown,4,6,0,10,8,20,1,0,0.0,0.0,0.0,0,0.0,0.0,0.0,0.0,0.0,0.0,0.0,0,0,0,0,0,0,0,0
Email,Network,Office Test,Unknown,4,6,0,10,8,20,2,0,0.0,0.0,0.0,0,0.0,0.0,0.0,0.0,0.0,0.0,0.0,0,0,0,0,0,0,0,0
Email,Network,Use Alternate Authentication Material,Unknown,4,6,0,10,8,20,2,0,0.0,0.0,0.0,0,0.0,0.0,0.0,0.0,0.0,0.0,0.0,0,0,0,0,0,0,0,0
Email,Network,RDP Hijacking,Lateral Movement,4,6,0,10,8,20,1,0,0.0,0.0,0.0,0,0.0,0.0,0.0,0.0,0.0,0.0,0.0,0,0,0,0,0,0,0,0
Email,Network,RDP Hijacking,Lateral Movement,4,6,0,10,8,20,1,0,0.0,0.0,0.0,0,0.0,0.0,0.0,0.0,0.0,0.0,0.0,0,0,0,0,0,0,0,0
Email,Network,RDP Hijacking,Lateral Movement,4,6,0,10,8,20,1,0,0.0,0.0,0.0,0,0.0,0.0,0.0,0.0,0.0,0.0,0.0,0,0,0,0,0,0,0,0
Email,Network,Disable Windows Event Logging,Unknown,4,6,0,10,8,20,2,0,0.0,0.0,0.0,0,0.0,0.0,0.0,0.0,0.0,0.0,0.0,0,0,0,0,0,0,0,0
Email,Network,File Transfer Protocols,Unknown,4,6,0,10,8,20,4,4,0.0,0.0,0.0,0,0.0,0.0,0.0,0.0,0.0,0.0,0.0,0,0,0,0,0,0,0,0
Email,Network,Disk Structure Wipe,Unknown,4,6,0,10,8,20,1,0,0.0,0.0,0.0,0,0.0,0.0,0.0,0.0,0.0,0.0,0.0,0,0,0,0,0,0,0,0
Event Log,Configuration,Email Hiding Rules,Unknown,13,1,0,0,26,14,6,6,0.0,0.0,0.0,0,0.0,0.0,0.0,0.0,0.0,0.0,0.0,0,0,0,0,0,0,0,0
Event Log,Configuration,Remote Services,Lateral Movement,13,1,0,0,26,14,2,0,0.0,0.0,0.0,0,0.0,0.0,0.0,0.0,0.0,0.0,0.0,0,0,0,0,0,0,0,0
Event Log,Configuration,Remote Services,Lateral Movement,13,1,0,0,26,14,2,0,0.0,0.0,0.0,0,0.0,0.0,0.0,0.0,0.0,0.0,0.0,0,0,0,0,0,0,0,0
Event Log,Configuration,Application Layer Protocol,Unknown,13,1,0,0,26,14,5,0,0.0,0.0,0.0,0,0.0,0.0,0.0,0.0,0.0,0.0,0.0,0,0,0,0,0,0,0,0
Event Log,Configuration,Emond,Unknown,13,1,0,0,26,14,3,1,0.0,0.0,0.0,0,0.0,0.0,0.0,0.0,0.0,0.0,0.0,0,0,0,0,0,0,0,0
Event Log,Configuration,Network Share Connection Removal,Unknown,13,1,0,0,26,14,1,0,0.0,0.0,0.0,0,0.0,0.0,0.0,0.0,0.0,0.0,0.0,0,0,0,0,0,0,0,0
Event Log,Configuration,Remote Service Session Hijacking,Lateral Movement,13,1,0,0,26,14,2,0,0.0,0.0,0.0,0,0.0,0.0,0.0,0.0,0.0,0.0,0.0,0,0,0,0,0,0,0,0
Event Log,Configuration,Remote Service Session Hijacking,Lateral Movement,13,1,0,0,26,14,2,0,0.0,0.0,0.0,0,0.0,0.0,0.0,0.0,0.0,0.0,0.0,0,0,0,0,0,0,0,0
Event Log,Configuration,Remote Service Session Hijacking,Lateral Movement,13,1,0,0,26,14,2,0,0.0,0.0,0.0,0,0.0,0.0,0.0,0.0,0.0,0.0,0.0,0,0,0,0,0,0,0,0
Event Log,Configuration,Impair Command History Logging,Unknown,13,1,0,0,26,14,7,3,0.0,0.0,0.0,0,0.0,0.0,0.0,0.0,0.0,0.0,0.0,0,0,0,0,0,0,0,0
Event Log,Configuration,Keylogging,Unknown,13,1,0,0,26,14,2,0,0.0,0.0,0.0,0,0.0,0.0,0.0,0.0,0.0,0.0,0.0,0,0,0,0,0,0,0,0
Event Log,Configuration,Domain or Tenant Policy Modification,Unknown,13,1,0,0,26,14,2,2,0.0,0.0,0.0,0,0.0,0.0,0.0,0.0,0.0,0.0,0.0,0,0,0,0,0,0,0,0
Event Log,Configuration,Create Account,Unknown,13,1,0,0,26,14,1,0,0.0,0.0,0.0,0,0.0,0.0,0.0,0.0,0.0,0.0,0.0,0,0,0,0,0,0,0,0
Event Log,Configuration,Process Hollowing,Unknown,13,1,0,0,26,14,2,0,0.0,0.0,0.0,0,0.0,0.0,0.0,0.0,0.0,0.0,0.0,0,0,0,0,0,0,0,0
Event Log,Configuration,Asymmetric Cryptography,Unknown,13,1,0,0,26,14,5,0,0.0,0.0,0.0,0,0.0,0.0,0.0,0.0,0.0,0.0,0.0,0,0,0,0,0,0,0,0
Event Log,Configuration,Sharepoint,Unknown,13,1,0,0,26,14,1,0,0.0,0.0,0.0,0,0.0,0.0,0.0,0.0,0.0,0.0,0.0,0,0,0,0,0,0,0,0
Event Log,Configuration,Fallback Channels,Unknown,13,1,0,0,26,14,3,0,0.0,0.0,0.0,0,0.0,0.0,0.0,0.0,0.0,0.0,0.0,0,0,0,0,0,0,0,0
Event Log,Configuration,Exfiltration to Cloud Storage,Unknown,13,1,0,0,26,14,3,0,0.0,0.0,0.0,0,0.0,0.0,0.0,0.0,0.0,0.0,0.0,0,0,0,0,0,0,0,0
Event Log,Configuration,Securityd Memory,Unknown,13,1,0,0,26,14,1,0,0.0,0.0,0.0,0,0.0,0.0,0.0,0.0,0.0,0.0,0.0,0,0,0,0,0,0,0,0
Event Log,Configuration,Parent PID Spoofing,Unknown,13,1,0,0,26,14,2,0,0.0,0.0,0.0,0,0.0,0.0,0.0,0.0,0.0,0.0,0.0,0,0,0,0,0,0,0,0
Event Log,Configuration,Malicious Link,Unknown,13,1,0,0,26,14,5,0,0.0,0.0,0.0,0,0.0,0.0,0.0,0.0,0.0,0.0,0.0,0,0,0,0,0,0,0,0
Event Log,Configuration,File and Directory Discovery,Unknown,13,1,0,0,26,14,2,1,0.0,0.0,0.0,0,0.0,0.0,0.0,0.0,0.0,0.0,0.0,0,0,0,0,0,0,0,0
Event Log,Configuration,File Deletion,Unknown,13,1,0,0,26,14,2,0,0.0,0.0,0.0,0,0.0,0.0,0.0,0.0,0.0,0.0,0.0,0,0,0,0,0,0,0,0
Event Log,Configuration,Exfiltration Over Symmetric Encrypted Non-C2 Protocol,Unknown,13,1,0,0,26,14,3,0,0.0,0.0,0.0,0,0.0,0.0,0.0,0.0,0.0,0.0,0.0,0,0,0,0,0,0,0,0
Event Log,Configuration,Reflective Code Loading,Unknown,13,1,0,0,26,14,1,0,0.0,0.0,0.0,0,0.0,0.0,0.0,0.0,0.0,0.0,0.0,0,0,0,0,0,0,0,0
Event Log,Configuration,Netsh Helper DLL,Unknown,13,1,0,0,26,14,3,1,0.0,0.0,0.0,0,0.0,0.0,0.0,0.0,0.0,0.0,0.0,0,0,0,0,0,0,0,0
Event Log,Configuration,Lateral Tool Transfer,Unknown,13,1,0,0,26,14,3,0,0.0,0.0,0.0,0,0.0,0.0,0.0,0.0,0.0,0.0,0.0,0,0,0,0,0,0,0,0
Event Log,Configuration,Clear Linux or Mac System Logs,Unknown,13,1,0,0,26,14,2,0,0.0,0.0,0.0,0,0.0,0.0,0.0,0.0,0.0,0.0,0.0,0,0,0,0,0,0,0,0
Event Log,Configuration,System Network Connections Discovery,Unknown,13,1,0,0,26,14,1,0,0.0,0.0,0.0,0,0.0,0.0,0.0,0.0,0.0,0.0,0.0,0,0,0,0,0,0,0,0
Executable File,File,Rogue Domain Controller,Unknown,31,4,1,6,63,42,5,1,0.0,0.0,0.0,0,0.0,0.0,0.0,0.0,0.0,0.0,0.0,0,0,0,0,0,0,0,0
Executable File,File,Outlook Forms,Unknown,31,4,1,6,63,42,2,2,0.0,0.0,0.0,0,0.0,0.0,0.0,0.0,0.0,0.0,0.0,0,0,0,0,0,0,0,0
Executable File,File,Archive Collected Data,Unknown,31,4,1,6,63,42,1,1,0.0,0.0,0.0,0,0.0,0.0,0.0,0.0,0.0,0.0,0.0,0,0,0,0,0,0,0,0
Executable File,File,DCSync,Unknown,31,4,1,6,63,42,5,0,0.0,0.0,0.0,0,0.0,0.0,0.0,0.0,0.0,0.0,0.0,0,0,0,0,0,0,0,0
Executable File,File,Keychain,Unknown,31,4,1,6,63,42,2,1,0.0,0.0,0.0,0,0.0,0.0,0.0,0.0,0.0,0.0,0.0,0,0,0,0,0,0,0,0
Executable File,File,Encrypted Channel,Unknown,31,4,1,6,63,42,3,0,0.0,0.0,0.0,0,0.0,0.0,0.0,0.0,0.0,0.0,0.0,0,0,0,0,0,0,0,0
Executable File,File,LLMNR/NBT-NS Poisoning and SMB Relay,Unknown,31,4,1,6,63,42,2,0,0.0,0.0,0.0,0,0.0,0.0,0.0,0.0,0.0,0.0,0.0,0,0,0,0,0,0,0,0
Executable File,File,Asynchronous Procedure Call,Unknown,31,4,1,6,63,42,2,0,0.0,0.0,0.0,0,0.0,0.0,0.0,0.0,0.0,0.0,0.0,0,0,0,0,0,0,0,0
Executable File,File,Credentials In Files,Unknown,31,4,1,6,63,42,1,1,0.0,0.0,0.0,0,0.0,0.0,0.0,0.0,0.0,0.0,0.0,0,0,0,0,0,0,0,0
Executable File,File,Service Exhaustion Flood,Unknown,31,4,1,6,63,42,3,0,0.0,0.0,0.0,0,0.0,0.0,0.0,0.0,0.0,0.0,0.0,0,0,0,0,0,0,0,0
Executable File,File,Password Spraying,Unknown,31,4,1,6,63,42,7,1,0.0,0.0,0.0,0,0.0,0.0,0.0,0.0,0.0,0.0,0.0,0,0,0,0,0,0,0,0
Executable File,File,Multi-hop Proxy,Unknown,31,4,1,6,63,42,3,0,0.0,0.0,0.0,0,0.0,0.0,0.0,0.0,0.0,0.0,0.0,0,0,0,0,0,0,0,0
Executable File,File,Services File Permissions Weakness,Unknown,31,4,1,6,63,42,2,0,0.0,0.0,0.0,0,0.0,0.0,0.0,0.0,0.0,0.0,0.0,0,0,0,0,0,0,0,0
Executable File,File,Windows Management Instrumentation,Unknown,31,4,1,6,63,42,5,0,0.0,0.0,0.0,0,0.0,0.0,0.0,0.0,0.0,0.0,0.0,0,0,0,0,0,0,0,0
Executable File,File,Remote Desktop Protocol,Lateral Movement,31,4,1,6,63,42,2,0,0.0,0.0,0.0,0,0.0,0.0,0.0,0.0,0.0,0.0,0.0,0,0,0,0,0,0,0,0
Executable File,File,Remote Desktop Protocol,Lateral Movement,31,4,1,6,63,42,2,0,0.0,0.0,0.0,0,0.0,0.0,0.0,0.0,0.0,0.0,0.0,0,0,0,0,0,0,0,0
Executable File,File,Exfiltration Over Symmetric Encrypted Non-C2 Protocol,Unknown,31,4,1,6,63,42,3,0,0.0,0.0,0.0,0,0.0,0.0,0.0,0.0,0.0,0.0,0.0,0,0,0,0,0,0,0,0
Executable File,File,Internal Spearphishing,Unknown,31,4,1,6,63,42,3,2,0.0,0.0,0.0,0,0.0,0.0,0.0,0.0,0.0,0.0,0.0,0,0,0,0,0,0,0,0
Executable File,File,Automated Collection,Unknown,31,4,1,6,63,42,1,1,0.0,0.0,0.0,0,0.0,0.0,0.0,0.0,0.0,0.0,0.0,0,0,0,0,0,0,0,0
Executable File,File,Use Alternate Authentication Material,Unknown,31,4,1,6,63,42,2,0,0.0,0.0,0.0,0,0.0,0.0,0.0,0.0,0.0,0.0,0.0,0,0,0,0,0,0,0,0
Executable File,File,/etc/passwd and /etc/shadow,Unknown,31,4,1,6,63,42,3,2,0.0,0.0,0.0,0,0.0,0.0,0.0,0.0,0.0,0.0,0.0,0,0,0,0,0,0,0,0
Executable File,File,Web Session Cookie,Credential Access,31,4,1,6,63,42,2,0,0.0,0.0,0.0,0,0.0,0.0,0.0,0.0,0.0,0.0,0.0,0,0,0,0,0,0,0,0
Executable File,File,Steal or Forge Kerberos Tickets,Credential Access,31,4,1,6,63,42,4,0,0.0,0.0,0.0,0,0.0,0.0,0.0,0.0,0.0,0.0,0.0,0,0,0,0,0,0,0,0
Executable File,File,Steal or Forge Kerberos Tickets,Credential Access,31,4,1,6,63,42,4,0,0.0,0.0,0.0,0,0.0,0.0,0.0,0.0,0.0,0.0,0.0,0,0,0,0,0,0,0,0
Executable File,File,Steal or Forge Kerberos Tickets,Credential Access,31,4,1,6,63,42,4,0,0.0,0.0,0.0,0,0.0,0.0,0.0,0.0,0.0,0.0,0.0,0,0,0,0,0,0,0,0
Executable File,File,Run Virtual Instance,Unknown,31,4,1,6,63,42,6,1,0.0,0.0,0.0,0,0.0,0.0,0.0,0.0,0.0,0.0,0.0,0,0,0,0,0,0,0,0
Executable File,File,LSASS Driver,Unknown,31,4,1,6,63,42,2,1,0.0,0.0,0.0,0,0.0,0.0,0.0,0.0,0.0,0.0,0.0,0,0,0,0,0,0,0,0
Executable File,File,Password Guessing,Unknown,31,4,1,6,63,42,4,1,0.0,0.0,0.0,0,0.0,0.0,0.0,0.0,0.0,0.0,0.0,0,0,0,0,0,0,0,0
Executable File,File,Process Discovery,Unknown,31,4,1,6,63,42,2,0,0.0,0.0,0.0,0,0.0,0.0,0.0,0.0,0.0,0.0,0.0,0,0,0,0,0,0,0,0
Executable File,File,System Firmware,Unknown,31,4,1,6,63,42,3,0,0.0,0.0,0.0,0,0.0,0.0,0.0,0.0,0.0,0.0,0.0,0,0,0,0,0,0,0,0
Executable File,File,Query Registry,Unknown,31,4,1,6,63,42,3,1,0.0,0.0,0.0,0,0.0,0.0,0.0,0.0,0.0,0.0,0.0,0,0,0,0,0,0,0,0
Executable File,File,Ptrace System Calls,Unknown,31,4,1,6,63,42,1,0,0.0,0.0,0.0,0,0.0,0.0,0.0,0.0,0.0,0.0,0.0,0,0,0,0,0,0,0,0
Executable File,File,Outlook Rules,Unknown,31,4,1,6,63,42,1,0,0.0,0.0,0.0,0,0.0,0.0,0.0,0.0,0.0,0.0,0.0,0,0,0,0,0,0,0,0
Executable File,File,Control Panel,Unknown,31,4,1,6,63,42,4,1,0.0,0.0,0.0,0,0.0,0.0,0.0,0.0,0.0,0.0,0.0,0,0,0,0,0,0,0,0
Executable File,File,Exfiltration Over Alternative Protocol,Unknown,31,4,1,6,63,42,1,0,0.0,0.0,0.0,0,0.0,0.0,0.0,0.0,0.0,0.0,0.0,0,0,0,0,0,0,0,0
Executable File,File,External Proxy,Unknown,31,4,1,6,63,42,3,0,0.0,0.0,0.0,0,0.0,0.0,0.0,0.0,0.0,0.0,0.0,0,0,0,0,0,0,0,0
Executable File,File,Archive via Utility,Unknown,31,4,1,6,63,42,1,1,0.0,0.0,0.0,0,0.0,0.0,0.0,0.0,0.0,0.0,0.0,0,0,0,0,0,0,0,0
Executable File,File,Outlook Home Page,Unknown,31,4,1,6,63,42,1,0,0.0,0.0,0.0,0,0.0,0.0,0.0,0.0,0.0,0.0,0.0,0,0,0,0,0,0,0,0
Executable File,File,Steal Web Session Cookie,Credential Access,31,4,1,6,63,42,1,0,0.0,0.0,0.0,0,0.0,0.0,0.0,0.0,0.0,0.0,0.0,0,0,0,0,0,0,0,0
Executable File,File,Steal Web Session Cookie,Credential Access,31,4,1,6,63,42,1,0,0.0,0.0,0.0,0,0.0,0.0,0.0,0.0,0.0,0.0,0.0,0,0,0,0,0,0,0,0
Executable File,File,Steal Web Session Cookie,Credential Access,31,4,1,6,63,42,1,0,0.0,0.0,0.0,0,0.0,0.0,0.0,0.0,0.0,0.0,0.0,0,0,0,0,0,0,0,0
Executable File,File,Dynamic Linker Hijacking,Lateral Movement,31,4,1,6,63,42,2,2,0.0,0.0,0.0,0,0.0,0.0,0.0,0.0,0.0,0.0,0.0,0,0,0,0,0,0,0,0
Executable File,File,Multi-Stage Channels,Unknown,31,4,1,6,63,42,3,0,0.0,0.0,0.0,0,0.0,0.0,0.0,0.0,0.0,0.0,0.0,0,0,0,0,0,0,0,0
Executable File,File,Domain or Tenant Policy Modification,Unknown,31,4,1,6,63,42,2,0,0.0,0.0,0.0,0,0.0,0.0,0.0,0.0,0.0,0.0,0.0,0,0,0,0,0,0,0,0
Executable File,File,Windows Service,Unknown,31,4,1,6,63,42,2,1,0.0,0.0,0.0,0,0.0,0.0,0.0,0.0,0.0,0.0,0.0,0,0,0,0,0,0,0,0
Executable File,File,Screen Capture,Unknown,31,4,1,6,63,42,1,0,0.0,0.0,0.0,0,0.0,0.0,0.0,0.0,0.0,0.0,0.0,0,0,0,0,0,0,0,0
Executable File,File,Change Default File Association,Unknown,31,4,1,6,63,42,2,1,0.0,0.0,0.0,0,0.0,0.0,0.0,0.0,0.0,0.0,0.0,0,0,0,0,0,0,0,0
Executable File,File,Systemd Service,Unknown,31,4,1,6,63,42,4,4,0.0,0.0,0.0,0,0.0,0.0,0.0,0.0,0.0,0.0,0.0,0,0,0,0,0,0,0,0
Executable File,File,Spearphishing Attachment,Unknown,31,4,1,6,63,42,6,2,0.0,0.0,0.0,0,0.0,0.0,0.0,0.0,0.0,0.0,0.0,0,0,0,0,0,0,0,0
Executable File,File,Disk Structure Wipe,Unknown,31,4,1,6,63,42,1,0,0.0,0.0,0.0,0,0.0,0.0,0.0,0.0,0.0,0.0,0.0,0,0,0,0,0,0,0,0
Executable File,File,Internal Proxy,Unknown,31,4,1,6,63,42,2,0,0.0,0.0,0.0,0,0.0,0.0,0.0,0.0,0.0,0.0,0.0,0,0,0,0,0,0,0,0
Executable File,File,Domain Fronting,Unknown,31,4,1,6,63,42,3,0,0.0,0.0,0.0,0,0.0,0.0,0.0,0.0,0.0,0.0,0.0,0,0,0,0,0,0,0,0
Executable File,File,Symmetric Cryptography,Unknown,31,4,1,6,63,42,3,0,0.0,0.0,0.0,0,0.0,0.0,0.0,0.0,0.0,0.0,0.0,0,0,0,0,0,0,0,0
Executable File,File,Exploitation for Client Execution,Unknown,31,4,1,6,63,42,3,0,0.0,0.0,0.0,0,0.0,0.0,0.0,0.0,0.0,0.0,0.0,0,0,0,0,0,0,0,0
Executable File,File,Dylib Hijacking,Lateral Movement,31,4,1,6,63,42,2,2,0.0,0.0,0.0,0,0.0,0.0,0.0,0.0,0.0,0.0,0.0,0,0,0,0,0,0,0,0
Executable File,File,Exploit Public-Facing Application,Unknown,31,4,1,6,63,42,5,0,0.0,0.0,0.0,0,0.0,0.0,0.0,0.0,0.0,0.0,0.0,0,0,0,0,0,0,0,0
Executable File,File,Pluggable Authentication Modules,Unknown,31,4,1,6,63,42,2,2,0.0,0.0,0.0,0,0.0,0.0,0.0,0.0,0.0,0.0,0.0,0,0,0,0,0,0,0,0
Executable File,File,Disk Content Wipe,Unknown,31,4,1,6,63,42,1,0,0.0,0.0,0.0,0,0.0,0.0,0.0,0.0,0.0,0.0,0.0,0,0,0,0,0,0,0,0
Executable File,File,Launch Daemon,Unknown,31,4,1,6,63,42,1,1,0.0,0.0,0.0,0,0.0,0.0,0.0,0.0,0.0,0.0,0.0,0,0,0,0,0,0,0,0
Executable File,File,Clear Command History,Unknown,31,4,1,6,63,42,2,0,0.0,0.0,0.0,0,0.0,0.0,0.0,0.0,0.0,0.0,0.0,0,0,0,0,0,0,0,0
Executable File,File,Confluence,Unknown,31,4,1,6,63,42,1,0,0.0,0.0,0.0,0,0.0,0.0,0.0,0.0,0.0,0.0,0.0,0,0,0,0,0,0,0,0
Executable File,File,Exploitation for Privilege Escalation,Unknown,31,4,1,6,63,42,3,0,0.0,0.0,0.0,0,0.0,0.0,0.0,0.0,0.0,0.0,0.0,0,0,0,0,0,0,0,0
Executable File,File,Sharepoint,Unknown,31,4,1,6,63,42,1,0,0.0,0.0,0.0,0,0.0,0.0,0.0,0.0,0.0,0.0,0.0,0,0,0,0,0,0,0,0
Executable File,File,Trusted Relationship,Defense Evasion,31,4,1,6,63,42,3,0,0.0,0.0,0.0,0,0.0,0.0,0.0,0.0,0.0,0.0,0.0,0,0,0,0,0,0,0,0
Executable File,File,Trusted Relationship,Defense Evasion,31,4,1,6,63,42,3,0,0.0,0.0,0.0,0,0.0,0.0,0.0,0.0,0.0,0.0,0.0,0,0,0,0,0,0,0,0
Executable File,File,Password Cracking,Unknown,31,4,1,6,63,42,2,1,0.0,0.0,0.0,0,0.0,0.0,0.0,0.0,0.0,0.0,0.0,0,0,0,0,0,0,0,0
Executable File,File,ROMMONkit,Unknown,31,4,1,6,63,42,3,0,0.0,0.0,0.0,0,0.0,0.0,0.0,0.0,0.0,0.0,0.0,0,0,0,0,0,0,0,0
Executable File,File,Component Firmware,Unknown,31,4,1,6,63,42,2,0,0.0,0.0,0.0,0,0.0,0.0,0.0,0.0,0.0,0.0,0.0,0,0,0,0,0,0,0,0
File,File,SQL Stored Procedures,Unknown,97,11,0,6,194,114,4,0,0.0,0.0,0.0,0,0.0,0.0,0.0,0.0,0.0,0.0,0.0,0,0,0,0,0,0,0,0
File,File,Reflective Code Loading,Unknown,97,11,0,6,194,114,1,0,0.0,0.0,0.0,0,0.0,0.0,0.0,0.0,0.0,0.0,0.0,0,0,0,0,0,0,0,0
File,File,Exfiltration to Code Repository,Unknown,97,11,0,6,194,114,3,0,0.0,0.0,0.0,0,0.0,0.0,0.0,0.0,0.0,0.0,0.0,0,0,0,0,0,0,0,0
File,File,LLMNR/NBT-NS Poisoning and SMB Relay,Unknown,97,11,0,6,194,114,2,0,0.0,0.0,0.0,0,0.0,0.0,0.0,0.0,0.0,0.0,0.0,0,0,0,0,0,0,0,0
File,File,Ptrace System Calls,Unknown,97,11,0,6,194,114,1,0,0.0,0.0,0.0,0,0.0,0.0,0.0,0.0,0.0,0.0,0.0,0,0,0,0,0,0,0,0
File,File,Account Access Removal,Unknown,97,11,0,6,194,114,1,0,0.0,0.0,0.0,0,0.0,0.0,0.0,0.0,0.0,0.0,0.0,0,0,0,0,0,0,0,0
File,File,Windows Management Instrumentation Event Subscription,Unknown,97,11,0,6,194,114,5,0,0.0,0.0,0.0,0,0.0,0.0,0.0,0.0,0.0,0.0,0.0,0,0,0,0,0,0,0,0
File,File,Exfiltration Over Unencrypted Non-C2 Protocol,Unknown,97,11,0,6,194,114,3,0,0.0,0.0,0.0,0,0.0,0.0,0.0,0.0,0.0,0.0,0.0,0,0,0,0,0,0,0,0
File,File,Disable Windows Event Logging,Unknown,97,11,0,6,194,114,2,0,0.0,0.0,0.0,0,0.0,0.0,0.0,0.0,0.0,0.0,0.0,0,0,0,0,0,0,0,0
File,File,Mail Protocols,Unknown,97,11,0,6,194,114,3,0,0.0,0.0,0.0,0,0.0,0.0,0.0,0.0,0.0,0.0,0.0,0,0,0,0,0,0,0,0
File,File,Remote Desktop Protocol,Lateral Movement,97,11,0,6,194,114,2,0,0.0,0.0,0.0,0,0.0,0.0,0.0,0.0,0.0,0.0,0.0,0,0,0,0,0,0,0,0
File,File,Remote Desktop Protocol,Lateral Movement,97,11,0,6,194,114,2,0,0.0,0.0,0.0,0,0.0,0.0,0.0,0.0,0.0,0.0,0.0,0,0,0,0,0,0,0,0
File,File,SID-History Injection,Unknown,97,11,0,6,194,114,2,0,0.0,0.0,0.0,0,0.0,0.0,0.0,0.0,0.0,0.0,0.0,0,0,0,0,0,0,0,0
File,File,Security Support Provider,Unknown,97,11,0,6,194,114,2,1,0.0,0.0,0.0,0,0.0,0.0,0.0,0.0,0.0,0.0,0.0,0,0,0,0,0,0,0,0
File,File,Exploitation for Privilege Escalation,Unknown,97,11,0,6,194,114,3,0,0.0,0.0,0.0,0,0.0,0.0,0.0,0.0,0.0,0.0,0.0,0,0,0,0,0,0,0,0
File,File,Multi-hop Proxy,Unknown,97,11,0,6,194,114,3,0,0.0,0.0,0.0,0,0.0,0.0,0.0,0.0,0.0,0.0,0.0,0,0,0,0,0,0,0,0
File,File,Masquerade Task or Service,Unknown,97,11,0,6,194,114,1,0,0.0,0.0,0.0,0,0.0,0.0,0.0,0.0,0.0,0.0,0.0,0,0,0,0,0,0,0,0
File,File,Token Impersonation/Theft,Credential Access,97,11,0,6,194,114,2,0,0.0,0.0,0.0,0,0.0,0.0,0.0,0.0,0.0,0.0,0.0,0,0,0,0,0,0,0,0
File,File,Token Impersonation/Theft,Credential Access,97,11,0,6,194,114,2,0,0.0,0.0,0.0,0,0.0,0.0,0.0,0.0,0.0,0.0,0.0,0,0,0,0,0,0,0,0
File,File,Setuid and Setgid,Unknown,97,11,0,6,194,114,2,0,0.0,0.0,0.0,0,0.0,0.0,0.0,0.0,0.0,0.0,0.0,0,0,0,0,0,0,0,0
File,File,Disable or Modify System Firewall,Unknown,97,11,0,6,194,114,1,0,0.0,0.0,0.0,0,0.0,0.0,0.0,0.0,0.0,0.0,0.0,0,0,0,0,0,0,0,0
File,File,Parent PID Spoofing,Unknown,97,11,0,6,194,114,2,0,0.0,0.0,0.0,0,0.0,0.0,0.0,0.0,0.0,0.0,0.0,0,0,0,0,0,0,0,0
File,File,Native API,Unknown,97,11,0,6,194,114,1,0,0.0,0.0,0.0,0,0.0,0.0,0.0,0.0,0.0,0.0,0.0,0,0,0,0,0,0,0,0
File,File,DCSync,Unknown,97,11,0,6,194,114,5,0,0.0,0.0,0.0,0,0.0,0.0,0.0,0.0,0.0,0.0,0.0,0,0,0,0,0,0,0,0
File,File,Securityd Memory,Unknown,97,11,0,6,194,114,1,1,0.0,0.0,0.0,0,0.0,0.0,0.0,0.0,0.0,0.0,0.0,0,0,0,0,0,0,0,0
File,File,Clear Windows Event Logs,Unknown,97,11,0,6,194,114,2,0,0.0,0.0,0.0,0,0.0,0.0,0.0,0.0,0.0,0.0,0.0,0,0,0,0,0,0,0,0
File,File,Exfiltration Over Symmetric Encrypted Non-C2 Protocol,Unknown,97,11,0,6,194,114,3,0,0.0,0.0,0.0,0,0.0,0.0,0.0,0.0,0.0,0.0,0.0,0,0,0,0,0,0,0,0
File,File,Password Cracking,Unknown,97,11,0,6,194,114,2,1,0.0,0.0,0.0,0,0.0,0.0,0.0,0.0,0.0,0.0,0.0,0,0,0,0,0,0,0,0
File,File,Service Exhaustion Flood,Unknown,97,11,0,6,194,114,3,0,0.0,0.0,0.0,0,0.0,0.0,0.0,0.0,0.0,0.0,0.0,0,0,0,0,0,0,0,0
File,File,Scheduled Task/Job,Unknown,97,11,0,6,194,114,5,0,0.0,0.0,0.0,0,0.0,0.0,0.0,0.0,0.0,0.0,0.0,0,0,0,0,0,0,0,0
File,File,SSH,Lateral Movement,97,11,0,6,194,114,2,0,0.0,0.0,0.0,0,0.0,0.0,0.0,0.0,0.0,0.0,0.0,0,0,0,0,0,0,0,0
File,File,SSH,Lateral Movement,97,11,0,6,194,114,2,0,0.0,0.0,0.0,0,0.0,0.0,0.0,0.0,0.0,0.0,0.0,0,0,0,0,0,0,0,0
File,File,External Proxy,Unknown,97,11,0,6,194,114,3,0,0.0,0.0,0.0,0,0.0,0.0,0.0,0.0,0.0,0.0,0.0,0,0,0,0,0,0,0,0
File,File,Cloud Accounts,Unknown,97,11,0,6,194,114,1,0,0.0,0.0,0.0,0,0.0,0.0,0.0,0.0,0.0,0.0,0.0,0,0,0,0,0,0,0,0
File,File,Domain Fronting,Unknown,97,11,0,6,194,114,3,0,0.0,0.0,0.0,0,0.0,0.0,0.0,0.0,0.0,0.0,0.0,0,0,0,0,0,0,0,0
File,File,Time Based Evasion,Unknown,97,11,0,6,194,114,2,0,0.0,0.0,0.0,0,0.0,0.0,0.0,0.0,0.0,0.0,0.0,0,0,0,0,0,0,0,0
File,File,Exploitation for Client Execution,Unknown,97,11,0,6,194,114,3,0,0.0,0.0,0.0,0,0.0,0.0,0.0,0.0,0.0,0.0,0.0,0,0,0,0,0,0,0,0
File,File,Disk Structure Wipe,Unknown,97,11,0,6,194,114,1,0,0.0,0.0,0.0,0,0.0,0.0,0.0,0.0,0.0,0.0,0.0,0,0,0,0,0,0,0,0
File,File,Data from Removable Media,Unknown,97,11,0,6,194,114,2,0,0.0,0.0,0.0,0,0.0,0.0,0.0,0.0,0.0,0.0,0.0,0,0,0,0,0,0,0,0
File,File,Control Panel,Unknown,97,11,0,6,194,114,4,1,0.0,0.0,0.0,0,0.0,0.0,0.0,0.0,0.0,0.0,0.0,0,0,0,0,0,0,0,0
File,File,Adversary-in-the-Middle,Unknown,97,11,0,6,194,114,1,0,0.0,0.0,0.0,0,0.0,0.0,0.0,0.0,0.0,0.0,0.0,0,0,0,0,0,0,0,0
File,File,Audio Capture,Unknown,97,11,0,6,194,114,2,0,0.0,0.0,0.0,0,0.0,0.0,0.0,0.0,0.0,0.0,0.0,0,0,0,0,0,0,0,0
File,File,Downgrade Attack,Unknown,97,11,0,6,194,114,1,0,0.0,0.0,0.0,0,0.0,0.0,0.0,0.0,0.0,0.0,0.0,0,0,0,0,0,0,0,0
File,File,TFTP Boot,Unknown,97,11,0,6,194,114,1,0,0.0,0.0,0.0,0,0.0,0.0,0.0,0.0,0.0,0.0,0.0,0,0,0,0,0,0,0,0
File,File,SIP and Trust Provider Hijacking,Lateral Movement,97,11,0,6,194,114,2,1,0.0,0.0,0.0,0,0.0,0.0,0.0,0.0,0.0,0.0,0.0,0,0,0,0,0,0,0,0
File,File,Cached Domain Credentials,Unknown,97,11,0,6,194,114,2,0,0.0,0.0,0.0,0,0.0,0.0,0.0,0.0,0.0,0.0,0.0,0,0,0,0,0,0,0,0
File,File,Modify Registry,Unknown,97,11,0,6,194,114,2,1,0.0,0.0,0.0,0,0.0,0.0,0.0,0.0,0.0,0.0,0.0,0,0,0,0,0,0,0,0
File,File,Lateral Tool Transfer,Unknown,97,11,0,6,194,114,3,0,0.0,0.0,0.0,0,0.0,0.0,0.0,0.0,0.0,0.0,0.0,0,0,0,0,0,0,0,0
File,File,Scheduled Task,Unknown,97,11,0,6,194,114,2,0,0.0,0.0,0.0,0,0.0,0.0,0.0,0.0,0.0,0.0,0.0,0,0,0,0,0,0,0,0
File,File,Remote Data Staging,Unknown,97,11,0,6,194,114,1,0,0.0,0.0,0.0,0,0.0,0.0,0.0,0.0,0.0,0.0,0.0,0,0,0,0,0,0,0,0
File,File,Data from Network Shared Drive,Unknown,97,11,0,6,194,114,1,0,0.0,0.0,0.0,0,0.0,0.0,0.0,0.0,0.0,0.0,0.0,0,0,0,0,0,0,0,0
File,File,Ingress Tool Transfer,Unknown,97,11,0,6,194,114,3,0,0.0,0.0,0.0,0,0.0,0.0,0.0,0.0,0.0,0.0,0.0,0,0,0,0,0,0,0,0
File,File,Non-Standard Port,Unknown,97,11,0,6,194,114,3,0,0.0,0.0,0.0,0,0.0,0.0,0.0,0.0,0.0,0.0,0.0,0,0,0,0,0,0,0,0
File,File,Keylogging,Unknown,97,11,0,6,194,114,2,0,0.0,0.0,0.0,0,0.0,0.0,0.0,0.0,0.0,0.0,0.0,0,0,0,0,0,0,0,0
File,File,System Service Discovery,Unknown,97,11,0,6,194,114,2,0,0.0,0.0,0.0,0,0.0,0.0,0.0,0.0,0.0,0.0,0.0,0,0,0,0,0,0,0,0
File,File,Services Registry Permissions Weakness,Unknown,97,11,0,6,194,114,3,1,0.0,0.0,0.0,0,0.0,0.0,0.0,0.0,0.0,0.0,0.0,0,0,0,0,0,0,0,0
File,File,Account Manipulation,Unknown,97,11,0,6,194,114,1,0,0.0,0.0,0.0,0,0.0,0.0,0.0,0.0,0.0,0.0,0.0,0,0,0,0,0,0,0,0
File,File,Cloud Storage Object Discovery,Unknown,97,11,0,6,194,114,3,0,0.0,0.0,0.0,0,0.0,0.0,0.0,0.0,0.0,0.0,0.0,0,0,0,0,0,0,0,0
File,File,Local Accounts,Unknown,97,11,0,6,194,114,2,0,0.0,0.0,0.0,0,0.0,0.0,0.0,0.0,0.0,0.0,0.0,0,0,0,0,0,0,0,0
File,File,Disk Content Wipe,Unknown,97,11,0,6,194,114,1,0,0.0,0.0,0.0,0,0.0,0.0,0.0,0.0,0.0,0.0,0.0,0,0,0,0,0,0,0,0
File,File,DNS,Unknown,97,11,0,6,194,114,5,0,0.0,0.0,0.0,0,0.0,0.0,0.0,0.0,0.0,0.0,0.0,0,0,0,0,0,0,0,0
File,File,Password Guessing,Unknown,97,11,0,6,194,114,4,1,0.0,0.0,0.0,0,0.0,0.0,0.0,0.0,0.0,0.0,0.0,0,0,0,0,0,0,0,0
File,File,Multi-Stage Channels,Unknown,97,11,0,6,194,114,3,0,0.0,0.0,0.0,0,0.0,0.0,0.0,0.0,0.0,0.0,0.0,0,0,0,0,0,0,0,0
File,File,Authentication Package,Unknown,97,11,0,6,194,114,2,1,0.0,0.0,0.0,0,0.0,0.0,0.0,0.0,0.0,0.0,0.0,0,0,0,0,0,0,0,0
File,File,RDP Hijacking,Lateral Movement,97,11,0,6,194,114,1,0,0.0,0.0,0.0,0,0.0,0.0,0.0,0.0,0.0,0.0,0.0,0,0,0,0,0,0,0,0
File,File,RDP Hijacking,Lateral Movement,97,11,0,6,194,114,1,0,0.0,0.0,0.0,0,0.0,0.0,0.0,0.0,0.0,0.0,0.0,0,0,0,0,0,0,0,0
File,File,RDP Hijacking,Lateral Movement,97,11,0,6,194,114,1,0,0.0,0.0,0.0,0,0.0,0.0,0.0,0.0,0.0,0.0,0.0,0,0,0,0,0,0,0,0
File,File,Drive-by Compromise,Unknown,97,11,0,6,194,114,6,0,0.0,0.0,0.0,0,0.0,0.0,0.0,0.0,0.0,0.0,0.0,0,0,0,0,0,0,0,0
File,File,Component Firmware,Unknown,97,11,0,6,194,114,2,0,0.0,0.0,0.0,0,0.0,0.0,0.0,0.0,0.0,0.0,0.0,0,0,0,0,0,0,0,0
File,File,Screen Capture,Unknown,97,11,0,6,194,114,1,0,0.0,0.0,0.0,0,0.0,0.0,0.0,0.0,0.0,0.0,0.0,0,0,0,0,0,0,0,0
File,File,Compromise Software Dependencies and Development Tools,Unknown,97,11,0,6,194,114,1,0,0.0,0.0,0.0,0,0.0,0.0,0.0,0.0,0.0,0.0,0.0,0,0,0,0,0,0,0,0
File,File,Unsecured Credentials,Unknown,97,11,0,6,194,114,1,0,0.0,0.0,0.0,0,0.0,0.0,0.0,0.0,0.0,0.0,0.0,0,0,0,0,0,0,0,0
File,File,Port Monitors,Unknown,97,11,0,6,194,114,2,1,0.0,0.0,0.0,0,0.0,0.0,0.0,0.0,0.0,0.0,0.0,0,0,0,0,0,0,0,0
File,File,Exploitation for Defense Evasion,Unknown,97,11,0,6,194,114,3,0,0.0,0.0,0.0,0,0.0,0.0,0.0,0.0,0.0,0.0,0.0,0,0,0,0,0,0,0,0
File,File,Time Providers,Unknown,97,11,0,6,194,114,2,1,0.0,0.0,0.0,0,0.0,0.0,0.0,0.0,0.0,0.0,0.0,0,0,0,0,0,0,0,0
File,File,Outlook Rules,Unknown,97,11,0,6,194,114,1,0,0.0,0.0,0.0,0,0.0,0.0,0.0,0.0,0.0,0.0,0.0,0,0,0,0,0,0,0,0
File,File,MMC,Unknown,97,11,0,6,194,114,3,1,0.0,0.0,0.0,0,0.0,0.0,0.0,0.0,0.0,0.0,0.0,0,0,0,0,0,0,0,0
File,File,Mavinject,Unknown,97,11,0,6,194,114,2,0,0.0,0.0,0.0,0,0.0,0.0,0.0,0.0,0.0,0.0,0.0,0,0,0,0,0,0,0,0
File,File,Credential API Hooking,Unknown,97,11,0,6,194,114,2,0,0.0,0.0,0.0,0,0.0,0.0,0.0,0.0,0.0,0.0,0.0,0,0,0,0,0,0,0,0
File,File,Transport Agent,Unknown,97,11,0,6,194,114,5,0,0.0,0.0,0.0,0,0.0,0.0,0.0,0.0,0.0,0.0,0.0,0,0,0,0,0,0,0,0
File,File,Modify Authentication Process,Unknown,97,11,0,6,194,114,2,0,0.0,0.0,0.0,0,0.0,0.0,0.0,0.0,0.0,0.0,0.0,0,0,0,0,0,0,0,0
File,File,Email Forwarding Rule,Unknown,97,11,0,6,194,114,2,0,0.0,0.0,0.0,0,0.0,0.0,0.0,0.0,0.0,0.0,0.0,0,0,0,0,0,0,0,0
File,File,Windows Service,Unknown,97,11,0,6,194,114,2,1,0.0,0.0,0.0,0,0.0,0.0,0.0,0.0,0.0,0.0,0.0,0,0,0,0,0,0,0,0
File,File,Exfiltration Over Alternative Protocol,Unknown,97,11,0,6,194,114,1,0,0.0,0.0,0.0,0,0.0,0.0,0.0,0.0,0.0,0.0,0.0,0,0,0,0,0,0,0,0
File,File,Network Sniffing,Unknown,97,11,0,6,194,114,1,0,0.0,0.0,0.0,0,0.0,0.0,0.0,0.0,0.0,0.0,0.0,0,0,0,0,0,0,0,0
File,File,Domain or Tenant Policy Modification,Unknown,97,11,0,6,194,114,2,0,0.0,0.0,0.0,0,0.0,0.0,0.0,0.0,0.0,0.0,0.0,0,0,0,0,0,0,0,0
File,File,Compromise Software Supply Chain,Unknown,97,11,0,6,194,114,1,0,0.0,0.0,0.0,0,0.0,0.0,0.0,0.0,0.0,0.0,0.0,0,0,0,0,0,0,0,0
File,File,Remote Services,Lateral Movement,97,11,0,6,194,114,2,0,0.0,0.0,0.0,0,0.0,0.0,0.0,0.0,0.0,0.0,0.0,0,0,0,0,0,0,0,0
File,File,Remote Services,Lateral Movement,97,11,0,6,194,114,2,0,0.0,0.0,0.0,0,0.0,0.0,0.0,0.0,0.0,0.0,0.0,0,0,0,0,0,0,0,0
File,File,Application Window Discovery,Unknown,97,11,0,6,194,114,2,0,0.0,0.0,0.0,0,0.0,0.0,0.0,0.0,0.0,0.0,0.0,0,0,0,0,0,0,0,0
File,File,Group Policy Discovery,Unknown,97,11,0,6,194,114,2,0,0.0,0.0,0.0,0,0.0,0.0,0.0,0.0,0.0,0.0,0.0,0,0,0,0,0,0,0,0
File,File,Confluence,Unknown,97,11,0,6,194,114,1,0,0.0,0.0,0.0,0,0.0,0.0,0.0,0.0,0.0,0.0,0.0,0,0,0,0,0,0,0,0
File,File,Compiled HTML File,Unknown,97,11,0,6,194,114,3,1,0.0,0.0,0.0,0,0.0,0.0,0.0,0.0,0.0,0.0,0.0,0,0,0,0,0,0,0,0
File,File,Remote Access Tools,Unknown,97,11,0,6,194,114,3,0,0.0,0.0,0.0,0,0.0,0.0,0.0,0.0,0.0,0.0,0.0,0,0,0,0,0,0,0,0
File,File,Credentials in Registry,Unknown,97,11,0,6,194,114,2,1,0.0,0.0,0.0,0,0.0,0.0,0.0,0.0,0.0,0.0,0.0,0,0,0,0,0,0,0,0
File,File,Port Knocking,Unknown,97,11,0,6,194,114,1,0,0.0,0.0,0.0,0,0.0,0.0,0.0,0.0,0.0,0.0,0.0,0,0,0,0,0,0,0,0
File,File,Web Session Cookie,Credential Access,97,11,0,6,194,114,2,0,0.0,0.0,0.0,0,0.0,0.0,0.0,0.0,0.0,0.0,0.0,0,0,0,0,0,0,0,0
File,File,Executable Installer File Permissions Weakness,Unknown,97,11,0,6,194,114,2,0,0.0,0.0,0.0,0,0.0,0.0,0.0,0.0,0.0,0.0,0.0,0,0,0,0,0,0,0,0
File,File,Asynchronous Procedure Call,Unknown,97,11,0,6,194,114,2,0,0.0,0.0,0.0,0,0.0,0.0,0.0,0.0,0.0,0.0,0.0,0,0,0,0,0,0,0,0
File,File,CMSTP,Unknown,97,11,0,6,194,114,3,0,0.0,0.0,0.0,0,0.0,0.0,0.0,0.0,0.0,0.0,0.0,0,0,0,0,0,0,0,0
File,File,Change Default File Association,Unknown,97,11,0,6,194,114,2,1,0.0,0.0,0.0,0,0.0,0.0,0.0,0.0,0.0,0.0,0.0,0,0,0,0,0,0,0,0
File,File,Communication Through Removable Media,Unknown,97,11,0,6,194,114,2,0,0.0,0.0,0.0,0,0.0,0.0,0.0,0.0,0.0,0.0,0.0,0,0,0,0,0,0,0,0
File,File,Safe Mode Boot,Unknown,97,11,0,6,194,114,3,1,0.0,0.0,0.0,0,0.0,0.0,0.0,0.0,0.0,0.0,0.0,0,0,0,0,0,0,0,0
File,File,File Transfer Protocols,Unknown,97,11,0,6,194,114,4,0,0.0,0.0,0.0,0,0.0,0.0,0.0,0.0,0.0,0.0,0.0,0,0,0,0,0,0,0,0
File,File,Process Hollowing,Unknown,97,11,0,6,194,114,2,0,0.0,0.0,0.0,0,0.0,0.0,0.0,0.0,0.0,0.0,0.0,0,0,0,0,0,0,0,0
File,File,Golden Ticket,Credential Access,97,11,0,6,194,114,2,0,0.0,0.0,0.0,0,0.0,0.0,0.0,0.0,0.0,0.0,0.0,0,0,0,0,0,0,0,0
File,File,Golden Ticket,Credential Access,97,11,0,6,194,114,2,0,0.0,0.0,0.0,0,0.0,0.0,0.0,0.0,0.0,0.0,0.0,0,0,0,0,0,0,0,0
File,File,Resource Forking,Unknown,97,11,0,6,194,114,2,2,0.0,0.0,0.0,0,0.0,0.0,0.0,0.0,0.0,0.0,0.0,0,0,0,0,0,0,0,0
File,File,Application Shimming,Unknown,97,11,0,6,194,114,2,0,0.0,0.0,0.0,0,0.0,0.0,0.0,0.0,0.0,0.0,0.0,0,0,0,0,0,0,0,0
File,File,Valid Accounts,Unknown,97,11,0,6,194,114,1,0,0.0,0.0,0.0,0,0.0,0.0,0.0,0.0,0.0,0.0,0.0,0,0,0,0,0,0,0,0
File,File,Direct Network Flood,Unknown,97,11,0,6,194,114,3,0,0.0,0.0,0.0,0,0.0,0.0,0.0,0.0,0.0,0.0,0.0,0,0,0,0,0,0,0,0
File,File,Traffic Signaling,Unknown,97,11,0,6,194,114,1,0,0.0,0.0,0.0,0,0.0,0.0,0.0,0.0,0.0,0.0,0.0,0,0,0,0,0,0,0,0
File,File,ROMMONkit,Unknown,97,11,0,6,194,114,3,0,0.0,0.0,0.0,0,0.0,0.0,0.0,0.0,0.0,0.0,0.0,0,0,0,0,0,0,0,0
File,File,Domain Accounts,Unknown,97,11,0,6,194,114,2,0,0.0,0.0,0.0,0,0.0,0.0,0.0,0.0,0.0,0.0,0.0,0,0,0,0,0,0,0,0
File,File,LSASS Memory,Unknown,97,11,0,6,194,114,2,0,0.0,0.0,0.0,0,0.0,0.0,0.0,0.0,0.0,0.0,0.0,0,0,0,0,0,0,0,0
File,File,Application Access Token,Credential Access,97,11,0,6,194,114,3,0,0.0,0.0,0.0,0,0.0,0.0,0.0,0.0,0.0,0.0,0.0,0,0,0,0,0,0,0,0
File,File,Application Access Token,Credential Access,97,11,0,6,194,114,3,0,0.0,0.0,0.0,0,0.0,0.0,0.0,0.0,0.0,0.0,0.0,0,0,0,0,0,0,0,0
File,File,Cloud Service Discovery,Unknown,97,11,0,6,194,114,1,0,0.0,0.0,0.0,0,0.0,0.0,0.0,0.0,0.0,0.0,0.0,0,0,0,0,0,0,0,0
File,File,Kerberoasting,Unknown,97,11,0,6,194,114,2,0,0.0,0.0,0.0,0,0.0,0.0,0.0,0.0,0.0,0.0,0.0,0,0,0,0,0,0,0,0
File,File,Make and Impersonate Token,Defense Evasion,97,11,0,6,194,114,5,0,0.0,0.0,0.0,0,0.0,0.0,0.0,0.0,0.0,0.0,0.0,0,0,0,0,0,0,0,0
File,File,Make and Impersonate Token,Credential Access,97,11,0,6,194,114,5,0,0.0,0.0,0.0,0,0.0,0.0,0.0,0.0,0.0,0.0,0.0,0,0,0,0,0,0,0,0
File,File,Make and Impersonate Token,Credential Access,97,11,0,6,194,114,5,0,0.0,0.0,0.0,0,0.0,0.0,0.0,0.0,0.0,0.0,0.0,0,0,0,0,0,0,0,0
File,File,Exfiltration Over Web Service,Unknown,97,11,0,6,194,114,3,0,0.0,0.0,0.0,0,0.0,0.0,0.0,0.0,0.0,0.0,0.0,0,0,0,0,0,0,0,0
File,File,File and Directory Permissions Modification,Unknown,97,11,0,6,194,114,2,0,0.0,0.0,0.0,0,0.0,0.0,0.0,0.0,0.0,0.0,0.0,0,0,0,0,0,0,0,0
File,File,Add-ins,Unknown,97,11,0,6,194,114,4,1,0.0,0.0,0.0,0,0.0,0.0,0.0,0.0,0.0,0.0,0.0,0,0,0,0,0,0,0,0
File,File,Video Capture,Unknown,97,11,0,6,194,114,3,0,0.0,0.0,0.0,0,0.0,0.0,0.0,0.0,0.0,0.0,0.0,0,0,0,0,0,0,0,0
File,File,Data Transfer Size Limits,Unknown,97,11,0,6,194,114,1,0,0.0,0.0,0.0,0,0.0,0.0,0.0,0.0,0.0,0.0,0.0,0,0,0,0,0,0,0,0
File,File,Office Test,Unknown,97,11,0,6,194,114,2,1,0.0,0.0,0.0,0,0.0,0.0,0.0,0.0,0.0,0.0,0.0,0,0,0,0,0,0,0,0
File,File,Web Service,Unknown,97,11,0,6,194,114,3,0,0.0,0.0,0.0,0,0.0,0.0,0.0,0.0,0.0,0.0,0.0,0,0,0,0,0,0,0,0
File,File,Remote Service Session Hijacking,Lateral Movement,97,11,0,6,194,114,2,0,0.0,0.0,0.0,0,0.0,0.0,0.0,0.0,0.0,0.0,0.0,0,0,0,0,0,0,0,0
File,File,Remote Service Session Hijacking,Lateral Movement,97,11,0,6,194,114,2,0,0.0,0.0,0.0,0,0.0,0.0,0.0,0.0,0.0,0.0,0.0,0,0,0,0,0,0,0,0
File,File,Remote Service Session Hijacking,Lateral Movement,97,11,0,6,194,114,2,0,0.0,0.0,0.0,0,0.0,0.0,0.0,0.0,0.0,0.0,0.0,0,0,0,0,0,0,0,0
File,File,Create Account,Unknown,97,11,0,6,194,114,1,0,0.0,0.0,0.0,0,0.0,0.0,0.0,0.0,0.0,0.0,0.0,0,0,0,0,0,0,0,0
File,File,Image File Execution Options Injection,Unknown,97,11,0,6,194,114,2,1,0.0,0.0,0.0,0,0.0,0.0,0.0,0.0,0.0,0.0,0.0,0,0,0,0,0,0,0,0
File,File,Implant Internal Image,Unknown,97,11,0,6,194,114,1,0,0.0,0.0,0.0,0,0.0,0.0,0.0,0.0,0.0,0.0,0.0,0,0,0,0,0,0,0,0
File,File,Encrypted Channel,Unknown,97,11,0,6,194,114,3,0,0.0,0.0,0.0,0,0.0,0.0,0.0,0.0,0.0,0.0,0.0,0,0,0,0,0,0,0,0
File,File,Winlogon Helper DLL,Unknown,97,11,0,6,194,114,2,1,0.0,0.0,0.0,0,0.0,0.0,0.0,0.0,0.0,0.0,0.0,0,0,0,0,0,0,0,0
File,File,Web Portal Capture,Unknown,97,11,0,6,194,114,2,0,0.0,0.0,0.0,0,0.0,0.0,0.0,0.0,0.0,0.0,0.0,0,0,0,0,0,0,0,0
File,File,Code Repositories,Unknown,97,11,0,6,194,114,1,1,0.0,0.0,0.0,0,0.0,0.0,0.0,0.0,0.0,0.0,0.0,0,0,0,0,0,0,0,0
File,File,Security Software Discovery,Unknown,97,11,0,6,194,114,3,1,0.0,0.0,0.0,0,0.0,0.0,0.0,0.0,0.0,0.0,0.0,0,0,0,0,0,0,0,0
File,File,Protocol Tunneling,Unknown,97,11,0,6,194,114,3,0,0.0,0.0,0.0,0,0.0,0.0,0.0,0.0,0.0,0.0,0.0,0,0,0,0,0,0,0,0
File,File,NTDS,Unknown,97,11,0,6,194,114,1,0,0.0,0.0,0.0,0,0.0,0.0,0.0,0.0,0.0,0.0,0.0,0,0,0,0,0,0,0,0
File,File,Disable or Modify Tools,Unknown,97,11,0,6,194,114,2,0,0.0,0.0,0.0,0,0.0,0.0,0.0,0.0,0.0,0.0,0.0,0,0,0,0,0,0,0,0
File,File,Exploitation for Credential Access,Unknown,97,11,0,6,194,114,7,0,0.0,0.0,0.0,0,0.0,0.0,0.0,0.0,0.0,0.0,0.0,0,0,0,0,0,0,0,0
File,File,Additional Cloud Credentials,Unknown,97,11,0,6,194,114,4,0,0.0,0.0,0.0,0,0.0,0.0,0.0,0.0,0.0,0.0,0.0,0,0,0,0,0,0,0,0
File,File,External Remote Services,Lateral Movement,97,11,0,6,194,114,1,0,0.0,0.0,0.0,0,0.0,0.0,0.0,0.0,0.0,0.0,0.0,0,0,0,0,0,0,0,0
File,File,External Remote Services,Lateral Movement,97,11,0,6,194,114,1,0,0.0,0.0,0.0,0,0.0,0.0,0.0,0.0,0.0,0.0,0.0,0,0,0,0,0,0,0,0
File,File,External Remote Services,Lateral Movement,97,11,0,6,194,114,1,0,0.0,0.0,0.0,0,0.0,0.0,0.0,0.0,0.0,0.0,0.0,0,0,0,0,0,0,0,0
File,File,External Remote Services,Lateral Movement,97,11,0,6,194,114,1,0,0.0,0.0,0.0,0,0.0,0.0,0.0,0.0,0.0,0.0,0.0,0,0,0,0,0,0,0,0
File,File,System Time Discovery,Unknown,97,11,0,6,194,114,2,0,0.0,0.0,0.0,0,0.0,0.0,0.0,0.0,0.0,0.0,0.0,0,0,0,0,0,0,0,0
File,File,Default Accounts,Unknown,97,11,0,6,194,114,1,0,0.0,0.0,0.0,0,0.0,0.0,0.0,0.0,0.0,0.0,0.0,0,0,0,0,0,0,0,0
File,File,System Network Connections Discovery,Unknown,97,11,0,6,194,114,1,0,0.0,0.0,0.0,0,0.0,0.0,0.0,0.0,0.0,0.0,0.0,0,0,0,0,0,0,0,0
File,File,Keychain,Unknown,97,11,0,6,194,114,2,1,0.0,0.0,0.0,0,0.0,0.0,0.0,0.0,0.0,0.0,0.0,0,0,0,0,0,0,0,0
File,File,Browser Session Hijacking,Lateral Movement,97,11,0,6,194,114,1,0,0.0,0.0,0.0,0,0.0,0.0,0.0,0.0,0.0,0.0,0.0,0,0,0,0,0,0,0,0
File,File,External Defacement,Unknown,97,11,0,6,194,114,1,0,0.0,0.0,0.0,0,0.0,0.0,0.0,0.0,0.0,0.0,0.0,0,0,0,0,0,0,0,0
File,File,Exfiltration over USB,Unknown,97,11,0,6,194,114,2,0,0.0,0.0,0.0,0,0.0,0.0,0.0,0.0,0.0,0.0,0.0,0,0,0,0,0,0,0,0
File,File,Startup Items,Unknown,97,11,0,6,194,114,3,0,0.0,0.0,0.0,0,0.0,0.0,0.0,0.0,0.0,0.0,0.0,0,0,0,0,0,0,0,0
File,File,Email Hiding Rules,Unknown,97,11,0,6,194,114,6,0,0.0,0.0,0.0,0,0.0,0.0,0.0,0.0,0.0,0.0,0.0,0,0,0,0,0,0,0,0
File,File,Remote Email Collection,Unknown,97,11,0,6,194,114,3,0,0.0,0.0,0.0,0,0.0,0.0,0.0,0.0,0.0,0.0,0.0,0,0,0,0,0,0,0,0
File,File,Thread Local Storage,Unknown,97,11,0,6,194,114,1,0,0.0,0.0,0.0,0,0.0,0.0,0.0,0.0,0.0,0.0,0.0,0,0,0,0,0,0,0,0
File,File,Scheduled Transfer,Unknown,97,11,0,6,194,114,1,0,0.0,0.0,0.0,0,0.0,0.0,0.0,0.0,0.0,0.0,0.0,0,0,0,0,0,0,0,0
File,File,Transmitted Data Manipulation,Unknown,97,11,0,6,194,114,1,0,0.0,0.0,0.0,0,0.0,0.0,0.0,0.0,0.0,0.0,0.0,0,0,0,0,0,0,0,0
File,File,Malicious Link,Unknown,97,11,0,6,194,114,5,0,0.0,0.0,0.0,0,0.0,0.0,0.0,0.0,0.0,0.0,0.0,0,0,0,0,0,0,0,0
File,File,System Information Discovery,Unknown,97,11,0,6,194,114,3,0,0.0,0.0,0.0,0,0.0,0.0,0.0,0.0,0.0,0.0,0.0,0,0,0,0,0,0,0,0
File,File,Elevated Execution with Prompt,Unknown,97,11,0,6,194,114,3,1,0.0,0.0,0.0,0,0.0,0.0,0.0,0.0,0.0,0.0,0.0,0,0,0,0,0,0,0,0
File,File,Exploitation of Remote Services,Lateral Movement,97,11,0,6,194,114,5,0,0.0,0.0,0.0,0,0.0,0.0,0.0,0.0,0.0,0.0,0.0,0,0,0,0,0,0,0,0
File,File,Exploitation of Remote Services,Lateral Movement,97,11,0,6,194,114,5,0,0.0,0.0,0.0,0,0.0,0.0,0.0,0.0,0.0,0.0,0.0,0,0,0,0,0,0,0,0
File,File,Cloud Instance Metadata API,Unknown,97,11,0,6,194,114,1,0,0.0,0.0,0.0,0,0.0,0.0,0.0,0.0,0.0,0.0,0.0,0,0,0,0,0,0,0,0
File,File,Clear Command History,Unknown,97,11,0,6,194,114,2,0,0.0,0.0,0.0,0,0.0,0.0,0.0,0.0,0.0,0.0,0.0,0,0,0,0,0,0,0,0
File,File,Automated Exfiltration,Unknown,97,11,0,6,194,114,1,0,0.0,0.0,0.0,0,0.0,0.0,0.0,0.0,0.0,0.0,0.0,0,0,0,0,0,0,0,0
File,File,Steal Application Access Token,Credential Access,97,11,0,6,194,114,2,0,0.0,0.0,0.0,0,0.0,0.0,0.0,0.0,0.0,0.0,0.0,0,0,0,0,0,0,0,0
File,File,Steal Application Access Token,Credential Access,97,11,0,6,194,114,2,0,0.0,0.0,0.0,0,0.0,0.0,0.0,0.0,0.0,0.0,0.0,0,0,0,0,0,0,0,0
File,File,Steal Application Access Token,Credential Access,97,11,0,6,194,114,2,0,0.0,0.0,0.0,0,0.0,0.0,0.0,0.0,0.0,0.0,0.0,0,0,0,0,0,0,0,0
File,File,Replication Through Removable Media,Unknown,97,11,0,6,194,114,2,0,0.0,0.0,0.0,0,0.0,0.0,0.0,0.0,0.0,0.0,0.0,0,0,0,0,0,0,0,0
File,File,Exfiltration Over Other Network Medium,Unknown,97,11,0,6,194,114,1,0,0.0,0.0,0.0,0,0.0,0.0,0.0,0.0,0.0,0.0,0.0,0,0,0,0,0,0,0,0
File,File,Network Share Connection Removal,Unknown,97,11,0,6,194,114,1,0,0.0,0.0,0.0,0,0.0,0.0,0.0,0.0,0.0,0.0,0.0,0,0,0,0,0,0,0,0
File,File,Non-Application Layer Protocol,Unknown,97,11,0,6,194,114,3,0,0.0,0.0,0.0,0,0.0,0.0,0.0,0.0,0.0,0.0,0.0,0,0,0,0,0,0,0,0
File,File,Multi-Factor Authentication Interception,Unknown,97,11,0,6,194,114,1,0,0.0,0.0,0.0,0,0.0,0.0,0.0,0.0,0.0,0.0,0.0,0,0,0,0,0,0,0,0
File,File,SSH Hijacking,Lateral Movement,97,11,0,6,194,114,1,0,0.0,0.0,0.0,0,0.0,0.0,0.0,0.0,0.0,0.0,0.0,0,0,0,0,0,0,0,0
File,File,SSH Hijacking,Lateral Movement,97,11,0,6,194,114,1,0,0.0,0.0,0.0,0,0.0,0.0,0.0,0.0,0.0,0.0,0.0,0,0,0,0,0,0,0,0
File,File,SSH Hijacking,Lateral Movement,97,11,0,6,194,114,1,0,0.0,0.0,0.0,0,0.0,0.0,0.0,0.0,0.0,0.0,0.0,0,0,0,0,0,0,0,0
File,File,Sharepoint,Unknown,97,11,0,6,194,114,1,0,0.0,0.0,0.0,0,0.0,0.0,0.0,0.0,0.0,0.0,0.0,0,0,0,0,0,0,0,0
File,File,Additional Email Delegate Permissions,Unknown,97,11,0,6,194,114,2,0,0.0,0.0,0.0,0,0.0,0.0,0.0,0.0,0.0,0.0,0.0,0,0,0,0,0,0,0,0
File,File,Password Spraying,Unknown,97,11,0,6,194,114,7,1,0.0,0.0,0.0,0,0.0,0.0,0.0,0.0,0.0,0.0,0.0,0,0,0,0,0,0,0,0
File,File,Rogue Domain Controller,Unknown,97,11,0,6,194,114,5,1,0.0,0.0,0.0,0,0.0,0.0,0.0,0.0,0.0,0.0,0.0,0,0,0,0,0,0,0,0
File,File,Exploit Public-Facing Application,Unknown,97,11,0,6,194,114,5,0,0.0,0.0,0.0,0,0.0,0.0,0.0,0.0,0.0,0.0,0.0,0,0,0,0,0,0,0,0
File,File,Domain Account,Unknown,97,11,0,6,194,114,4,0,0.0,0.0,0.0,0,0.0,0.0,0.0,0.0,0.0,0.0,0.0,0,0,0,0,0,0,0,0
File,File,Cloud Account,Unknown,97,11,0,6,194,114,2,0,0.0,0.0,0.0,0,0.0,0.0,0.0,0.0,0.0,0.0,0.0,0,0,0,0,0,0,0,0
File,File,BITS Jobs,Unknown,97,11,0,6,194,114,5,0,0.0,0.0,0.0,0,0.0,0.0,0.0,0.0,0.0,0.0,0.0,0,0,0,0,0,0,0,0
File,File,Additional Cloud Roles,Unknown,97,11,0,6,194,114,2,0,0.0,0.0,0.0,0,0.0,0.0,0.0,0.0,0.0,0.0,0.0,0,0,0,0,0,0,0,0
File,File,Hardware Additions,Unknown,97,11,0,6,194,114,1,0,0.0,0.0,0.0,0,0.0,0.0,0.0,0.0,0.0,0.0,0.0,0,0,0,0,0,0,0,0
File,File,Group Policy Preferences,Unknown,97,11,0,6,194,114,2,0,0.0,0.0,0.0,0,0.0,0.0,0.0,0.0,0.0,0.0,0.0,0,0,0,0,0,0,0,0
File,File,Bootkit,Unknown,97,11,0,6,194,114,2,0,0.0,0.0,0.0,0,0.0,0.0,0.0,0.0,0.0,0.0,0.0,0,0,0,0,0,0,0,0
File,File,System Firmware,Unknown,97,11,0,6,194,114,3,0,0.0,0.0,0.0,0,0.0,0.0,0.0,0.0,0.0,0.0,0.0,0,0,0,0,0,0,0,0
File,File,Netsh Helper DLL,Unknown,97,11,0,6,194,114,3,1,0.0,0.0,0.0,0,0.0,0.0,0.0,0.0,0.0,0.0,0.0,0,0,0,0,0,0,0,0
File,File,Outlook Home Page,Unknown,97,11,0,6,194,114,1,0,0.0,0.0,0.0,0,0.0,0.0,0.0,0.0,0.0,0.0,0.0,0,0,0,0,0,0,0,0
File,File,Symmetric Cryptography,Unknown,97,11,0,6,194,114,3,0,0.0,0.0,0.0,0,0.0,0.0,0.0,0.0,0.0,0.0,0.0,0,0,0,0,0,0,0,0
File,File,Fallback Channels,Unknown,97,11,0,6,194,114,3,0,0.0,0.0,0.0,0,0.0,0.0,0.0,0.0,0.0,0.0,0.0,0,0,0,0,0,0,0,0
File,File,Reflection Amplification,Unknown,97,11,0,6,194,114,3,0,0.0,0.0,0.0,0,0.0,0.0,0.0,0.0,0.0,0.0,0.0,0,0,0,0,0,0,0,0
File,File,System Location Discovery,Unknown,97,11,0,6,194,114,1,0,0.0,0.0,0.0,0,0.0,0.0,0.0,0.0,0.0,0.0,0.0,0,0,0,0,0,0,0,0
File,File,Credential Stuffing,Unknown,97,11,0,6,194,114,5,0,0.0,0.0,0.0,0,0.0,0.0,0.0,0.0,0.0,0.0,0.0,0,0,0,0,0,0,0,0
File,File,Security Account Manager,Unknown,97,11,0,6,194,114,3,1,0.0,0.0,0.0,0,0.0,0.0,0.0,0.0,0.0,0.0,0.0,0,0,0,0,0,0,0,0
File,File,Services File Permissions Weakness,Unknown,97,11,0,6,194,114,2,0,0.0,0.0,0.0,0,0.0,0.0,0.0,0.0,0.0,0.0,0.0,0,0,0,0,0,0,0,0
File,File,Create Process with Token,Privilege Escalation,97,11,0,6,194,114,4,0,0.0,0.0,0.0,0,0.0,0.0,0.0,0.0,0.0,0.0,0.0,0,0,0,0,0,0,0,0
File,File,Create Process with Token,Privilege Escalation,97,11,0,6,194,114,4,0,0.0,0.0,0.0,0,0.0,0.0,0.0,0.0,0.0,0.0,0.0,0,0,0,0,0,0,0,0
File,File,Create Process with Token,Credential Access,97,11,0,6,194,114,4,0,0.0,0.0,0.0,0,0.0,0.0,0.0,0.0,0.0,0.0,0.0,0,0,0,0,0,0,0,0
File,File,Create Process with Token,Credential Access,97,11,0,6,194,114,4,0,0.0,0.0,0.0,0,0.0,0.0,0.0,0.0,0.0,0.0,0.0,0,0,0,0,0,0,0,0
File,File,Query Registry,Unknown,97,11,0,6,194,114,3,1,0.0,0.0,0.0,0,0.0,0.0,0.0,0.0,0.0,0.0,0.0,0,0,0,0,0,0,0,0
File,File,Exfiltration to Cloud Storage,Unknown,97,11,0,6,194,114,3,0,0.0,0.0,0.0,0,0.0,0.0,0.0,0.0,0.0,0.0,0.0,0,0,0,0,0,0,0,0
File,File,Process Doppelgänging,Unknown,97,11,0,6,194,114,2,0,0.0,0.0,0.0,0,0.0,0.0,0.0,0.0,0.0,0.0,0.0,0,0,0,0,0,0,0,0
File,File,Use Alternate Authentication Material,Unknown,97,11,0,6,194,114,2,0,0.0,0.0,0.0,0,0.0,0.0,0.0,0.0,0.0,0.0,0.0,0,0,0,0,0,0,0,0
File,File,Process Discovery,Unknown,97,11,0,6,194,114,2,0,0.0,0.0,0.0,0,0.0,0.0,0.0,0.0,0.0,0.0,0.0,0,0,0,0,0,0,0,0
File,File,Local Account,Unknown,97,11,0,6,194,114,4,0,0.0,0.0,0.0,0,0.0,0.0,0.0,0.0,0.0,0.0,0.0,0,0,0,0,0,0,0,0
File,File,LSA Secrets,Unknown,97,11,0,6,194,114,2,1,0.0,0.0,0.0,0,0.0,0.0,0.0,0.0,0.0,0.0,0.0,0,0,0,0,0,0,0,0
File,File,Compromise Hardware Supply Chain,Unknown,97,11,0,6,194,114,1,0,0.0,0.0,0.0,0,0.0,0.0,0.0,0.0,0.0,0.0,0.0,0,0,0,0,0,0,0,0
File,File,Data Obfuscation,Unknown,97,11,0,6,194,114,3,0,0.0,0.0,0.0,0,0.0,0.0,0.0,0.0,0.0,0.0,0.0,0,0,0,0,0,0,0,0
File,File,Data Encoding,Unknown,97,11,0,6,194,114,3,0,0.0,0.0,0.0,0,0.0,0.0,0.0,0.0,0.0,0.0,0.0,0,0,0,0,0,0,0,0
File Section,File,Application Shimming,Unknown,1,1,0,0,2,2,2,0,0.0,0.0,0.0,0,0.0,0.0,0.0,0.0,0.0,0.0,0.0,0,0,0,0,0,0,0,0
File Section,File,MMC,Unknown,1,1,0,0,2,2,3,1,0.0,0.0,0.0,0,0.0,0.0,0.0,0.0,0.0,0.0,0.0,0,0,0,0,0,0,0,0
File Transfer Network Traffic,Network,Web Protocols,Unknown,2,1,1,10,5,14,5,3,4.0,2.0,2.0,2,0.0,0.0,0.0,0.0,0.0,0.0,2.0,0,0,0,0,0,0,1,0
File Transfer Network Traffic,Network,Path Interception by Unquoted Path,Unknown,2,1,1,10,5,14,2,0,4.0,2.0,2.0,2,0.0,0.0,0.0,0.0,0.0,0.0,2.0,0,0,0,0,0,0,1,0
File Transfer Network Traffic,Network,Process Hollowing,Unknown,2,1,1,10,5,14,2,0,4.0,2.0,2.0,2,0.0,0.0,0.0,0.0,0.0,0.0,2.0,0,0,0,0,0,0,1,0
File Transfer Network Traffic,Network,Exfiltration Over Asymmetric Encrypted Non-C2 Protocol,Unknown,2,1,1,10,5,14,5,3,4.0,2.0,2.0,2,0.0,0.0,0.0,0.0,0.0,0.0,2.0,0,0,0,0,0,0,1,0
Firmware,System,Cloud Account,Unknown,4,3,0,0,8,7,2,0,0.0,0.0,0.0,0,0.0,0.0,0.0,0.0,0.0,0.0,0.0,0,0,0,0,0,0,0,0
Firmware,System,Golden Ticket,Credential Access,4,3,0,0,8,7,2,0,0.0,0.0,0.0,0,0.0,0.0,0.0,0.0,0.0,0.0,0.0,0,0,0,0,0,0,0,0
Firmware,System,Golden Ticket,Credential Access,4,3,0,0,8,7,2,0,0.0,0.0,0.0,0,0.0,0.0,0.0,0.0,0.0,0.0,0.0,0,0,0,0,0,0,0,0
Firmware,System,Compromise Software Dependencies and Development Tools,Unknown,4,3,0,0,8,7,1,1,0.0,0.0,0.0,0,0.0,0.0,0.0,0.0,0.0,0.0,0.0,0,0,0,0,0,0,0,0
Firmware,System,Local Data Staging,Unknown,4,3,0,0,8,7,3,0,0.0,0.0,0.0,0,0.0,0.0,0.0,0.0,0.0,0.0,0.0,0,0,0,0,0,0,0,0
Firmware,System,Credentials from Password Stores,Unknown,4,3,0,0,8,7,2,0,0.0,0.0,0.0,0,0.0,0.0,0.0,0.0,0.0,0.0,0.0,0,0,0,0,0,0,0,0
Firmware,System,Valid Accounts,Unknown,4,3,0,0,8,7,1,0,0.0,0.0,0.0,0,0.0,0.0,0.0,0.0,0.0,0.0,0.0,0,0,0,0,0,0,0,0
Firmware,System,Audio Capture,Unknown,4,3,0,0,8,7,2,2,0.0,0.0,0.0,0,0.0,0.0,0.0,0.0,0.0,0.0,0.0,0,0,0,0,0,0,0,0
Firmware,System,Network Share Connection Removal,Unknown,4,3,0,0,8,7,1,1,0.0,0.0,0.0,0,0.0,0.0,0.0,0.0,0.0,0.0,0.0,0,0,0,0,0,0,0,0
Hardware Device,System,Token Impersonation/Theft,Credential Access,11,1,0,9,22,21,2,0,0.0,0.0,0.0,0,0.0,0.0,0.0,0.0,0.0,0.0,0.0,0,0,0,0,0,0,0,0
Hardware Device,System,Token Impersonation/Theft,Credential Access,11,1,0,9,22,21,2,0,0.0,0.0,0.0,0,0.0,0.0,0.0,0.0,0.0,0.0,0.0,0,0,0,0,0,0,0,0
Hardware Device,System,Rundll32,Unknown,11,1,0,9,22,21,3,0,0.0,0.0,0.0,0,0.0,0.0,0.0,0.0,0.0,0.0,0.0,0,0,0,0,0,0,0,0
Hardware Device,System,Port Monitors,Unknown,11,1,0,9,22,21,2,0,0.0,0.0,0.0,0,0.0,0.0,0.0,0.0,0.0,0.0,0.0,0,0,0,0,0,0,0,0
Hardware Device,System,Clear Linux or Mac System Logs,Unknown,11,1,0,9,22,21,2,0,0.0,0.0,0.0,0,0.0,0.0,0.0,0.0,0.0,0.0,0.0,0,0,0,0,0,0,0,0
Hardware Device,System,System Location Discovery,Unknown,11,1,0,9,22,21,1,0,0.0,0.0,0.0,0,0.0,0.0,0.0,0.0,0.0,0.0,0.0,0,0,0,0,0,0,0,0
Hardware Device,System,Office Test,Unknown,11,1,0,9,22,21,2,0,0.0,0.0,0.0,0,0.0,0.0,0.0,0.0,0.0,0.0,0.0,0,0,0,0,0,0,0,0
Hardware Device,System,Additional Cloud Roles,Unknown,11,1,0,9,22,21,2,0,0.0,0.0,0.0,0,0.0,0.0,0.0,0.0,0.0,0.0,0.0,0,0,0,0,0,0,0,0
Hardware Device,System,Resource Forking,Unknown,11,1,0,9,22,21,2,0,0.0,0.0,0.0,0,0.0,0.0,0.0,0.0,0.0,0.0,0.0,0,0,0,0,0,0,0,0
Hardware Device,System,Steal Application Access Token,Credential Access,11,1,0,9,22,21,2,0,0.0,0.0,0.0,0,0.0,0.0,0.0,0.0,0.0,0.0,0.0,0,0,0,0,0,0,0,0
Hardware Device,System,Steal Application Access Token,Credential Access,11,1,0,9,22,21,2,0,0.0,0.0,0.0,0,0.0,0.0,0.0,0.0,0.0,0.0,0.0,0,0,0,0,0,0,0,0
Hardware Device,System,Steal Application Access Token,Credential Access,11,1,0,9,22,21,2,0,0.0,0.0,0.0,0,0.0,0.0,0.0,0.0,0.0,0.0,0.0,0,0,0,0,0,0,0,0
Hardware Device,System,Create Process with Token,Privilege Escalation,11,1,0,9,22,21,4,0,0.0,0.0,0.0,0,0.0,0.0,0.0,0.0,0.0,0.0,0.0,0,0,0,0,0,0,0,0
Hardware Device,System,Create Process with Token,Privilege Escalation,11,1,0,9,22,21,4,0,0.0,0.0,0.0,0,0.0,0.0,0.0,0.0,0.0,0.0,0.0,0,0,0,0,0,0,0,0
Hardware Device,System,Create Process with Token,Credential Access,11,1,0,9,22,21,4,0,0.0,0.0,0.0,0,0.0,0.0,0.0,0.0,0.0,0.0,0.0,0,0,0,0,0,0,0,0
Hardware Device,System,Create Process with Token,Credential Access,11,1,0,9,22,21,4,0,0.0,0.0,0.0,0,0.0,0.0,0.0,0.0,0.0,0.0,0.0,0,0,0,0,0,0,0,0
Hardware Device,System,SID-History Injection,Unknown,11,1,0,9,22,21,2,0,0.0,0.0,0.0,0,0.0,0.0,0.0,0.0,0.0,0.0,0.0,0,0,0,0,0,0,0,0
Hardware Device,System,Path Interception by Unquoted Path,Unknown,11,1,0,9,22,21,2,0,0.0,0.0,0.0,0,0.0,0.0,0.0,0.0,0.0,0.0,0.0,0,0,0,0,0,0,0,0
Hardware Device,System,Securityd Memory,Unknown,11,1,0,9,22,21,1,0,0.0,0.0,0.0,0,0.0,0.0,0.0,0.0,0.0,0.0,0.0,0,0,0,0,0,0,0,0
Hardware Device,System,Disk Structure Wipe,Unknown,11,1,0,9,22,21,1,1,0.0,0.0,0.0,0,0.0,0.0,0.0,0.0,0.0,0.0,0.0,0,0,0,0,0,0,0,0
Hardware Device,System,SIP and Trust Provider Hijacking,Lateral Movement,11,1,0,9,22,21,2,0,0.0,0.0,0.0,0,0.0,0.0,0.0,0.0,0.0,0.0,0.0,0,0,0,0,0,0,0,0
Hardware Device,System,Email Forwarding Rule,Unknown,11,1,0,9,22,21,2,0,0.0,0.0,0.0,0,0.0,0.0,0.0,0.0,0.0,0.0,0.0,0,0,0,0,0,0,0,0
Hardware Device,System,Taint Shared Content,Unknown,11,1,0,9,22,21,1,1,0.0,0.0,0.0,0,0.0,0.0,0.0,0.0,0.0,0.0,0.0,0,0,0,0,0,0,0,0
Hardware Device,System,LSA Secrets,Unknown,11,1,0,9,22,21,2,0,0.0,0.0,0.0,0,0.0,0.0,0.0,0.0,0.0,0.0,0.0,0,0,0,0,0,0,0,0
Hardware Device,System,Transport Agent,Unknown,11,1,0,9,22,21,5,4,0.0,0.0,0.0,0,0.0,0.0,0.0,0.0,0.0,0.0,0.0,0,0,0,0,0,0,0,0
Hardware Device,System,Spearphishing Link,Unknown,11,1,0,9,22,21,8,0,0.0,0.0,0.0,0,0.0,0.0,0.0,0.0,0.0,0.0,0.0,0,0,0,0,0,0,0,0
Hardware Device,System,Services Registry Permissions Weakness,Unknown,11,1,0,9,22,21,3,0,0.0,0.0,0.0,0,0.0,0.0,0.0,0.0,0.0,0.0,0.0,0,0,0,0,0,0,0,0
Hardware Device,System,SQL Stored Procedures,Unknown,11,1,0,9,22,21,4,1,0.0,0.0,0.0,0,0.0,0.0,0.0,0.0,0.0,0.0,0.0,0,0,0,0,0,0,0,0
Host,System,Internal Proxy,Unknown,3,1,1,9,7,14,2,0,3.0,1.0,3.0,1,0.0,0.0,0.0,0.0,3.0,0.0,0.0,0,0,0,0,1,0,0,0
Host,System,Masquerade Task or Service,Unknown,3,1,1,9,7,14,1,0,3.0,1.0,3.0,1,0.0,0.0,0.0,0.0,3.0,0.0,0.0,0,0,0,0,1,0,0,0
Host,System,Golden Ticket,Credential Access,3,1,1,9,7,14,2,0,3.0,1.0,3.0,1,0.0,0.0,0.0,0.0,3.0,0.0,0.0,0,0,0,0,1,0,0,0
Host,System,Golden Ticket,Credential Access,3,1,1,9,7,14,2,0,3.0,1.0,3.0,1,0.0,0.0,0.0,0.0,3.0,0.0,0.0,0,0,0,0,1,0,0,0
Host,System,Code Repositories,Unknown,3,1,1,9,7,14,1,0,3.0,1.0,3.0,1,0.0,0.0,0.0,0.0,3.0,0.0,0.0,0,0,0,0,1,0,0,0
Host,System,Keychain,Unknown,3,1,1,9,7,14,2,0,3.0,1.0,3.0,1,0.0,0.0,0.0,0.0,3.0,0.0,0.0,0,0,0,0,1,0,0,0
Host,System,SID-History Injection,Unknown,3,1,1,9,7,14,2,0,3.0,1.0,3.0,1,0.0,0.0,0.0,0.0,3.0,0.0,0.0,0,0,0,0,1,0,0,0
Identifier,Identity,Golden Ticket,Credential Access,4,1,0,6,8,11,2,2,0.0,0.0,0.0,0,0.0,0.0,0.0,0.0,0.0,0.0,0.0,0,0,0,0,0,0,0,0
Identifier,Identity,Golden Ticket,Credential Access,4,1,0,6,8,11,2,2,0.0,0.0,0.0,0,0.0,0.0,0.0,0.0,0.0,0.0,0.0,0,0,0,0,0,0,0,0
Identifier,Identity,Scheduled Transfer,Unknown,4,1,0,6,8,11,1,0,0.0,0.0,0.0,0,0.0,0.0,0.0,0.0,0.0,0.0,0.0,0,0,0,0,0,0,0,0
Identifier,Identity,Web Portal Capture,Unknown,4,1,0,6,8,11,2,0,0.0,0.0,0.0,0,0.0,0.0,0.0,0.0,0.0,0.0,0.0,0,0,0,0,0,0,0,0
Identifier,Identity,Pluggable Authentication Modules,Unknown,4,1,0,6,8,11,2,0,0.0,0.0,0.0,0,0.0,0.0,0.0,0.0,0.0,0.0,0.0,0,0,0,0,0,0,0,0
Identifier,Identity,NTDS,Unknown,4,1,0,6,8,11,1,1,0.0,0.0,0.0,0,0.0,0.0,0.0,0.0,0.0,0.0,0.0,0,0,0,0,0,0,0,0
Identifier,Identity,Application Window Discovery,Unknown,4,1,0,6,8,11,2,0,0.0,0.0,0.0,0,0.0,0.0,0.0,0.0,0.0,0.0,0.0,0,0,0,0,0,0,0,0
Identifier,Identity,Space after Filename,Unknown,4,1,0,6,8,11,1,0,0.0,0.0,0.0,0,0.0,0.0,0.0,0.0,0.0,0.0,0.0,0,0,0,0,0,0,0,0
Identifier,Identity,Modify Authentication Process,Unknown,4,1,0,6,8,11,2,0,0.0,0.0,0.0,0,0.0,0.0,0.0,0.0,0.0,0.0,0.0,0,0,0,0,0,0,0,0
Inbound Internet Network Traffic,Network,Elevated Execution with Prompt,Unknown,6,1,0,10,12,17,3,0,4.0,2.0,2.0,2,0.0,0.0,0.0,0.0,0.0,0.0,2.0,0,0,0,0,0,0,1,0
Inbound Internet Network Traffic,Network,Software Extensions,Unknown,6,1,0,10,12,17,1,0,4.0,2.0,2.0,2,0.0,0.0,0.0,0.0,0.0,0.0,2.0,0,0,0,0,0,0,1,0
Inbound Internet Network Traffic,Network,Exfiltration to Code Repository,Unknown,6,1,0,10,12,17,3,3,4.0,2.0,2.0,2,0.0,0.0,0.0,0.0,0.0,0.0,2.0,0,0,0,0,0,0,1,0
Inbound Internet Network Traffic,Network,Office Test,Unknown,6,1,0,10,12,17,2,0,4.0,2.0,2.0,2,0.0,0.0,0.0,0.0,0.0,0.0,2.0,0,0,0,0,0,0,1,0
Inbound Internet Network Traffic,Network,Impair Command History Logging,Unknown,6,1,0,10,12,17,7,0,4.0,2.0,2.0,2,0.0,0.0,0.0,0.0,0.0,0.0,2.0,0,0,0,0,0,0,1,0
Inbound Internet Network Traffic,Network,Netsh Helper DLL,Unknown,6,1,0,10,12,17,3,0,4.0,2.0,2.0,2,0.0,0.0,0.0,0.0,0.0,0.0,2.0,0,0,0,0,0,0,1,0
Inbound Internet Network Traffic,Network,LLMNR/NBT-NS Poisoning and SMB Relay,Unknown,6,1,0,10,12,17,2,2,4.0,2.0,2.0,2,0.0,0.0,0.0,0.0,0.0,0.0,2.0,0,0,0,0,0,0,1,0
Inbound Internet Network Traffic,Network,Keylogging,Unknown,6,1,0,10,12,17,2,0,4.0,2.0,2.0,2,0.0,0.0,0.0,0.0,0.0,0.0,2.0,0,0,0,0,0,0,1,0
Inbound Internet Network Traffic,Network,Use Alternate Authentication Material,Unknown,6,1,0,10,12,17,2,0,4.0,2.0,2.0,2,0.0,0.0,0.0,0.0,0.0,0.0,2.0,0,0,0,0,0,0,1,0
Inbound Internet Network Traffic,Network,Additional Cloud Credentials,Unknown,6,1,0,10,12,17,4,3,4.0,2.0,2.0,2,0.0,0.0,0.0,0.0,0.0,0.0,2.0,0,0,0,0,0,0,1,0
Inbound Internet Network Traffic,Network,System Network Configuration Discovery,Unknown,6,1,0,10,12,17,4,0,4.0,2.0,2.0,2,0.0,0.0,0.0,0.0,0.0,0.0,2.0,0,0,0,0,0,0,1,0
Inbound Internet Network Traffic,Network,Encrypted Channel,Unknown,6,1,0,10,12,17,3,3,4.0,2.0,2.0,2,0.0,0.0,0.0,0.0,0.0,0.0,2.0,0,0,0,0,0,0,1,0
Inbound Network Traffic,Network,Cloud Storage Object Discovery,Unknown,6,1,0,10,12,17,3,0,4.0,2.0,2.0,2,0.0,0.0,0.0,0.0,0.0,0.0,2.0,0,0,0,0,0,0,1,0
Inbound Network Traffic,Network,Golden Ticket,Credential Access,6,1,0,10,12,17,2,0,4.0,2.0,2.0,2,0.0,0.0,0.0,0.0,0.0,0.0,2.0,0,0,0,0,0,0,1,0
Inbound Network Traffic,Network,Golden Ticket,Credential Access,6,1,0,10,12,17,2,0,4.0,2.0,2.0,2,0.0,0.0,0.0,0.0,0.0,0.0,2.0,0,0,0,0,0,0,1,0
Inbound Network Traffic,Network,RDP Hijacking,Lateral Movement,6,1,0,10,12,17,1,0,4.0,2.0,2.0,2,0.0,0.0,0.0,0.0,0.0,0.0,2.0,0,0,0,0,0,0,1,0
Inbound Network Traffic,Network,RDP Hijacking,Lateral Movement,6,1,0,10,12,17,1,0,4.0,2.0,2.0,2,0.0,0.0,0.0,0.0,0.0,0.0,2.0,0,0,0,0,0,0,1,0
Inbound Network Traffic,Network,RDP Hijacking,Lateral Movement,6,1,0,10,12,17,1,0,4.0,2.0,2.0,2,0.0,0.0,0.0,0.0,0.0,0.0,2.0,0,0,0,0,0,0,1,0
Inbound Network Traffic,Network,Software Packing,Unknown,6,1,0,10,12,17,2,0,4.0,2.0,2.0,2,0.0,0.0,0.0,0.0,0.0,0.0,2.0,0,0,0,0,0,0,1,0
Inbound Network Traffic,Network,Use Alternate Authentication Material,Unknown,6,1,0,10,12,17,2,0,4.0,2.0,2.0,2,0.0,0.0,0.0,0.0,0.0,0.0,2.0,0,0,0,0,0,0,1,0
Inbound Network Traffic,Network,Services File Permissions Weakness,Unknown,6,1,0,10,12,17,2,0,4.0,2.0,2.0,2,0.0,0.0,0.0,0.0,0.0,0.0,2.0,0,0,0,0,0,0,1,0
Inbound Network Traffic,Network,Space after Filename,Unknown,6,1,0,10,12,17,1,0,4.0,2.0,2.0,2,0.0,0.0,0.0,0.0,0.0,0.0,2.0,0,0,0,0,0,0,1,0
Inbound Network Traffic,Network,SIP and Trust Provider Hijacking,Lateral Movement,6,1,0,10,12,17,2,0,4.0,2.0,2.0,2,0.0,0.0,0.0,0.0,0.0,0.0,2.0,0,0,0,0,0,0,1,0
Inbound Network Traffic,Network,Adversary-in-the-Middle,Unknown,6,1,0,10,12,17,1,1,4.0,2.0,2.0,2,0.0,0.0,0.0,0.0,0.0,0.0,2.0,0,0,0,0,0,0,1,0
Inbound Network Traffic,Network,Compile After Delivery,Unknown,6,1,0,10,12,17,2,0,4.0,2.0,2.0,2,0.0,0.0,0.0,0.0,0.0,0.0,2.0,0,0,0,0,0,0,1,0
Inbound Network Traffic,Network,Launchd,Unknown,6,1,0,10,12,17,1,0,4.0,2.0,2.0,2,0.0,0.0,0.0,0.0,0.0,0.0,2.0,0,0,0,0,0,0,1,0
Inbound Network Traffic,Network,Exploitation of Remote Services,Lateral Movement,6,1,0,10,12,17,5,2,4.0,2.0,2.0,2,0.0,0.0,0.0,0.0,0.0,0.0,2.0,0,0,0,0,0,0,1,0
Inbound Network Traffic,Network,Exploitation of Remote Services,Lateral Movement,6,1,0,10,12,17,5,2,4.0,2.0,2.0,2,0.0,0.0,0.0,0.0,0.0,0.0,2.0,0,0,0,0,0,0,1,0
Input Device,System,RC Scripts,Unknown,3,2,0,0,6,5,4,0,0.0,0.0,0.0,0,0.0,0.0,0.0,0.0,0.0,0.0,0.0,0,0,0,0,0,0,0,0
Input Device,System,Golden Ticket,Credential Access,3,2,0,0,6,5,2,0,0.0,0.0,0.0,0,0.0,0.0,0.0,0.0,0.0,0.0,0.0,0,0,0,0,0,0,0,0
Input Device,System,Golden Ticket,Credential Access,3,2,0,0,6,5,2,0,0.0,0.0,0.0,0,0.0,0.0,0.0,0.0,0.0,0.0,0.0,0,0,0,0,0,0,0,0
Input Device,System,Logon Script (Windows),Unknown,3,2,0,0,6,5,2,0,0.0,0.0,0.0,0,0.0,0.0,0.0,0.0,0.0,0.0,0.0,0,0,0,0,0,0,0,0
Input Device,System,Windows Management Instrumentation,Unknown,3,2,0,0,6,5,5,0,0.0,0.0,0.0,0,0.0,0.0,0.0,0.0,0.0,0.0,0.0,0,0,0,0,0,0,0,0
Input Device,System,Password Guessing,Unknown,3,2,0,0,6,5,4,0,0.0,0.0,0.0,0,0.0,0.0,0.0,0.0,0.0,0.0,0.0,0,0,0,0,0,0,0,0
Input Device,System,Security Support Provider,Unknown,3,2,0,0,6,5,2,0,0.0,0.0,0.0,0,0.0,0.0,0.0,0.0,0.0,0.0,0.0,0,0,0,0,0,0,0,0
Intranet Administrative Network Traffic,Network,Unsecured Credentials,Unknown,8,1,0,0,16,9,1,0,4.0,2.0,2.0,2,0.0,0.0,0.0,0.0,0.0,0.0,2.0,0,0,0,0,0,0,1,0
Intranet Administrative Network Traffic,Network,Taint Shared Content,Unknown,8,1,0,0,16,9,1,0,4.0,2.0,2.0,2,0.0,0.0,0.0,0.0,0.0,0.0,2.0,0,0,0,0,0,0,1,0
Intranet Administrative Network Traffic,Network,Non-Application Layer Protocol,Unknown,8,1,0,0,16,9,3,3,4.0,2.0,2.0,2,0.0,0.0,0.0,0.0,0.0,0.0,2.0,0,0,0,0,0,0,1,0
Intranet Administrative Network Traffic,Network,Remote System Discovery,Unknown,8,1,0,0,16,9,5,1,4.0,2.0,2.0,2,0.0,0.0,0.0,0.0,0.0,0.0,2.0,0,0,0,0,0,0,1,0
Intranet Administrative Network Traffic,Network,Trusted Relationship,Defense Evasion,8,1,0,0,16,9,3,2,4.0,2.0,2.0,2,0.0,0.0,0.0,0.0,0.0,0.0,2.0,0,0,0,0,0,0,1,0
Intranet Administrative Network Traffic,Network,Trusted Relationship,Defense Evasion,8,1,0,0,16,9,3,2,4.0,2.0,2.0,2,0.0,0.0,0.0,0.0,0.0,0.0,2.0,0,0,0,0,0,0,1,0
Intranet Administrative Network Traffic,Network,Multi-hop Proxy,Unknown,8,1,0,0,16,9,3,3,4.0,2.0,2.0,2,0.0,0.0,0.0,0.0,0.0,0.0,2.0,0,0,0,0,0,0,1,0
Intranet Administrative Network Traffic,Network,Outlook Forms,Unknown,8,1,0,0,16,9,2,0,4.0,2.0,2.0,2,0.0,0.0,0.0,0.0,0.0,0.0,2.0,0,0,0,0,0,0,1,0
Intranet Administrative Network Traffic,Network,Scheduled Task/Job,Unknown,8,1,0,0,16,9,5,0,4.0,2.0,2.0,2,0.0,0.0,0.0,0.0,0.0,0.0,2.0,0,0,0,0,0,0,1,0
Intranet Administrative Network Traffic,Network,Keychain,Unknown,8,1,0,0,16,9,2,0,4.0,2.0,2.0,2,0.0,0.0,0.0,0.0,0.0,0.0,2.0,0,0,0,0,0,0,1,0
Intranet Administrative Network Traffic,Network,MSBuild,Unknown,8,1,0,0,16,9,2,0,4.0,2.0,2.0,2,0.0,0.0,0.0,0.0,0.0,0.0,2.0,0,0,0,0,0,0,1,0
Intranet Administrative Network Traffic,Network,IIS Components,Unknown,8,1,0,0,16,9,1,0,4.0,2.0,2.0,2,0.0,0.0,0.0,0.0,0.0,0.0,2.0,0,0,0,0,0,0,1,0
Intranet Administrative Network Traffic,Network,File and Directory Discovery,Unknown,8,1,0,0,16,9,2,0,4.0,2.0,2.0,2,0.0,0.0,0.0,0.0,0.0,0.0,2.0,0,0,0,0,0,0,1,0
Intranet Administrative Network Traffic,Network,Credentials in Registry,Unknown,8,1,0,0,16,9,2,0,4.0,2.0,2.0,2,0.0,0.0,0.0,0.0,0.0,0.0,2.0,0,0,0,0,0,0,1,0
Intranet Administrative Network Traffic,Network,Exfiltration Over C2 Channel,Unknown,8,1,0,0,16,9,3,1,4.0,2.0,2.0,2,0.0,0.0,0.0,0.0,0.0,0.0,2.0,0,0,0,0,0,0,1,0
Intranet Administrative Network Traffic,Network,Masquerade Task or Service,Unknown,8,1,0,0,16,9,1,0,4.0,2.0,2.0,2,0.0,0.0,0.0,0.0,0.0,0.0,2.0,0,0,0,0,0,0,1,0
Intranet Administrative Network Traffic,Network,Time Based Evasion,Unknown,8,1,0,0,16,9,2,0,4.0,2.0,2.0,2,0.0,0.0,0.0,0.0,0.0,0.0,2.0,0,0,0,0,0,0,1,0
Intranet IPC Network Traffic,Network,Email Forwarding Rule,Unknown,1,1,0,0,2,2,2,0,4.0,2.0,2.0,2,0.0,0.0,0.0,0.0,0.0,0.0,2.0,0,0,0,0,0,0,1,0
Intranet IPC Network Traffic,Network,Executable Installer File Permissions Weakness,Unknown,1,1,0,0,2,2,2,0,4.0,2.0,2.0,2,0.0,0.0,0.0,0.0,0.0,0.0,2.0,0,0,0,0,0,0,1,0
Intranet Network Traffic,Network,External Defacement,Unknown,15,1,0,0,30,16,1,0,4.0,2.0,2.0,2,0.0,0.0,0.0,0.0,0.0,0.0,2.0,0,0,0,0,0,0,1,0
Intranet Network Traffic,Network,Startup Items,Unknown,15,1,0,0,30,16,3,0,4.0,2.0,2.0,2,0.0,0.0,0.0,0.0,0.0,0.0,2.0,0,0,0,0,0,0,1,0
Intranet Network Traffic,Network,Launch Agent,Unknown,15,1,0,0,30,16,1,0,4.0,2.0,2.0,2,0.0,0.0,0.0,0.0,0.0,0.0,2.0,0,0,0,0,0,0,1,0
Intranet Network Traffic,Network,Time Based Evasion,Unknown,15,1,0,0,30,16,2,0,4.0,2.0,2.0,2,0.0,0.0,0.0,0.0,0.0,0.0,2.0,0,0,0,0,0,0,1,0
Intranet Network Traffic,Network,Local Account,Unknown,15,1,0,0,30,16,4,0,4.0,2.0,2.0,2,0.0,0.0,0.0,0.0,0.0,0.0,2.0,0,0,0,0,0,0,1,0
Intranet Network Traffic,Network,Compromise Software Supply Chain,Unknown,15,1,0,0,30,16,1,0,4.0,2.0,2.0,2,0.0,0.0,0.0,0.0,0.0,0.0,2.0,0,0,0,0,0,0,1,0
Intranet Network Traffic,Network,Exfiltration Over Symmetric Encrypted Non-C2 Protocol,Unknown,15,1,0,0,30,16,3,3,4.0,2.0,2.0,2,0.0,0.0,0.0,0.0,0.0,0.0,2.0,0,0,0,0,0,0,1,0
Intranet Network Traffic,Network,MSBuild,Unknown,15,1,0,0,30,16,2,0,4.0,2.0,2.0,2,0.0,0.0,0.0,0.0,0.0,0.0,2.0,0,0,0,0,0,0,1,0
Intranet Network Traffic,Network,File and Directory Discovery,Unknown,15,1,0,0,30,16,2,0,4.0,2.0,2.0,2,0.0,0.0,0.0,0.0,0.0,0.0,2.0,0,0,0,0,0,0,1,0
Intranet Network Traffic,Network,Path Interception by Unquoted Path,Unknown,15,1,0,0,30,16,2,0,4.0,2.0,2.0,2,0.0,0.0,0.0,0.0,0.0,0.0,2.0,0,0,0,0,0,0,1,0
Intranet Network Traffic,Network,Email Hiding Rules,Unknown,15,1,0,0,30,16,6,0,4.0,2.0,2.0,2,0.0,0.0,0.0,0.0,0.0,0.0,2.0,0,0,0,0,0,0,1,0
Intranet Network Traffic,Network,Malicious File,Unknown,15,1,0,0,30,16,2,0,4.0,2.0,2.0,2,0.0,0.0,0.0,0.0,0.0,0.0,2.0,0,0,0,0,0,0,1,0
Intranet Network Traffic,Network,AppCert DLLs,Unknown,15,1,0,0,30,16,5,0,4.0,2.0,2.0,2,0.0,0.0,0.0,0.0,0.0,0.0,2.0,0,0,0,0,0,0,1,0
Intranet Network Traffic,Network,Transport Agent,Unknown,15,1,0,0,30,16,5,0,4.0,2.0,2.0,2,0.0,0.0,0.0,0.0,0.0,0.0,2.0,0,0,0,0,0,0,1,0
Intranet Network Traffic,Network,DNS,Unknown,15,1,0,0,30,16,5,5,4.0,2.0,2.0,2,0.0,0.0,0.0,0.0,0.0,0.0,2.0,0,0,0,0,0,0,1,0
Intranet Network Traffic,Network,LSASS Memory,Unknown,15,1,0,0,30,16,2,0,4.0,2.0,2.0,2,0.0,0.0,0.0,0.0,0.0,0.0,2.0,0,0,0,0,0,0,1,0
Intranet Network Traffic,Network,Bash History,Unknown,15,1,0,0,30,16,1,0,4.0,2.0,2.0,2,0.0,0.0,0.0,0.0,0.0,0.0,2.0,0,0,0,0,0,0,1,0
Intranet Network Traffic,Network,Bypass User Account Control,Unknown,15,1,0,0,30,16,6,0,4.0,2.0,2.0,2,0.0,0.0,0.0,0.0,0.0,0.0,2.0,0,0,0,0,0,0,1,0
Intranet Network Traffic,Network,Web Protocols,Unknown,15,1,0,0,30,16,5,3,4.0,2.0,2.0,2,0.0,0.0,0.0,0.0,0.0,0.0,2.0,0,0,0,0,0,0,1,0
Intranet Network Traffic,Network,Logon Script (Windows),Unknown,15,1,0,0,30,16,2,0,4.0,2.0,2.0,2,0.0,0.0,0.0,0.0,0.0,0.0,2.0,0,0,0,0,0,0,1,0
Intranet Network Traffic,Network,Stored Data Manipulation,Unknown,15,1,0,0,30,16,1,0,4.0,2.0,2.0,2,0.0,0.0,0.0,0.0,0.0,0.0,2.0,0,0,0,0,0,0,1,0
Intranet Network Traffic,Network,Confluence,Unknown,15,1,0,0,30,16,1,0,4.0,2.0,2.0,2,0.0,0.0,0.0,0.0,0.0,0.0,2.0,0,0,0,0,0,0,1,0
Intranet Network Traffic,Network,Adversary-in-the-Middle,Unknown,15,1,0,0,30,16,1,1,4.0,2.0,2.0,2,0.0,0.0,0.0,0.0,0.0,0.0,2.0,0,0,0,0,0,0,1,0
Intranet Network Traffic,Network,Local Accounts,Unknown,15,1,0,0,30,16,2,0,4.0,2.0,2.0,2,0.0,0.0,0.0,0.0,0.0,0.0,2.0,0,0,0,0,0,0,1,0
Intranet Network Traffic,Network,Software Deployment Tools,Unknown,15,1,0,0,30,16,4,0,4.0,2.0,2.0,2,0.0,0.0,0.0,0.0,0.0,0.0,2.0,0,0,0,0,0,0,1,0
Intranet Network Traffic,Network,Spearphishing Link,Unknown,15,1,0,0,30,16,8,5,4.0,2.0,2.0,2,0.0,0.0,0.0,0.0,0.0,0.0,2.0,0,0,0,0,0,0,1,0
Intranet Network Traffic,Network,Scheduled Task,Unknown,15,1,0,0,30,16,2,0,4.0,2.0,2.0,2,0.0,0.0,0.0,0.0,0.0,0.0,2.0,0,0,0,0,0,0,1,0
Intranet Network Traffic,Network,Office Test,Unknown,15,1,0,0,30,16,2,0,4.0,2.0,2.0,2,0.0,0.0,0.0,0.0,0.0,0.0,2.0,0,0,0,0,0,0,1,0
Intranet Network Traffic,Network,Executable Installer File Permissions Weakness,Unknown,15,1,0,0,30,16,2,0,4.0,2.0,2.0,2,0.0,0.0,0.0,0.0,0.0,0.0,2.0,0,0,0,0,0,0,1,0
Intranet Network Traffic,Network,Browser Session Hijacking,Lateral Movement,15,1,0,0,30,16,1,1,4.0,2.0,2.0,2,0.0,0.0,0.0,0.0,0.0,0.0,2.0,0,0,0,0,0,0,1,0
Job Schedule,Configuration,Hidden File System,Unknown,2,1,0,0,4,3,3,1,0.0,0.0,0.0,0,0.0,0.0,0.0,0.0,0.0,0.0,0.0,0,0,0,0,0,0,0,0
Job Schedule,Configuration,Service Exhaustion Flood,Unknown,2,1,0,0,4,3,3,0,0.0,0.0,0.0,0,0.0,0.0,0.0,0.0,0.0,0.0,0.0,0,0,0,0,0,0,0,0
Job Schedule,Configuration,Create Process with Token,Privilege Escalation,2,1,0,0,4,3,4,2,0.0,0.0,0.0,0,0.0,0.0,0.0,0.0,0.0,0.0,0.0,0,0,0,0,0,0,0,0
Job Schedule,Configuration,Create Process with Token,Privilege Escalation,2,1,0,0,4,3,4,2,0.0,0.0,0.0,0,0.0,0.0,0.0,0.0,0.0,0.0,0.0,0,0,0,0,0,0,0,0
Job Schedule,Configuration,Create Process with Token,Credential Access,2,1,0,0,4,3,4,2,0.0,0.0,0.0,0,0.0,0.0,0.0,0.0,0.0,0.0,0.0,0,0,0,0,0,0,0,0
Job Schedule,Configuration,Create Process with Token,Credential Access,2,1,0,0,4,3,4,2,0.0,0.0,0.0,0,0.0,0.0,0.0,0.0,0.0,0.0,0.0,0,0,0,0,0,0,0,0
Job Schedule,Configuration,Cached Domain Credentials,Unknown,2,1,0,0,4,3,2,1,0.0,0.0,0.0,0,0.0,0.0,0.0,0.0,0.0,0.0,0.0,0,0,0,0,0,0,0,0
Local User Account,Identity,Ptrace System Calls,Unknown,2,1,1,6,5,10,1,0,0.0,0.0,0.0,0,0.0,0.0,0.0,0.0,0.0,0.0,0.0,0,0,0,0,0,0,0,0
Local User Account,Identity,Software Extensions,Unknown,2,1,1,6,5,10,1,0,0.0,0.0,0.0,0,0.0,0.0,0.0,0.0,0.0,0.0,0.0,0,0,0,0,0,0,0,0
Local User Account,Identity,Clear Windows Event Logs,Unknown,2,1,1,6,5,10,2,0,0.0,0.0,0.0,0,0.0,0.0,0.0,0.0,0.0,0.0,0.0,0,0,0,0,0,0,0,0
Local User Account,Identity,Web Service,Unknown,2,1,1,6,5,10,3,0,0.0,0.0,0.0,0,0.0,0.0,0.0,0.0,0.0,0.0,0.0,0,0,0,0,0,0,0,0
Log,Configuration,Binary Padding,Unknown,14,1,0,0,28,15,2,0,0.0,0.0,0.0,0,0.0,0.0,0.0,0.0,0.0,0.0,0.0,0,0,0,0,0,0,0,0
Log,Configuration,Domain Account,Unknown,14,1,0,0,28,15,4,0,0.0,0.0,0.0,0,0.0,0.0,0.0,0.0,0.0,0.0,0.0,0,0,0,0,0,0,0,0
Log,Configuration,Disk Structure Wipe,Unknown,14,1,0,0,28,15,1,0,0.0,0.0,0.0,0,0.0,0.0,0.0,0.0,0.0,0.0,0.0,0,0,0,0,0,0,0,0
Log,Configuration,Windows Service,Unknown,14,1,0,0,28,15,2,1,0.0,0.0,0.0,0,0.0,0.0,0.0,0.0,0.0,0.0,0.0,0,0,0,0,0,0,0,0
Log,Configuration,Malicious Link,Unknown,14,1,0,0,28,15,5,0,0.0,0.0,0.0,0,0.0,0.0,0.0,0.0,0.0,0.0,0.0,0,0,0,0,0,0,0,0
Log,Configuration,Communication Through Removable Media,Unknown,14,1,0,0,28,15,2,0,0.0,0.0,0.0,0,0.0,0.0,0.0,0.0,0.0,0.0,0.0,0,0,0,0,0,0,0,0
Log,Configuration,Implant Internal Image,Unknown,14,1,0,0,28,15,1,0,0.0,0.0,0.0,0,0.0,0.0,0.0,0.0,0.0,0.0,0.0,0,0,0,0,0,0,0,0
Log,Configuration,DHCP Spoofing,Unknown,14,1,0,0,28,15,1,0,0.0,0.0,0.0,0,0.0,0.0,0.0,0.0,0.0,0.0,0.0,0,0,0,0,0,0,0,0
Log,Configuration,Web Session Cookie,Credential Access,14,1,0,0,28,15,2,0,0.0,0.0,0.0,0,0.0,0.0,0.0,0.0,0.0,0.0,0.0,0,0,0,0,0,0,0,0
Log,Configuration,Replication Through Removable Media,Unknown,14,1,0,0,28,15,2,0,0.0,0.0,0.0,0,0.0,0.0,0.0,0.0,0.0,0.0,0.0,0,0,0,0,0,0,0,0
Log,Configuration,File and Directory Discovery,Unknown,14,1,0,0,28,15,2,1,0.0,0.0,0.0,0,0.0,0.0,0.0,0.0,0.0,0.0,0.0,0,0,0,0,0,0,0,0
Log,Configuration,Thread Local Storage,Unknown,14,1,0,0,28,15,1,0,0.0,0.0,0.0,0,0.0,0.0,0.0,0.0,0.0,0.0,0.0,0,0,0,0,0,0,0,0
Log,Configuration,Process Hollowing,Unknown,14,1,0,0,28,15,2,0,0.0,0.0,0.0,0,0.0,0.0,0.0,0.0,0.0,0.0,0.0,0,0,0,0,0,0,0,0
Log,Configuration,Screensaver,Unknown,14,1,0,0,28,15,4,1,0.0,0.0,0.0,0,0.0,0.0,0.0,0.0,0.0,0.0,0.0,0,0,0,0,0,0,0,0
Log,Configuration,Scheduled Task,Unknown,14,1,0,0,28,15,2,0,0.0,0.0,0.0,0,0.0,0.0,0.0,0.0,0.0,0.0,0.0,0,0,0,0,0,0,0,0
Log,Configuration,MSBuild,Unknown,14,1,0,0,28,15,2,0,0.0,0.0,0.0,0,0.0,0.0,0.0,0.0,0.0,0.0,0.0,0,0,0,0,0,0,0,0
Log,Configuration,Runtime Data Manipulation,Unknown,14,1,0,0,28,15,2,0,0.0,0.0,0.0,0,0.0,0.0,0.0,0.0,0.0,0.0,0.0,0,0,0,0,0,0,0,0
Log,Configuration,Masquerade Task or Service,Unknown,14,1,0,0,28,15,1,1,0.0,0.0,0.0,0,0.0,0.0,0.0,0.0,0.0,0.0,0.0,0,0,0,0,0,0,0,0
Log,Configuration,Bypass User Account Control,Unknown,14,1,0,0,28,15,6,1,0.0,0.0,0.0,0,0.0,0.0,0.0,0.0,0.0,0.0,0.0,0,0,0,0,0,0,0,0
Log,Configuration,Compromise Software Dependencies and Development Tools,Unknown,14,1,0,0,28,15,1,0,0.0,0.0,0.0,0,0.0,0.0,0.0,0.0,0.0,0.0,0.0,0,0,0,0,0,0,0,0
Log,Configuration,Exploitation for Defense Evasion,Unknown,14,1,0,0,28,15,3,0,0.0,0.0,0.0,0,0.0,0.0,0.0,0.0,0.0,0.0,0.0,0,0,0,0,0,0,0,0
Log,Configuration,Exploitation of Remote Services,Lateral Movement,14,1,0,0,28,15,5,0,0.0,0.0,0.0,0,0.0,0.0,0.0,0.0,0.0,0.0,0.0,0,0,0,0,0,0,0,0
Log,Configuration,Exploitation of Remote Services,Lateral Movement,14,1,0,0,28,15,5,0,0.0,0.0,0.0,0,0.0,0.0,0.0,0.0,0.0,0.0,0.0,0,0,0,0,0,0,0,0
Log,Configuration,Keylogging,Unknown,14,1,0,0,28,15,2,0,0.0,0.0,0.0,0,0.0,0.0,0.0,0.0,0.0,0.0,0.0,0,0,0,0,0,0,0,0
Log,Configuration,Code Repositories,Unknown,14,1,0,0,28,15,1,0,0.0,0.0,0.0,0,0.0,0.0,0.0,0.0,0.0,0.0,0.0,0,0,0,0,0,0,0,0
Log,Configuration,Domain or Tenant Policy Modification,Unknown,14,1,0,0,28,15,2,2,0.0,0.0,0.0,0,0.0,0.0,0.0,0.0,0.0,0.0,0.0,0,0,0,0,0,0,0,0
Log,Configuration,Hidden Users,Unknown,14,1,0,0,28,15,2,0,0.0,0.0,0.0,0,0.0,0.0,0.0,0.0,0.0,0.0,0.0,0,0,0,0,0,0,0,0
Log,Configuration,Email Forwarding Rule,Unknown,14,1,0,0,28,15,2,2,0.0,0.0,0.0,0,0.0,0.0,0.0,0.0,0.0,0.0,0.0,0,0,0,0,0,0,0,0
Log,Configuration,Web Portal Capture,Unknown,14,1,0,0,28,15,2,0,0.0,0.0,0.0,0,0.0,0.0,0.0,0.0,0.0,0.0,0.0,0,0,0,0,0,0,0,0
Mail Server,System,Cloud Account,Unknown,2,1,0,9,4,12,2,0,0.0,0.0,0.0,0,0.0,0.0,0.0,0.0,0.0,0.0,0.0,0,0,0,0,0,0,0,0
Mail Server,System,Disable or Modify System Firewall,Unknown,2,1,0,9,4,12,1,0,0.0,0.0,0.0,0,0.0,0.0,0.0,0.0,0.0,0.0,0.0,0,0,0,0,0,0,0,0
Mail Server,System,Accessibility Features,Unknown,2,1,0,9,4,12,7,0,0.0,0.0,0.0,0,0.0,0.0,0.0,0.0,0.0,0.0,0.0,0,0,0,0,0,0,0,0
Mail Server,System,RC Scripts,Unknown,2,1,0,9,4,12,4,0,0.0,0.0,0.0,0,0.0,0.0,0.0,0.0,0.0,0.0,0.0,0,0,0,0,0,0,0,0
Network Node,System,SID-History Injection,Unknown,3,4,0,9,6,16,2,0,0.0,0.0,0.0,0,0.0,0.0,0.0,0.0,0.0,0.0,0.0,0,0,0,0,0,0,0,0
Network Node,System,Screensaver,Unknown,3,4,0,9,6,16,4,0,0.0,0.0,0.0,0,0.0,0.0,0.0,0.0,0.0,0.0,0.0,0,0,0,0,0,0,0,0
Network Node,System,Lateral Tool Transfer,Unknown,3,4,0,9,6,16,3,0,0.0,0.0,0.0,0,0.0,0.0,0.0,0.0,0.0,0.0,0.0,0,0,0,0,0,0,0,0
Network Node,System,Archive via Custom Method,Unknown,3,4,0,9,6,16,1,0,0.0,0.0,0.0,0,0.0,0.0,0.0,0.0,0.0,0.0,0.0,0,0,0,0,0,0,0,0
Network Node,System,External Remote Services,Lateral Movement,3,4,0,9,6,16,1,0,0.0,0.0,0.0,0,0.0,0.0,0.0,0.0,0.0,0.0,0.0,0,0,0,0,0,0,0,0
Network Node,System,External Remote Services,Lateral Movement,3,4,0,9,6,16,1,0,0.0,0.0,0.0,0,0.0,0.0,0.0,0.0,0.0,0.0,0.0,0,0,0,0,0,0,0,0
Network Node,System,External Remote Services,Lateral Movement,3,4,0,9,6,16,1,0,0.0,0.0,0.0,0,0.0,0.0,0.0,0.0,0.0,0.0,0.0,0,0,0,0,0,0,0,0
Network Node,System,External Remote Services,Lateral Movement,3,4,0,9,6,16,1,0,0.0,0.0,0.0,0,0.0,0.0,0.0,0.0,0.0,0.0,0.0,0,0,0,0,0,0,0,0
Network Node,System,LSASS Driver,Unknown,3,4,0,9,6,16,2,1,0.0,0.0,0.0,0,0.0,0.0,0.0,0.0,0.0,0.0,0.0,0,0,0,0,0,0,0,0
Network Resource,System,LSASS Driver,Unknown,8,2,0,0,16,10,2,1,0.0,0.0,0.0,0,0.0,0.0,0.0,0.0,0.0,0.0,0.0,0,0,0,0,0,0,0,0
Network Resource,System,Scheduled Task/Job,Unknown,8,2,0,0,16,10,5,0,0.0,0.0,0.0,0,0.0,0.0,0.0,0.0,0.0,0.0,0.0,0,0,0,0,0,0,0,0
Network Resource,System,Clear Linux or Mac System Logs,Unknown,8,2,0,0,16,10,2,0,0.0,0.0,0.0,0,0.0,0.0,0.0,0.0,0.0,0.0,0.0,0,0,0,0,0,0,0,0
Network Resource,System,File and Directory Discovery,Unknown,8,2,0,0,16,10,2,0,0.0,0.0,0.0,0,0.0,0.0,0.0,0.0,0.0,0.0,0.0,0,0,0,0,0,0,0,0
Network Resource,System,Internal Spearphishing,Unknown,8,2,0,0,16,10,3,0,0.0,0.0,0.0,0,0.0,0.0,0.0,0.0,0.0,0.0,0.0,0,0,0,0,0,0,0,0
Network Resource,System,Exfiltration Over Other Network Medium,Unknown,8,2,0,0,16,10,1,0,0.0,0.0,0.0,0,0.0,0.0,0.0,0.0,0.0,0.0,0.0,0,0,0,0,0,0,0,0
Network Resource,System,Rename Legitimate Utilities,Unknown,8,2,0,0,16,10,4,0,0.0,0.0,0.0,0,0.0,0.0,0.0,0.0,0.0,0.0,0.0,0,0,0,0,0,0,0,0
Network Resource,System,Credential API Hooking,Unknown,8,2,0,0,16,10,2,0,0.0,0.0,0.0,0,0.0,0.0,0.0,0.0,0.0,0.0,0.0,0,0,0,0,0,0,0,0
Network Resource,System,Trap,Unknown,8,2,0,0,16,10,6,0,0.0,0.0,0.0,0,0.0,0.0,0.0,0.0,0.0,0.0,0.0,0,0,0,0,0,0,0,0
Network Resource,System,External Remote Services,Lateral Movement,8,2,0,0,16,10,1,0,0.0,0.0,0.0,0,0.0,0.0,0.0,0.0,0.0,0.0,0.0,0,0,0,0,0,0,0,0
Network Resource,System,External Remote Services,Lateral Movement,8,2,0,0,16,10,1,0,0.0,0.0,0.0,0,0.0,0.0,0.0,0.0,0.0,0.0,0.0,0,0,0,0,0,0,0,0
Network Resource,System,External Remote Services,Lateral Movement,8,2,0,0,16,10,1,0,0.0,0.0,0.0,0,0.0,0.0,0.0,0.0,0.0,0.0,0.0,0,0,0,0,0,0,0,0
Network Resource,System,External Remote Services,Lateral Movement,8,2,0,0,16,10,1,0,0.0,0.0,0.0,0,0.0,0.0,0.0,0.0,0.0,0.0,0.0,0,0,0,0,0,0,0,0
Network Resource,System,Direct Network Flood,Unknown,8,2,0,0,16,10,3,0,0.0,0.0,0.0,0,0.0,0.0,0.0,0.0,0.0,0.0,0.0,0,0,0,0,0,0,0,0
Network Resource,System,Invalid Code Signature,Unknown,8,2,0,0,16,10,2,0,0.0,0.0,0.0,0,0.0,0.0,0.0,0.0,0.0,0.0,0.0,0,0,0,0,0,0,0,0
Network Resource,System,Data from Local System,Unknown,8,2,0,0,16,10,1,0,0.0,0.0,0.0,0,0.0,0.0,0.0,0.0,0.0,0.0,0.0,0,0,0,0,0,0,0,0
Network Resource,System,Bypass User Account Control,Unknown,8,2,0,0,16,10,6,0,0.0,0.0,0.0,0,0.0,0.0,0.0,0.0,0.0,0.0,0.0,0,0,0,0,0,0,0,0
Network Resource,System,Domain Fronting,Unknown,8,2,0,0,16,10,3,0,0.0,0.0,0.0,0,0.0,0.0,0.0,0.0,0.0,0.0,0.0,0,0,0,0,0,0,0,0
Network Resource,System,MSBuild,Unknown,8,2,0,0,16,10,2,1,0.0,0.0,0.0,0,0.0,0.0,0.0,0.0,0.0,0.0,0.0,0,0,0,0,0,0,0,0
Network Traffic,Network,Proc Filesystem,Unknown,72,9,1,10,145,92,2,0,4.0,2.0,2.0,2,0.0,0.0,0.0,0.0,0.0,0.0,2.0,0,0,0,0,0,0,1,0
Network Traffic,Network,Shortcut Modification,Unknown,72,9,1,10,145,92,2,0,4.0,2.0,2.0,2,0.0,0.0,0.0,0.0,0.0,0.0,2.0,0,0,0,0,0,0,1,0
Network Traffic,Network,System Time Discovery,Unknown,72,9,1,10,145,92,2,0,4.0,2.0,2.0,2,0.0,0.0,0.0,0.0,0.0,0.0,2.0,0,0,0,0,0,0,1,0
Network Traffic,Network,Path Interception by Search Order Hijacking,Lateral Movement,72,9,1,10,145,92,2,0,4.0,2.0,2.0,2,0.0,0.0,0.0,0.0,0.0,0.0,2.0,0,0,0,0,0,0,1,0
Network Traffic,Network,Elevated Execution with Prompt,Unknown,72,9,1,10,145,92,3,0,4.0,2.0,2.0,2,0.0,0.0,0.0,0.0,0.0,0.0,2.0,0,0,0,0,0,0,1,0
Network Traffic,Network,Local Account,Unknown,72,9,1,10,145,92,4,0,4.0,2.0,2.0,2,0.0,0.0,0.0,0.0,0.0,0.0,2.0,0,0,0,0,0,0,1,0
Network Traffic,Network,Cloud Service Dashboard,Unknown,72,9,1,10,145,92,1,0,4.0,2.0,2.0,2,0.0,0.0,0.0,0.0,0.0,0.0,2.0,0,0,0,0,0,0,1,0
Network Traffic,Network,MSBuild,Unknown,72,9,1,10,145,92,2,0,4.0,2.0,2.0,2,0.0,0.0,0.0,0.0,0.0,0.0,2.0,0,0,0,0,0,0,1,0
Network Traffic,Network,SQL Stored Procedures,Unknown,72,9,1,10,145,92,4,0,4.0,2.0,2.0,2,0.0,0.0,0.0,0.0,0.0,0.0,2.0,0,0,0,0,0,0,1,0
Network Traffic,Network,Executable Installer File Permissions Weakness,Unknown,72,9,1,10,145,92,2,0,4.0,2.0,2.0,2,0.0,0.0,0.0,0.0,0.0,0.0,2.0,0,0,0,0,0,0,1,0
Network Traffic,Network,Scheduled Task,Unknown,72,9,1,10,145,92,2,0,4.0,2.0,2.0,2,0.0,0.0,0.0,0.0,0.0,0.0,2.0,0,0,0,0,0,0,1,0
Network Traffic,Network,Keychain,Unknown,72,9,1,10,145,92,2,0,4.0,2.0,2.0,2,0.0,0.0,0.0,0.0,0.0,0.0,2.0,0,0,0,0,0,0,1,0
Network Traffic,Network,Downgrade Attack,Unknown,72,9,1,10,145,92,1,0,4.0,2.0,2.0,2,0.0,0.0,0.0,0.0,0.0,0.0,2.0,0,0,0,0,0,0,1,0
Network Traffic,Network,Multi-Factor Authentication Interception,Unknown,72,9,1,10,145,92,1,0,4.0,2.0,2.0,2,0.0,0.0,0.0,0.0,0.0,0.0,2.0,0,0,0,0,0,0,1,0
Network Traffic,Network,Outlook Home Page,Unknown,72,9,1,10,145,92,1,0,4.0,2.0,2.0,2,0.0,0.0,0.0,0.0,0.0,0.0,2.0,0,0,0,0,0,0,1,0
Network Traffic,Network,Modify Registry,Unknown,72,9,1,10,145,92,2,0,4.0,2.0,2.0,2,0.0,0.0,0.0,0.0,0.0,0.0,2.0,0,0,0,0,0,0,1,0
Network Traffic,Network,Video Capture,Unknown,72,9,1,10,145,92,3,0,4.0,2.0,2.0,2,0.0,0.0,0.0,0.0,0.0,0.0,2.0,0,0,0,0,0,0,1,0
Network Traffic,Network,Bootkit,Unknown,72,9,1,10,145,92,2,0,4.0,2.0,2.0,2,0.0,0.0,0.0,0.0,0.0,0.0,2.0,0,0,0,0,0,0,1,0
Network Traffic,Network,Proc Memory,Unknown,72,9,1,10,145,92,4,0,4.0,2.0,2.0,2,0.0,0.0,0.0,0.0,0.0,0.0,2.0,0,0,0,0,0,0,1,0
Network Traffic,Network,Archive Collected Data,Unknown,72,9,1,10,145,92,1,0,4.0,2.0,2.0,2,0.0,0.0,0.0,0.0,0.0,0.0,2.0,0,0,0,0,0,0,1,0
Network Traffic,Network,Launch Daemon,Unknown,72,9,1,10,145,92,1,0,4.0,2.0,2.0,2,0.0,0.0,0.0,0.0,0.0,0.0,2.0,0,0,0,0,0,0,1,0
Network Traffic,Network,Services Registry Permissions Weakness,Unknown,72,9,1,10,145,92,3,0,4.0,2.0,2.0,2,0.0,0.0,0.0,0.0,0.0,0.0,2.0,0,0,0,0,0,0,1,0
Network Traffic,Network,Exploitation for Privilege Escalation,Unknown,72,9,1,10,145,92,3,0,4.0,2.0,2.0,2,0.0,0.0,0.0,0.0,0.0,0.0,2.0,0,0,0,0,0,0,1,0
Network Traffic,Network,Process Discovery,Unknown,72,9,1,10,145,92,2,0,4.0,2.0,2.0,2,0.0,0.0,0.0,0.0,0.0,0.0,2.0,0,0,0,0,0,0,1,0
Network Traffic,Network,Disk Content Wipe,Unknown,72,9,1,10,145,92,1,0,4.0,2.0,2.0,2,0.0,0.0,0.0,0.0,0.0,0.0,2.0,0,0,0,0,0,0,1,0
Network Traffic,Network,AppCert DLLs,Unknown,72,9,1,10,145,92,5,0,4.0,2.0,2.0,2,0.0,0.0,0.0,0.0,0.0,0.0,2.0,0,0,0,0,0,0,1,0
Network Traffic,Network,Cached Domain Credentials,Unknown,72,9,1,10,145,92,2,0,4.0,2.0,2.0,2,0.0,0.0,0.0,0.0,0.0,0.0,2.0,0,0,0,0,0,0,1,0
Network Traffic,Network,Data from Removable Media,Unknown,72,9,1,10,145,92,2,0,4.0,2.0,2.0,2,0.0,0.0,0.0,0.0,0.0,0.0,2.0,0,0,0,0,0,0,1,0
Network Traffic,Network,Rundll32,Unknown,72,9,1,10,145,92,3,0,4.0,2.0,2.0,2,0.0,0.0,0.0,0.0,0.0,0.0,2.0,0,0,0,0,0,0,1,0
Network Traffic,Network,Plist Modification,Unknown,72,9,1,10,145,92,1,0,4.0,2.0,2.0,2,0.0,0.0,0.0,0.0,0.0,0.0,2.0,0,0,0,0,0,0,1,0
Network Traffic,Network,Portable Executable Injection,Unknown,72,9,1,10,145,92,1,0,4.0,2.0,2.0,2,0.0,0.0,0.0,0.0,0.0,0.0,2.0,0,0,0,0,0,0,1,0
Network Traffic,Network,Additional Email Delegate Permissions,Unknown,72,9,1,10,145,92,2,0,4.0,2.0,2.0,2,0.0,0.0,0.0,0.0,0.0,0.0,2.0,0,0,0,0,0,0,1,0
Network Traffic,Network,Space after Filename,Unknown,72,9,1,10,145,92,1,0,4.0,2.0,2.0,2,0.0,0.0,0.0,0.0,0.0,0.0,2.0,0,0,0,0,0,0,1,0
Network Traffic,Network,System Information Discovery,Unknown,72,9,1,10,145,92,3,0,4.0,2.0,2.0,2,0.0,0.0,0.0,0.0,0.0,0.0,2.0,0,0,0,0,0,0,1,0
Network Traffic,Network,Domain or Tenant Policy Modification,Unknown,72,9,1,10,145,92,2,0,4.0,2.0,2.0,2,0.0,0.0,0.0,0.0,0.0,0.0,2.0,0,0,0,0,0,0,1,0
Network Traffic,Network,System Firmware,Unknown,72,9,1,10,145,92,3,0,4.0,2.0,2.0,2,0.0,0.0,0.0,0.0,0.0,0.0,2.0,0,0,0,0,0,0,1,0
Network Traffic,Network,Taint Shared Content,Unknown,72,9,1,10,145,92,1,0,4.0,2.0,2.0,2,0.0,0.0,0.0,0.0,0.0,0.0,2.0,0,0,0,0,0,0,1,0
Network Traffic,Network,Steal or Forge Kerberos Tickets,Credential Access,72,9,1,10,145,92,4,0,4.0,2.0,2.0,2,0.0,0.0,0.0,0.0,0.0,0.0,2.0,0,0,0,0,0,0,1,0
Network Traffic,Network,Steal or Forge Kerberos Tickets,Credential Access,72,9,1,10,145,92,4,0,4.0,2.0,2.0,2,0.0,0.0,0.0,0.0,0.0,0.0,2.0,0,0,0,0,0,0,1,0
Network Traffic,Network,Steal or Forge Kerberos Tickets,Credential Access,72,9,1,10,145,92,4,0,4.0,2.0,2.0,2,0.0,0.0,0.0,0.0,0.0,0.0,2.0,0,0,0,0,0,0,1,0
Network Traffic,Network,Software Extensions,Unknown,72,9,1,10,145,92,1,0,4.0,2.0,2.0,2,0.0,0.0,0.0,0.0,0.0,0.0,2.0,0,0,0,0,0,0,1,0
Network Traffic,Network,Compromise Software Supply Chain,Unknown,72,9,1,10,145,92,1,0,4.0,2.0,2.0,2,0.0,0.0,0.0,0.0,0.0,0.0,2.0,0,0,0,0,0,0,1,0
Network Traffic,Network,Make and Impersonate Token,Defense Evasion,72,9,1,10,145,92,5,0,4.0,2.0,2.0,2,0.0,0.0,0.0,0.0,0.0,0.0,2.0,0,0,0,0,0,0,1,0
Network Traffic,Network,Make and Impersonate Token,Credential Access,72,9,1,10,145,92,5,0,4.0,2.0,2.0,2,0.0,0.0,0.0,0.0,0.0,0.0,2.0,0,0,0,0,0,0,1,0
Network Traffic,Network,Make and Impersonate Token,Credential Access,72,9,1,10,145,92,5,0,4.0,2.0,2.0,2,0.0,0.0,0.0,0.0,0.0,0.0,2.0,0,0,0,0,0,0,1,0
Network Traffic,Network,Network Logon Script,Unknown,72,9,1,10,145,92,3,0,4.0,2.0,2.0,2,0.0,0.0,0.0,0.0,0.0,0.0,2.0,0,0,0,0,0,0,1,0
Network Traffic,Network,Remote Email Collection,Unknown,72,9,1,10,145,92,3,0,4.0,2.0,2.0,2,0.0,0.0,0.0,0.0,0.0,0.0,2.0,0,0,0,0,0,0,1,0
Network Traffic,Network,Local Accounts,Unknown,72,9,1,10,145,92,2,0,4.0,2.0,2.0,2,0.0,0.0,0.0,0.0,0.0,0.0,2.0,0,0,0,0,0,0,1,0
Network Traffic,Network,Dynamic Linker Hijacking,Lateral Movement,72,9,1,10,145,92,2,0,4.0,2.0,2.0,2,0.0,0.0,0.0,0.0,0.0,0.0,2.0,0,0,0,0,0,0,1,0
Network Traffic,Network,Control Panel,Unknown,72,9,1,10,145,92,4,0,4.0,2.0,2.0,2,0.0,0.0,0.0,0.0,0.0,0.0,2.0,0,0,0,0,0,0,1,0
Network Traffic,Network,Port Monitors,Unknown,72,9,1,10,145,92,2,0,4.0,2.0,2.0,2,0.0,0.0,0.0,0.0,0.0,0.0,2.0,0,0,0,0,0,0,1,0
Network Traffic,Network,Launchd,Unknown,72,9,1,10,145,92,1,0,4.0,2.0,2.0,2,0.0,0.0,0.0,0.0,0.0,0.0,2.0,0,0,0,0,0,0,1,0
Network Traffic,Network,Re-opened Applications,Unknown,72,9,1,10,145,92,1,0,4.0,2.0,2.0,2,0.0,0.0,0.0,0.0,0.0,0.0,2.0,0,0,0,0,0,0,1,0
Network Traffic,Network,Modify Authentication Process,Unknown,72,9,1,10,145,92,2,0,4.0,2.0,2.0,2,0.0,0.0,0.0,0.0,0.0,0.0,2.0,0,0,0,0,0,0,1,0
Network Traffic,Network,System Location Discovery,Unknown,72,9,1,10,145,92,1,0,4.0,2.0,2.0,2,0.0,0.0,0.0,0.0,0.0,0.0,2.0,0,0,0,0,0,0,1,0
Network Traffic,Network,Software Deployment Tools,Unknown,72,9,1,10,145,92,4,0,4.0,2.0,2.0,2,0.0,0.0,0.0,0.0,0.0,0.0,2.0,0,0,0,0,0,0,1,0
Network Traffic,Network,Golden Ticket,Credential Access,72,9,1,10,145,92,2,0,4.0,2.0,2.0,2,0.0,0.0,0.0,0.0,0.0,0.0,2.0,0,0,0,0,0,0,1,0
Network Traffic,Network,Golden Ticket,Credential Access,72,9,1,10,145,92,2,0,4.0,2.0,2.0,2,0.0,0.0,0.0,0.0,0.0,0.0,2.0,0,0,0,0,0,0,1,0
Network Traffic,Network,Keylogging,Unknown,72,9,1,10,145,92,2,0,4.0,2.0,2.0,2,0.0,0.0,0.0,0.0,0.0,0.0,2.0,0,0,0,0,0,0,1,0
Network Traffic,Network,File Deletion,Unknown,72,9,1,10,145,92,2,0,4.0,2.0,2.0,2,0.0,0.0,0.0,0.0,0.0,0.0,2.0,0,0,0,0,0,0,1,0
Network Traffic,Network,System Service Discovery,Unknown,72,9,1,10,145,92,2,0,4.0,2.0,2.0,2,0.0,0.0,0.0,0.0,0.0,0.0,2.0,0,0,0,0,0,0,1,0
Network Traffic,Network,Run Virtual Instance,Unknown,72,9,1,10,145,92,6,0,4.0,2.0,2.0,2,0.0,0.0,0.0,0.0,0.0,0.0,2.0,0,0,0,0,0,0,1,0
Network Traffic,Network,Clear Linux or Mac System Logs,Unknown,72,9,1,10,145,92,2,0,4.0,2.0,2.0,2,0.0,0.0,0.0,0.0,0.0,0.0,2.0,0,0,0,0,0,0,1,0
Network Traffic,Network,Compromise Hardware Supply Chain,Unknown,72,9,1,10,145,92,1,0,4.0,2.0,2.0,2,0.0,0.0,0.0,0.0,0.0,0.0,2.0,0,0,0,0,0,0,1,0
Network Traffic,Network,External Remote Services,Lateral Movement,72,9,1,10,145,92,1,0,4.0,2.0,2.0,2,0.0,0.0,0.0,0.0,0.0,0.0,2.0,0,0,0,0,0,0,1,0
Network Traffic,Network,External Remote Services,Lateral Movement,72,9,1,10,145,92,1,0,4.0,2.0,2.0,2,0.0,0.0,0.0,0.0,0.0,0.0,2.0,0,0,0,0,0,0,1,0
Network Traffic,Network,External Remote Services,Lateral Movement,72,9,1,10,145,92,1,0,4.0,2.0,2.0,2,0.0,0.0,0.0,0.0,0.0,0.0,2.0,0,0,0,0,0,0,1,0
Network Traffic,Network,External Remote Services,Lateral Movement,72,9,1,10,145,92,1,0,4.0,2.0,2.0,2,0.0,0.0,0.0,0.0,0.0,0.0,2.0,0,0,0,0,0,0,1,0
Network Traffic,Network,LC_LOAD_DYLIB Addition,Unknown,72,9,1,10,145,92,2,0,4.0,2.0,2.0,2,0.0,0.0,0.0,0.0,0.0,0.0,2.0,0,0,0,0,0,0,1,0
Network Traffic,Network,Time Providers,Unknown,72,9,1,10,145,92,2,0,4.0,2.0,2.0,2,0.0,0.0,0.0,0.0,0.0,0.0,2.0,0,0,0,0,0,0,1,0
Network Traffic,Network,Web Portal Capture,Unknown,72,9,1,10,145,92,2,0,4.0,2.0,2.0,2,0.0,0.0,0.0,0.0,0.0,0.0,2.0,0,0,0,0,0,0,1,0
Network Traffic,Network,Resource Forking,Unknown,72,9,1,10,145,92,2,0,4.0,2.0,2.0,2,0.0,0.0,0.0,0.0,0.0,0.0,2.0,0,0,0,0,0,0,1,0
Network Traffic,Network,Kernel Modules and Extensions,Unknown,72,9,1,10,145,92,1,0,4.0,2.0,2.0,2,0.0,0.0,0.0,0.0,0.0,0.0,2.0,0,0,0,0,0,0,1,0
Network Traffic,Network,Parent PID Spoofing,Unknown,72,9,1,10,145,92,2,0,4.0,2.0,2.0,2,0.0,0.0,0.0,0.0,0.0,0.0,2.0,0,0,0,0,0,0,1,0
Network Traffic,Network,Application Window Discovery,Unknown,72,9,1,10,145,92,2,0,4.0,2.0,2.0,2,0.0,0.0,0.0,0.0,0.0,0.0,2.0,0,0,0,0,0,0,1,0
Network Traffic,Network,Login Hook,Unknown,72,9,1,10,145,92,2,0,4.0,2.0,2.0,2,0.0,0.0,0.0,0.0,0.0,0.0,2.0,0,0,0,0,0,0,1,0
Network Traffic,Network,COR_PROFILER,Unknown,72,9,1,10,145,92,3,0,4.0,2.0,2.0,2,0.0,0.0,0.0,0.0,0.0,0.0,2.0,0,0,0,0,0,0,1,0
Network Traffic,Network,Exploitation for Credential Access,Unknown,72,9,1,10,145,92,7,0,4.0,2.0,2.0,2,0.0,0.0,0.0,0.0,0.0,0.0,2.0,0,0,0,0,0,0,1,0
Network Traffic,Network,System Network Connections Discovery,Unknown,72,9,1,10,145,92,1,0,4.0,2.0,2.0,2,0.0,0.0,0.0,0.0,0.0,0.0,2.0,0,0,0,0,0,0,1,0
Network Traffic,Network,SSH Hijacking,Lateral Movement,72,9,1,10,145,92,1,0,4.0,2.0,2.0,2,0.0,0.0,0.0,0.0,0.0,0.0,2.0,0,0,0,0,0,0,1,0
Network Traffic,Network,SSH Hijacking,Lateral Movement,72,9,1,10,145,92,1,0,4.0,2.0,2.0,2,0.0,0.0,0.0,0.0,0.0,0.0,2.0,0,0,0,0,0,0,1,0
Network Traffic,Network,SSH Hijacking,Lateral Movement,72,9,1,10,145,92,1,0,4.0,2.0,2.0,2,0.0,0.0,0.0,0.0,0.0,0.0,2.0,0,0,0,0,0,0,1,0
Network Traffic,Network,Cloud Accounts,Unknown,72,9,1,10,145,92,1,0,4.0,2.0,2.0,2,0.0,0.0,0.0,0.0,0.0,0.0,2.0,0,0,0,0,0,0,1,0
Network Traffic,Network,Unix Shell Configuration Modification,Unknown,72,9,1,10,145,92,2,0,4.0,2.0,2.0,2,0.0,0.0,0.0,0.0,0.0,0.0,2.0,0,0,0,0,0,0,1,0
Network Traffic,Network,Netsh Helper DLL,Unknown,72,9,1,10,145,92,3,0,4.0,2.0,2.0,2,0.0,0.0,0.0,0.0,0.0,0.0,2.0,0,0,0,0,0,0,1,0
Network Traffic,Network,/etc/passwd and /etc/shadow,Unknown,72,9,1,10,145,92,3,0,4.0,2.0,2.0,2,0.0,0.0,0.0,0.0,0.0,0.0,2.0,0,0,0,0,0,0,1,0
Network Traffic,Network,Token Impersonation/Theft,Credential Access,72,9,1,10,145,92,2,0,4.0,2.0,2.0,2,0.0,0.0,0.0,0.0,0.0,0.0,2.0,0,0,0,0,0,0,1,0
Network Traffic,Network,Token Impersonation/Theft,Credential Access,72,9,1,10,145,92,2,0,4.0,2.0,2.0,2,0.0,0.0,0.0,0.0,0.0,0.0,2.0,0,0,0,0,0,0,1,0
Network Traffic,Network,MMC,Unknown,72,9,1,10,145,92,3,0,4.0,2.0,2.0,2,0.0,0.0,0.0,0.0,0.0,0.0,2.0,0,0,0,0,0,0,1,0
Network Traffic,Network,Steal Web Session Cookie,Credential Access,72,9,1,10,145,92,1,0,4.0,2.0,2.0,2,0.0,0.0,0.0,0.0,0.0,0.0,2.0,0,0,0,0,0,0,1,0
Network Traffic,Network,Steal Web Session Cookie,Credential Access,72,9,1,10,145,92,1,0,4.0,2.0,2.0,2,0.0,0.0,0.0,0.0,0.0,0.0,2.0,0,0,0,0,0,0,1,0
Network Traffic,Network,Steal Web Session Cookie,Credential Access,72,9,1,10,145,92,1,0,4.0,2.0,2.0,2,0.0,0.0,0.0,0.0,0.0,0.0,2.0,0,0,0,0,0,0,1,0
Network Traffic,Network,Archive via Utility,Unknown,72,9,1,10,145,92,1,0,4.0,2.0,2.0,2,0.0,0.0,0.0,0.0,0.0,0.0,2.0,0,0,0,0,0,0,1,0
Network Traffic,Network,Create Process with Token,Privilege Escalation,72,9,1,10,145,92,4,0,4.0,2.0,2.0,2,0.0,0.0,0.0,0.0,0.0,0.0,2.0,0,0,0,0,0,0,1,0
Network Traffic,Network,Create Process with Token,Privilege Escalation,72,9,1,10,145,92,4,0,4.0,2.0,2.0,2,0.0,0.0,0.0,0.0,0.0,0.0,2.0,0,0,0,0,0,0,1,0
Network Traffic,Network,Create Process with Token,Credential Access,72,9,1,10,145,92,4,0,4.0,2.0,2.0,2,0.0,0.0,0.0,0.0,0.0,0.0,2.0,0,0,0,0,0,0,1,0
Network Traffic,Network,Create Process with Token,Credential Access,72,9,1,10,145,92,4,0,4.0,2.0,2.0,2,0.0,0.0,0.0,0.0,0.0,0.0,2.0,0,0,0,0,0,0,1,0
Network Traffic,Network,Winlogon Helper DLL,Unknown,72,9,1,10,145,92,2,0,4.0,2.0,2.0,2,0.0,0.0,0.0,0.0,0.0,0.0,2.0,0,0,0,0,0,0,1,0
Network Traffic,Network,Hardware Additions,Unknown,72,9,1,10,145,92,1,0,4.0,2.0,2.0,2,0.0,0.0,0.0,0.0,0.0,0.0,2.0,0,0,0,0,0,0,1,0
Network Traffic,Network,Mshta,Unknown,72,9,1,10,145,92,4,0,4.0,2.0,2.0,2,0.0,0.0,0.0,0.0,0.0,0.0,2.0,0,0,0,0,0,0,1,0
Network Traffic,Network,Setuid and Setgid,Unknown,72,9,1,10,145,92,2,0,4.0,2.0,2.0,2,0.0,0.0,0.0,0.0,0.0,0.0,2.0,0,0,0,0,0,0,1,0
Network Traffic,Network,Thread Execution Hijacking,Lateral Movement,72,9,1,10,145,92,3,0,4.0,2.0,2.0,2,0.0,0.0,0.0,0.0,0.0,0.0,2.0,0,0,0,0,0,0,1,0
Network Traffic,Network,Credentials from Web Browsers,Unknown,72,9,1,10,145,92,3,0,4.0,2.0,2.0,2,0.0,0.0,0.0,0.0,0.0,0.0,2.0,0,0,0,0,0,0,1,0
Network Traffic,Network,Steal Application Access Token,Credential Access,72,9,1,10,145,92,2,0,4.0,2.0,2.0,2,0.0,0.0,0.0,0.0,0.0,0.0,2.0,0,0,0,0,0,0,1,0
Network Traffic,Network,Steal Application Access Token,Credential Access,72,9,1,10,145,92,2,0,4.0,2.0,2.0,2,0.0,0.0,0.0,0.0,0.0,0.0,2.0,0,0,0,0,0,0,1,0
Network Traffic,Network,Steal Application Access Token,Credential Access,72,9,1,10,145,92,2,0,4.0,2.0,2.0,2,0.0,0.0,0.0,0.0,0.0,0.0,2.0,0,0,0,0,0,0,1,0
Network Traffic,Network,Rename Legitimate Utilities,Unknown,72,9,1,10,145,92,4,0,4.0,2.0,2.0,2,0.0,0.0,0.0,0.0,0.0,0.0,2.0,0,0,0,0,0,0,1,0
Network Traffic,Network,Cloud Storage Object Discovery,Unknown,72,9,1,10,145,92,3,0,4.0,2.0,2.0,2,0.0,0.0,0.0,0.0,0.0,0.0,2.0,0,0,0,0,0,0,1,0
Network Traffic,Network,Rootkit,Unknown,72,9,1,10,145,92,3,0,4.0,2.0,2.0,2,0.0,0.0,0.0,0.0,0.0,0.0,2.0,0,0,0,0,0,0,1,0
Network Traffic,Network,Time Based Evasion,Unknown,72,9,1,10,145,92,2,0,4.0,2.0,2.0,2,0.0,0.0,0.0,0.0,0.0,0.0,2.0,0,0,0,0,0,0,1,0
Network Traffic,Network,Mavinject,Unknown,72,9,1,10,145,92,2,0,4.0,2.0,2.0,2,0.0,0.0,0.0,0.0,0.0,0.0,2.0,0,0,0,0,0,0,1,0
Network Traffic,Network,Valid Accounts,Unknown,72,9,1,10,145,92,1,0,4.0,2.0,2.0,2,0.0,0.0,0.0,0.0,0.0,0.0,2.0,0,0,0,0,0,0,1,0
Network Traffic,Network,AppInit DLLs,Unknown,72,9,1,10,145,92,5,0,4.0,2.0,2.0,2,0.0,0.0,0.0,0.0,0.0,0.0,2.0,0,0,0,0,0,0,1,0
Network Traffic,Network,Disable Windows Event Logging,Unknown,72,9,1,10,145,92,2,0,4.0,2.0,2.0,2,0.0,0.0,0.0,0.0,0.0,0.0,2.0,0,0,0,0,0,0,1,0
Network Traffic,Network,Component Object Model Hijacking,Lateral Movement,72,9,1,10,145,92,4,0,4.0,2.0,2.0,2,0.0,0.0,0.0,0.0,0.0,0.0,2.0,0,0,0,0,0,0,1,0
Network Traffic,Network,Exploitation for Client Execution,Unknown,72,9,1,10,145,92,3,0,4.0,2.0,2.0,2,0.0,0.0,0.0,0.0,0.0,0.0,2.0,0,0,0,0,0,0,1,0
Network Traffic,Network,Add-ins,Unknown,72,9,1,10,145,92,4,0,4.0,2.0,2.0,2,0.0,0.0,0.0,0.0,0.0,0.0,2.0,0,0,0,0,0,0,1,0
Network Traffic,Network,Unsecured Credentials,Unknown,72,9,1,10,145,92,1,0,4.0,2.0,2.0,2,0.0,0.0,0.0,0.0,0.0,0.0,2.0,0,0,0,0,0,0,1,0
Network Traffic,Network,Screensaver,Unknown,72,9,1,10,145,92,4,0,4.0,2.0,2.0,2,0.0,0.0,0.0,0.0,0.0,0.0,2.0,0,0,0,0,0,0,1,0
Network Traffic,Network,Data from Network Shared Drive,Unknown,72,9,1,10,145,92,1,0,4.0,2.0,2.0,2,0.0,0.0,0.0,0.0,0.0,0.0,2.0,0,0,0,0,0,0,1,0
Network Traffic,Network,RDP Hijacking,Lateral Movement,72,9,1,10,145,92,1,0,4.0,2.0,2.0,2,0.0,0.0,0.0,0.0,0.0,0.0,2.0,0,0,0,0,0,0,1,0
Network Traffic,Network,RDP Hijacking,Lateral Movement,72,9,1,10,145,92,1,0,4.0,2.0,2.0,2,0.0,0.0,0.0,0.0,0.0,0.0,2.0,0,0,0,0,0,0,1,0
Network Traffic,Network,RDP Hijacking,Lateral Movement,72,9,1,10,145,92,1,0,4.0,2.0,2.0,2,0.0,0.0,0.0,0.0,0.0,0.0,2.0,0,0,0,0,0,0,1,0
Network Traffic,Network,Process Doppelgänging,Unknown,72,9,1,10,145,92,2,0,4.0,2.0,2.0,2,0.0,0.0,0.0,0.0,0.0,0.0,2.0,0,0,0,0,0,0,1,0
Network Traffic,Network,Cloud Instance Metadata API,Unknown,72,9,1,10,145,92,1,0,4.0,2.0,2.0,2,0.0,0.0,0.0,0.0,0.0,0.0,2.0,0,0,0,0,0,0,1,0
Network Traffic,Network,Component Firmware,Unknown,72,9,1,10,145,92,2,0,4.0,2.0,2.0,2,0.0,0.0,0.0,0.0,0.0,0.0,2.0,0,0,0,0,0,0,1,0
Network Traffic,Network,Disable or Modify Tools,Unknown,72,9,1,10,145,92,2,0,4.0,2.0,2.0,2,0.0,0.0,0.0,0.0,0.0,0.0,2.0,0,0,0,0,0,0,1,0
Network Traffic,Network,VDSO Hijacking,Lateral Movement,72,9,1,10,145,92,2,0,4.0,2.0,2.0,2,0.0,0.0,0.0,0.0,0.0,0.0,2.0,0,0,0,0,0,0,1,0
Network Traffic,Network,Group Policy Preferences,Unknown,72,9,1,10,145,92,2,0,4.0,2.0,2.0,2,0.0,0.0,0.0,0.0,0.0,0.0,2.0,0,0,0,0,0,0,1,0
Network Traffic,Network,Compile After Delivery,Unknown,72,9,1,10,145,92,2,0,4.0,2.0,2.0,2,0.0,0.0,0.0,0.0,0.0,0.0,2.0,0,0,0,0,0,0,1,0
Network Traffic,Network,Disk Structure Wipe,Unknown,72,9,1,10,145,92,1,0,4.0,2.0,2.0,2,0.0,0.0,0.0,0.0,0.0,0.0,2.0,0,0,0,0,0,0,1,0
Network Traffic,Network,Group Policy Discovery,Unknown,72,9,1,10,145,92,2,0,4.0,2.0,2.0,2,0.0,0.0,0.0,0.0,0.0,0.0,2.0,0,0,0,0,0,0,1,0
Network Traffic,Network,Code Repositories,Unknown,72,9,1,10,145,92,1,0,4.0,2.0,2.0,2,0.0,0.0,0.0,0.0,0.0,0.0,2.0,0,0,0,0,0,0,1,0
Network Traffic,Network,Credentials in Registry,Unknown,72,9,1,10,145,92,2,0,4.0,2.0,2.0,2,0.0,0.0,0.0,0.0,0.0,0.0,2.0,0,0,0,0,0,0,1,0
Network Traffic,Network,LSA Secrets,Unknown,72,9,1,10,145,92,2,0,4.0,2.0,2.0,2,0.0,0.0,0.0,0.0,0.0,0.0,2.0,0,0,0,0,0,0,1,0
Network Traffic,Network,Outlook Forms,Unknown,72,9,1,10,145,92,2,0,4.0,2.0,2.0,2,0.0,0.0,0.0,0.0,0.0,0.0,2.0,0,0,0,0,0,0,1,0
Network Traffic,Network,Deobfuscate/Decode Files or Information,Unknown,72,9,1,10,145,92,6,0,4.0,2.0,2.0,2,0.0,0.0,0.0,0.0,0.0,0.0,2.0,0,0,0,0,0,0,1,0
Network Traffic,Network,Outlook Rules,Unknown,72,9,1,10,145,92,1,0,4.0,2.0,2.0,2,0.0,0.0,0.0,0.0,0.0,0.0,2.0,0,0,0,0,0,0,1,0
Network Traffic,Network,System Language Discovery,Unknown,72,9,1,10,145,92,2,0,4.0,2.0,2.0,2,0.0,0.0,0.0,0.0,0.0,0.0,2.0,0,0,0,0,0,0,1,0
Network Traffic,Network,Dylib Hijacking,Lateral Movement,72,9,1,10,145,92,2,0,4.0,2.0,2.0,2,0.0,0.0,0.0,0.0,0.0,0.0,2.0,0,0,0,0,0,0,1,0
Network Traffic,Network,Bash History,Unknown,72,9,1,10,145,92,1,0,4.0,2.0,2.0,2,0.0,0.0,0.0,0.0,0.0,0.0,2.0,0,0,0,0,0,0,1,0
Network Traffic,Network,Credential API Hooking,Unknown,72,9,1,10,145,92,2,0,4.0,2.0,2.0,2,0.0,0.0,0.0,0.0,0.0,0.0,2.0,0,0,0,0,0,0,1,0
Network Traffic,Network,Change Default File Association,Unknown,72,9,1,10,145,92,2,0,4.0,2.0,2.0,2,0.0,0.0,0.0,0.0,0.0,0.0,2.0,0,0,0,0,0,0,1,0
Network Traffic,Network,Emond,Unknown,72,9,1,10,145,92,3,0,4.0,2.0,2.0,2,0.0,0.0,0.0,0.0,0.0,0.0,2.0,0,0,0,0,0,0,1,0
Network Traffic,Network,Masquerade Task or Service,Unknown,72,9,1,10,145,92,1,0,4.0,2.0,2.0,2,0.0,0.0,0.0,0.0,0.0,0.0,2.0,0,0,0,0,0,0,1,0
Network Traffic,Network,Hidden Window,Unknown,72,9,1,10,145,92,3,0,4.0,2.0,2.0,2,0.0,0.0,0.0,0.0,0.0,0.0,2.0,0,0,0,0,0,0,1,0
Network Traffic,Network,Automated Collection,Unknown,72,9,1,10,145,92,1,0,4.0,2.0,2.0,2,0.0,0.0,0.0,0.0,0.0,0.0,2.0,0,0,0,0,0,0,1,0
Network Traffic,Network,Application Shimming,Unknown,72,9,1,10,145,92,2,0,4.0,2.0,2.0,2,0.0,0.0,0.0,0.0,0.0,0.0,2.0,0,0,0,0,0,0,1,0
Network Traffic,Network,Command and Scripting Interpreter,Unknown,72,9,1,10,145,92,2,0,4.0,2.0,2.0,2,0.0,0.0,0.0,0.0,0.0,0.0,2.0,0,0,0,0,0,0,1,0
Network Traffic,Network,Impair Command History Logging,Unknown,72,9,1,10,145,92,7,0,4.0,2.0,2.0,2,0.0,0.0,0.0,0.0,0.0,0.0,2.0,0,0,0,0,0,0,1,0
Network Traffic,Network,Invalid Code Signature,Unknown,72,9,1,10,145,92,2,0,4.0,2.0,2.0,2,0.0,0.0,0.0,0.0,0.0,0.0,2.0,0,0,0,0,0,0,1,0
Network Traffic,Network,Security Account Manager,Unknown,72,9,1,10,145,92,3,0,4.0,2.0,2.0,2,0.0,0.0,0.0,0.0,0.0,0.0,2.0,0,0,0,0,0,0,1,0
Network Traffic,Network,Compromise Software Dependencies and Development Tools,Unknown,72,9,1,10,145,92,1,0,4.0,2.0,2.0,2,0.0,0.0,0.0,0.0,0.0,0.0,2.0,0,0,0,0,0,0,1,0
Network Traffic,Network,Security Software Discovery,Unknown,72,9,1,10,145,92,3,0,4.0,2.0,2.0,2,0.0,0.0,0.0,0.0,0.0,0.0,2.0,0,0,0,0,0,0,1,0
Network Traffic,Network,Screen Capture,Unknown,72,9,1,10,145,92,1,0,4.0,2.0,2.0,2,0.0,0.0,0.0,0.0,0.0,0.0,2.0,0,0,0,0,0,0,1,0
Network Traffic,Network,Ptrace System Calls,Unknown,72,9,1,10,145,92,1,0,4.0,2.0,2.0,2,0.0,0.0,0.0,0.0,0.0,0.0,2.0,0,0,0,0,0,0,1,0
Network Traffic,Network,Communication Through Removable Media,Unknown,72,9,1,10,145,92,2,0,4.0,2.0,2.0,2,0.0,0.0,0.0,0.0,0.0,0.0,2.0,0,0,0,0,0,0,1,0
Network Traffic,Network,Sudo and Sudo Caching,Unknown,72,9,1,10,145,92,4,0,4.0,2.0,2.0,2,0.0,0.0,0.0,0.0,0.0,0.0,2.0,0,0,0,0,0,0,1,0
Network Traffic,Network,Compiled HTML File,Unknown,72,9,1,10,145,92,3,0,4.0,2.0,2.0,2,0.0,0.0,0.0,0.0,0.0,0.0,2.0,0,0,0,0,0,0,1,0
Network Traffic,Network,Email Hiding Rules,Unknown,72,9,1,10,145,92,6,0,4.0,2.0,2.0,2,0.0,0.0,0.0,0.0,0.0,0.0,2.0,0,0,0,0,0,0,1,0
Network Traffic,Network,Email Forwarding Rule,Unknown,72,9,1,10,145,92,2,0,4.0,2.0,2.0,2,0.0,0.0,0.0,0.0,0.0,0.0,2.0,0,0,0,0,0,0,1,0
Network Traffic,Network,Runtime Data Manipulation,Unknown,72,9,1,10,145,92,2,0,4.0,2.0,2.0,2,0.0,0.0,0.0,0.0,0.0,0.0,2.0,0,0,0,0,0,0,1,0
Network Traffic,Network,Disable or Modify System Firewall,Unknown,72,9,1,10,145,92,1,0,4.0,2.0,2.0,2,0.0,0.0,0.0,0.0,0.0,0.0,2.0,0,0,0,0,0,0,1,0
Network Traffic,Network,Binary Padding,Unknown,72,9,1,10,145,92,2,0,4.0,2.0,2.0,2,0.0,0.0,0.0,0.0,0.0,0.0,2.0,0,0,0,0,0,0,1,0
Operating System File,File,SSH Hijacking,Lateral Movement,9,1,1,6,19,17,1,0,0.0,0.0,0.0,0,0.0,0.0,0.0,0.0,0.0,0.0,0.0,0,0,0,0,0,0,0,0
Operating System File,File,SSH Hijacking,Lateral Movement,9,1,1,6,19,17,1,0,0.0,0.0,0.0,0,0.0,0.0,0.0,0.0,0.0,0.0,0.0,0,0,0,0,0,0,0,0
Operating System File,File,SSH Hijacking,Lateral Movement,9,1,1,6,19,17,1,0,0.0,0.0,0.0,0,0.0,0.0,0.0,0.0,0.0,0.0,0.0,0,0,0,0,0,0,0,0
Operating System File,File,Transmitted Data Manipulation,Unknown,9,1,1,6,19,17,1,0,0.0,0.0,0.0,0,0.0,0.0,0.0,0.0,0.0,0.0,0.0,0,0,0,0,0,0,0,0
Operating System File,File,Software Packing,Unknown,9,1,1,6,19,17,2,2,0.0,0.0,0.0,0,0.0,0.0,0.0,0.0,0.0,0.0,0.0,0,0,0,0,0,0,0,0
Operating System File,File,Network Share Connection Removal,Unknown,9,1,1,6,19,17,1,0,0.0,0.0,0.0,0,0.0,0.0,0.0,0.0,0.0,0.0,0.0,0,0,0,0,0,0,0,0
Operating System File,File,Multi-Stage Channels,Unknown,9,1,1,6,19,17,3,0,0.0,0.0,0.0,0,0.0,0.0,0.0,0.0,0.0,0.0,0.0,0,0,0,0,0,0,0,0
Operating System File,File,VBA Stomping,Unknown,9,1,1,6,19,17,2,2,0.0,0.0,0.0,0,0.0,0.0,0.0,0.0,0.0,0.0,0.0,0,0,0,0,0,0,0,0
Operating System File,File,Trusted Relationship,Defense Evasion,9,1,1,6,19,17,3,0,0.0,0.0,0.0,0,0.0,0.0,0.0,0.0,0.0,0.0,0.0,0,0,0,0,0,0,0,0
Operating System File,File,Trusted Relationship,Defense Evasion,9,1,1,6,19,17,3,0,0.0,0.0,0.0,0,0.0,0.0,0.0,0.0,0.0,0.0,0.0,0,0,0,0,0,0,0,0
Operating System File,File,Plist Modification,Unknown,9,1,1,6,19,17,1,1,0.0,0.0,0.0,0,0.0,0.0,0.0,0.0,0.0,0.0,0.0,0,0,0,0,0,0,0,0
Operating System File,File,Screen Capture,Unknown,9,1,1,6,19,17,1,0,0.0,0.0,0.0,0,0.0,0.0,0.0,0.0,0.0,0.0,0.0,0,0,0,0,0,0,0,0
Operating System File,File,Match Legitimate Resource Name or Location,Unknown,9,1,1,6,19,17,2,1,0.0,0.0,0.0,0,0.0,0.0,0.0,0.0,0.0,0.0,0.0,0,0,0,0,0,0,0,0
Operating System File,File,Encrypted Channel,Unknown,9,1,1,6,19,17,3,0,0.0,0.0,0.0,0,0.0,0.0,0.0,0.0,0.0,0.0,0.0,0,0,0,0,0,0,0,0
Operating System File,File,Forced Authentication,Unknown,9,1,1,6,19,17,3,1,0.0,0.0,0.0,0,0.0,0.0,0.0,0.0,0.0,0.0,0.0,0,0,0,0,0,0,0,0
Operating System File,File,Windows Management Instrumentation Event Subscription,Unknown,9,1,1,6,19,17,5,0,0.0,0.0,0.0,0,0.0,0.0,0.0,0.0,0.0,0.0,0.0,0,0,0,0,0,0,0,0
Operating System File,File,Portable Executable Injection,Unknown,9,1,1,6,19,17,1,1,0.0,0.0,0.0,0,0.0,0.0,0.0,0.0,0.0,0.0,0.0,0,0,0,0,0,0,0,0
Operating System File,File,File Transfer Protocols,Unknown,9,1,1,6,19,17,4,0,0.0,0.0,0.0,0,0.0,0.0,0.0,0.0,0.0,0.0,0.0,0,0,0,0,0,0,0,0
Operating System File,File,Registry Run Keys / Startup Folder,Unknown,9,1,1,6,19,17,5,3,0.0,0.0,0.0,0,0.0,0.0,0.0,0.0,0.0,0.0,0.0,0,0,0,0,0,0,0,0
Operating System File,File,Authentication Package,Unknown,9,1,1,6,19,17,2,1,0.0,0.0,0.0,0,0.0,0.0,0.0,0.0,0.0,0.0,0.0,0,0,0,0,0,0,0,0
Operating System File,File,Malicious Link,Unknown,9,1,1,6,19,17,5,0,0.0,0.0,0.0,0,0.0,0.0,0.0,0.0,0.0,0.0,0.0,0,0,0,0,0,0,0,0
Operating System Process,Process,Securityd Memory,Unknown,3,1,0,7,6,11,1,0,3.0,1.0,3.0,1,0.0,0.0,0.0,0.0,3.0,0.0,0.0,0,0,0,0,1,0,0,0
Operating System Process,Process,Pluggable Authentication Modules,Unknown,3,1,0,7,6,11,2,0,3.0,1.0,3.0,1,0.0,0.0,0.0,0.0,3.0,0.0,0.0,0,0,0,0,1,0,0,0
Operating System Process,Process,Port Monitors,Unknown,3,1,0,7,6,11,2,0,3.0,1.0,3.0,1,0.0,0.0,0.0,0.0,3.0,0.0,0.0,0,0,0,0,1,0,0,0
Operating System Process,Process,Deobfuscate/Decode Files or Information,Unknown,3,1,0,7,6,11,6,2,3.0,1.0,3.0,1,0.0,0.0,0.0,0.0,3.0,0.0,0.0,0,0,0,0,1,0,0,0
Operating System Process,Process,Spearphishing Attachment,Unknown,3,1,0,7,6,11,6,0,3.0,1.0,3.0,1,0.0,0.0,0.0,0.0,3.0,0.0,0.0,0,0,0,0,1,0,0,0
Operating System Process,Process,Archive via Utility,Unknown,3,1,0,7,6,11,1,0,3.0,1.0,3.0,1,0.0,0.0,0.0,0.0,3.0,0.0,0.0,0,0,0,0,1,0,0,0
Outbound Internet DNS Lookup Traffic,Network,Credentials in Registry,Unknown,2,4,0,0,4,6,2,0,9.5,4.0,3.5,3,0.0,0.0,3.5,0.0,0.0,0.0,2.0,0,1,0,0,0,0,1,0
Outbound Internet DNS Lookup Traffic,Network,Startup Items,Unknown,2,4,0,0,4,6,3,0,9.5,4.0,3.5,3,0.0,0.0,3.5,0.0,0.0,0.0,2.0,0,1,0,0,0,0,1,0
Outbound Internet DNS Lookup Traffic,Network,XSL Script Processing,Unknown,2,4,0,0,4,6,5,0,9.5,4.0,3.5,3,0.0,0.0,3.5,0.0,0.0,0.0,2.0,0,1,0,0,0,0,1,0
Outbound Internet DNS Lookup Traffic,Network,Multi-Factor Authentication Interception,Unknown,2,4,0,0,4,6,1,0,9.5,4.0,3.5,3,0.0,0.0,3.5,0.0,0.0,0.0,2.0,0,1,0,0,0,0,1,0
Outbound Internet Network Traffic,Network,Compromise Software Supply Chain,Unknown,31,1,0,10,62,42,1,0,4.0,2.0,2.0,2,0.0,0.0,0.0,0.0,0.0,0.0,2.0,0,0,0,0,0,0,1,0
Outbound Internet Network Traffic,Network,Software Extensions,Unknown,31,1,0,10,62,42,1,0,4.0,2.0,2.0,2,0.0,0.0,0.0,0.0,0.0,0.0,2.0,0,0,0,0,0,0,1,0
Outbound Internet Network Traffic,Network,XSL Script Processing,Unknown,31,1,0,10,62,42,5,0,4.0,2.0,2.0,2,0.0,0.0,0.0,0.0,0.0,0.0,2.0,0,0,0,0,0,0,1,0
Outbound Internet Network Traffic,Network,Windows Management Instrumentation,Unknown,31,1,0,10,62,42,5,3,4.0,2.0,2.0,2,0.0,0.0,0.0,0.0,0.0,0.0,2.0,0,0,0,0,0,0,1,0
Outbound Internet Network Traffic,Network,Steal Web Session Cookie,Credential Access,31,1,0,10,62,42,1,0,4.0,2.0,2.0,2,0.0,0.0,0.0,0.0,0.0,0.0,2.0,0,0,0,0,0,0,1,0
Outbound Internet Network Traffic,Network,Steal Web Session Cookie,Credential Access,31,1,0,10,62,42,1,0,4.0,2.0,2.0,2,0.0,0.0,0.0,0.0,0.0,0.0,2.0,0,0,0,0,0,0,1,0
Outbound Internet Network Traffic,Network,Steal Web Session Cookie,Credential Access,31,1,0,10,62,42,1,0,4.0,2.0,2.0,2,0.0,0.0,0.0,0.0,0.0,0.0,2.0,0,0,0,0,0,0,1,0
Outbound Internet Network Traffic,Network,Additional Email Delegate Permissions,Unknown,31,1,0,10,62,42,2,0,4.0,2.0,2.0,2,0.0,0.0,0.0,0.0,0.0,0.0,2.0,0,0,0,0,0,0,1,0
Outbound Internet Network Traffic,Network,Disable Windows Event Logging,Unknown,31,1,0,10,62,42,2,0,4.0,2.0,2.0,2,0.0,0.0,0.0,0.0,0.0,0.0,2.0,0,0,0,0,0,0,1,0
Outbound Internet Network Traffic,Network,Scheduled Task,Unknown,31,1,0,10,62,42,2,0,4.0,2.0,2.0,2,0.0,0.0,0.0,0.0,0.0,0.0,2.0,0,0,0,0,0,0,1,0
Outbound Internet Network Traffic,Network,Domain Accounts,Unknown,31,1,0,10,62,42,2,0,4.0,2.0,2.0,2,0.0,0.0,0.0,0.0,0.0,0.0,2.0,0,0,0,0,0,0,1,0
Outbound Internet Network Traffic,Network,Cloud Service Dashboard,Unknown,31,1,0,10,62,42,1,0,4.0,2.0,2.0,2,0.0,0.0,0.0,0.0,0.0,0.0,2.0,0,0,0,0,0,0,1,0
Outbound Internet Network Traffic,Network,System Location Discovery,Unknown,31,1,0,10,62,42,1,0,4.0,2.0,2.0,2,0.0,0.0,0.0,0.0,0.0,0.0,2.0,0,0,0,0,0,0,1,0
Outbound Internet Network Traffic,Network,Local Data Staging,Unknown,31,1,0,10,62,42,3,0,4.0,2.0,2.0,2,0.0,0.0,0.0,0.0,0.0,0.0,2.0,0,0,0,0,0,0,1,0
Outbound Internet Network Traffic,Network,Portable Executable Injection,Unknown,31,1,0,10,62,42,1,0,4.0,2.0,2.0,2,0.0,0.0,0.0,0.0,0.0,0.0,2.0,0,0,0,0,0,0,1,0
Outbound Internet Network Traffic,Network,SID-History Injection,Unknown,31,1,0,10,62,42,2,0,4.0,2.0,2.0,2,0.0,0.0,0.0,0.0,0.0,0.0,2.0,0,0,0,0,0,0,1,0
Outbound Internet Network Traffic,Network,Code Repositories,Unknown,31,1,0,10,62,42,1,0,4.0,2.0,2.0,2,0.0,0.0,0.0,0.0,0.0,0.0,2.0,0,0,0,0,0,0,1,0
Outbound Internet Network Traffic,Network,Path Interception by Unquoted Path,Unknown,31,1,0,10,62,42,2,0,4.0,2.0,2.0,2,0.0,0.0,0.0,0.0,0.0,0.0,2.0,0,0,0,0,0,0,1,0
Outbound Internet Network Traffic,Network,Remote System Discovery,Unknown,31,1,0,10,62,42,5,1,4.0,2.0,2.0,2,0.0,0.0,0.0,0.0,0.0,0.0,2.0,0,0,0,0,0,0,1,0
Outbound Internet Network Traffic,Network,Password Cracking,Unknown,31,1,0,10,62,42,2,0,4.0,2.0,2.0,2,0.0,0.0,0.0,0.0,0.0,0.0,2.0,0,0,0,0,0,0,1,0
Outbound Internet Network Traffic,Network,Thread Execution Hijacking,Lateral Movement,31,1,0,10,62,42,3,0,4.0,2.0,2.0,2,0.0,0.0,0.0,0.0,0.0,0.0,2.0,0,0,0,0,0,0,1,0
Outbound Internet Network Traffic,Network,Shortcut Modification,Unknown,31,1,0,10,62,42,2,0,4.0,2.0,2.0,2,0.0,0.0,0.0,0.0,0.0,0.0,2.0,0,0,0,0,0,0,1,0
Outbound Internet Network Traffic,Network,Logon Script (Windows),Unknown,31,1,0,10,62,42,2,0,4.0,2.0,2.0,2,0.0,0.0,0.0,0.0,0.0,0.0,2.0,0,0,0,0,0,0,1,0
Outbound Internet Network Traffic,Network,AppCert DLLs,Unknown,31,1,0,10,62,42,5,0,4.0,2.0,2.0,2,0.0,0.0,0.0,0.0,0.0,0.0,2.0,0,0,0,0,0,0,1,0
Outbound Internet Network Traffic,Network,Outlook Forms,Unknown,31,1,0,10,62,42,2,0,4.0,2.0,2.0,2,0.0,0.0,0.0,0.0,0.0,0.0,2.0,0,0,0,0,0,0,1,0
Outbound Internet Network Traffic,Network,Archive via Utility,Unknown,31,1,0,10,62,42,1,0,4.0,2.0,2.0,2,0.0,0.0,0.0,0.0,0.0,0.0,2.0,0,0,0,0,0,0,1,0
Outbound Internet Network Traffic,Network,Credentials from Web Browsers,Unknown,31,1,0,10,62,42,3,0,4.0,2.0,2.0,2,0.0,0.0,0.0,0.0,0.0,0.0,2.0,0,0,0,0,0,0,1,0
Outbound Internet Network Traffic,Network,Parent PID Spoofing,Unknown,31,1,0,10,62,42,2,0,4.0,2.0,2.0,2,0.0,0.0,0.0,0.0,0.0,0.0,2.0,0,0,0,0,0,0,1,0
Outbound Internet Network Traffic,Network,Proc Filesystem,Unknown,31,1,0,10,62,42,2,0,4.0,2.0,2.0,2,0.0,0.0,0.0,0.0,0.0,0.0,2.0,0,0,0,0,0,0,1,0
Outbound Internet Network Traffic,Network,Stored Data Manipulation,Unknown,31,1,0,10,62,42,1,0,4.0,2.0,2.0,2,0.0,0.0,0.0,0.0,0.0,0.0,2.0,0,0,0,0,0,0,1,0
Outbound Internet Network Traffic,Network,Web Session Cookie,Credential Access,31,1,0,10,62,42,2,1,4.0,2.0,2.0,2,0.0,0.0,0.0,0.0,0.0,0.0,2.0,0,0,0,0,0,0,1,0
Outbound Internet Network Traffic,Network,Credentials In Files,Unknown,31,1,0,10,62,42,1,0,4.0,2.0,2.0,2,0.0,0.0,0.0,0.0,0.0,0.0,2.0,0,0,0,0,0,0,1,0
Outbound Internet Network Traffic,Network,Remote Email Collection,Unknown,31,1,0,10,62,42,3,0,4.0,2.0,2.0,2,0.0,0.0,0.0,0.0,0.0,0.0,2.0,0,0,0,0,0,0,1,0
Outbound Internet Network Traffic,Network,Bash History,Unknown,31,1,0,10,62,42,1,0,4.0,2.0,2.0,2,0.0,0.0,0.0,0.0,0.0,0.0,2.0,0,0,0,0,0,0,1,0
Outbound Internet Network Traffic,Network,Hidden Users,Unknown,31,1,0,10,62,42,2,0,4.0,2.0,2.0,2,0.0,0.0,0.0,0.0,0.0,0.0,2.0,0,0,0,0,0,0,1,0
Outbound Internet Network Traffic,Network,Bootkit,Unknown,31,1,0,10,62,42,2,0,4.0,2.0,2.0,2,0.0,0.0,0.0,0.0,0.0,0.0,2.0,0,0,0,0,0,0,1,0
Outbound Internet Network Traffic,Network,Trap,Unknown,31,1,0,10,62,42,6,0,4.0,2.0,2.0,2,0.0,0.0,0.0,0.0,0.0,0.0,2.0,0,0,0,0,0,0,1,0
Outbound Internet Network Traffic,Network,Transport Agent,Unknown,31,1,0,10,62,42,5,0,4.0,2.0,2.0,2,0.0,0.0,0.0,0.0,0.0,0.0,2.0,0,0,0,0,0,0,1,0
Outbound Internet Network Traffic,Network,Ptrace System Calls,Unknown,31,1,0,10,62,42,1,0,4.0,2.0,2.0,2,0.0,0.0,0.0,0.0,0.0,0.0,2.0,0,0,0,0,0,0,1,0
Outbound Internet Network Traffic,Network,Traffic Signaling,Unknown,31,1,0,10,62,42,1,1,4.0,2.0,2.0,2,0.0,0.0,0.0,0.0,0.0,0.0,2.0,0,0,0,0,0,0,1,0
Outbound Internet Network Traffic,Network,VDSO Hijacking,Lateral Movement,31,1,0,10,62,42,2,0,4.0,2.0,2.0,2,0.0,0.0,0.0,0.0,0.0,0.0,2.0,0,0,0,0,0,0,1,0
Outbound Internet Network Traffic,Network,IIS Components,Unknown,31,1,0,10,62,42,1,0,4.0,2.0,2.0,2,0.0,0.0,0.0,0.0,0.0,0.0,2.0,0,0,0,0,0,0,1,0
Outbound Internet Network Traffic,Network,Command and Scripting Interpreter,Unknown,31,1,0,10,62,42,2,0,4.0,2.0,2.0,2,0.0,0.0,0.0,0.0,0.0,0.0,2.0,0,0,0,0,0,0,1,0
Outbound Internet Network Traffic,Network,Process Discovery,Unknown,31,1,0,10,62,42,2,0,4.0,2.0,2.0,2,0.0,0.0,0.0,0.0,0.0,0.0,2.0,0,0,0,0,0,0,1,0
Outbound Internet Network Traffic,Network,Disk Content Wipe,Unknown,31,1,0,10,62,42,1,0,4.0,2.0,2.0,2,0.0,0.0,0.0,0.0,0.0,0.0,2.0,0,0,0,0,0,0,1,0
Outbound Internet Network Traffic,Network,Web Shell,Unknown,31,1,0,10,62,42,5,0,4.0,2.0,2.0,2,0.0,0.0,0.0,0.0,0.0,0.0,2.0,0,0,0,0,0,0,1,0
Outbound Internet Network Traffic,Network,Application Access Token,Credential Access,31,1,0,10,62,42,3,1,4.0,2.0,2.0,2,0.0,0.0,0.0,0.0,0.0,0.0,2.0,0,0,0,0,0,0,1,0
Outbound Internet Network Traffic,Network,Application Access Token,Credential Access,31,1,0,10,62,42,3,1,4.0,2.0,2.0,2,0.0,0.0,0.0,0.0,0.0,0.0,2.0,0,0,0,0,0,0,1,0
Outbound Internet Network Traffic,Network,Dynamic Linker Hijacking,Lateral Movement,31,1,0,10,62,42,2,0,4.0,2.0,2.0,2,0.0,0.0,0.0,0.0,0.0,0.0,2.0,0,0,0,0,0,0,1,0
Outbound Internet Network Traffic,Network,Unsecured Credentials,Unknown,31,1,0,10,62,42,1,0,4.0,2.0,2.0,2,0.0,0.0,0.0,0.0,0.0,0.0,2.0,0,0,0,0,0,0,1,0
Outbound Internet Network Traffic,Network,Archive Collected Data,Unknown,31,1,0,10,62,42,1,0,4.0,2.0,2.0,2,0.0,0.0,0.0,0.0,0.0,0.0,2.0,0,0,0,0,0,0,1,0
Outbound Internet Network Traffic,Network,Disable or Modify Tools,Unknown,31,1,0,10,62,42,2,0,4.0,2.0,2.0,2,0.0,0.0,0.0,0.0,0.0,0.0,2.0,0,0,0,0,0,0,1,0
Outbound Internet Network Traffic,Network,Exfiltration Over C2 Channel,Unknown,31,1,0,10,62,42,3,1,4.0,2.0,2.0,2,0.0,0.0,0.0,0.0,0.0,0.0,2.0,0,0,0,0,0,0,1,0
Outbound Internet Network Traffic,Network,Exploitation for Client Execution,Unknown,31,1,0,10,62,42,3,0,4.0,2.0,2.0,2,0.0,0.0,0.0,0.0,0.0,0.0,2.0,0,0,0,0,0,0,1,0
Outbound Internet Network Traffic,Network,Hidden File System,Unknown,31,1,0,10,62,42,3,0,4.0,2.0,2.0,2,0.0,0.0,0.0,0.0,0.0,0.0,2.0,0,0,0,0,0,0,1,0
Outbound Internet Network Traffic,Network,Cloud Instance Metadata API,Unknown,31,1,0,10,62,42,1,0,4.0,2.0,2.0,2,0.0,0.0,0.0,0.0,0.0,0.0,2.0,0,0,0,0,0,0,1,0
Outbound Internet Network Traffic,Network,DCSync,Unknown,31,1,0,10,62,42,5,3,4.0,2.0,2.0,2,0.0,0.0,0.0,0.0,0.0,0.0,2.0,0,0,0,0,0,0,1,0
Outbound Internet Network Traffic,Network,VBA Stomping,Unknown,31,1,0,10,62,42,2,0,4.0,2.0,2.0,2,0.0,0.0,0.0,0.0,0.0,0.0,2.0,0,0,0,0,0,0,1,0
Outbound Internet Network Traffic,Network,Forced Authentication,Unknown,31,1,0,10,62,42,3,0,4.0,2.0,2.0,2,0.0,0.0,0.0,0.0,0.0,0.0,2.0,0,0,0,0,0,0,1,0
Outbound Internet Network Traffic,Network,Match Legitimate Resource Name or Location,Unknown,31,1,0,10,62,42,2,0,4.0,2.0,2.0,2,0.0,0.0,0.0,0.0,0.0,0.0,2.0,0,0,0,0,0,0,1,0
Outbound Internet Network Traffic,Network,PowerShell Profile,Unknown,31,1,0,10,62,42,2,0,4.0,2.0,2.0,2,0.0,0.0,0.0,0.0,0.0,0.0,2.0,0,0,0,0,0,0,1,0
Outbound Internet Network Traffic,Network,Runtime Data Manipulation,Unknown,31,1,0,10,62,42,2,0,4.0,2.0,2.0,2,0.0,0.0,0.0,0.0,0.0,0.0,2.0,0,0,0,0,0,0,1,0
Outbound Internet Network Traffic,Network,Component Firmware,Unknown,31,1,0,10,62,42,2,0,4.0,2.0,2.0,2,0.0,0.0,0.0,0.0,0.0,0.0,2.0,0,0,0,0,0,0,1,0
Outbound Internet Network Traffic,Network,Communication Through Removable Media,Unknown,31,1,0,10,62,42,2,0,4.0,2.0,2.0,2,0.0,0.0,0.0,0.0,0.0,0.0,2.0,0,0,0,0,0,0,1,0
Outbound Internet Network Traffic,Network,Compile After Delivery,Unknown,31,1,0,10,62,42,2,0,4.0,2.0,2.0,2,0.0,0.0,0.0,0.0,0.0,0.0,2.0,0,0,0,0,0,0,1,0
Outbound Network Traffic,Network,Cloud Storage Object Discovery,Unknown,31,1,1,10,63,43,3,0,4.0,2.0,2.0,2,0.0,0.0,0.0,0.0,0.0,0.0,2.0,0,0,0,0,0,0,1,0
Outbound Network Traffic,Network,Rename Legitimate Utilities,Unknown,31,1,1,10,63,43,4,0,4.0,2.0,2.0,2,0.0,0.0,0.0,0.0,0.0,0.0,2.0,0,0,0,0,0,0,1,0
Outbound Network Traffic,Network,Keylogging,Unknown,31,1,1,10,63,43,2,0,4.0,2.0,2.0,2,0.0,0.0,0.0,0.0,0.0,0.0,2.0,0,0,0,0,0,0,1,0
Outbound Network Traffic,Network,Traffic Signaling,Unknown,31,1,1,10,63,43,1,1,4.0,2.0,2.0,2,0.0,0.0,0.0,0.0,0.0,0.0,2.0,0,0,0,0,0,0,1,0
Outbound Network Traffic,Network,Disable Windows Event Logging,Unknown,31,1,1,10,63,43,2,0,4.0,2.0,2.0,2,0.0,0.0,0.0,0.0,0.0,0.0,2.0,0,0,0,0,0,0,1,0
Outbound Network Traffic,Network,Internal Spearphishing,Unknown,31,1,1,10,63,43,3,1,4.0,2.0,2.0,2,0.0,0.0,0.0,0.0,0.0,0.0,2.0,0,0,0,0,0,0,1,0
Outbound Network Traffic,Network,Sudo and Sudo Caching,Unknown,31,1,1,10,63,43,4,0,4.0,2.0,2.0,2,0.0,0.0,0.0,0.0,0.0,0.0,2.0,0,0,0,0,0,0,1,0
Outbound Network Traffic,Network,Launch Agent,Unknown,31,1,1,10,63,43,1,0,4.0,2.0,2.0,2,0.0,0.0,0.0,0.0,0.0,0.0,2.0,0,0,0,0,0,0,1,0
Outbound Network Traffic,Network,Stored Data Manipulation,Unknown,31,1,1,10,63,43,1,0,4.0,2.0,2.0,2,0.0,0.0,0.0,0.0,0.0,0.0,2.0,0,0,0,0,0,0,1,0
Outbound Network Traffic,Network,Web Portal Capture,Unknown,31,1,1,10,63,43,2,0,4.0,2.0,2.0,2,0.0,0.0,0.0,0.0,0.0,0.0,2.0,0,0,0,0,0,0,1,0
Outbound Network Traffic,Network,Add-ins,Unknown,31,1,1,10,63,43,4,0,4.0,2.0,2.0,2,0.0,0.0,0.0,0.0,0.0,0.0,2.0,0,0,0,0,0,0,1,0
Outbound Network Traffic,Network,System Information Discovery,Unknown,31,1,1,10,63,43,3,0,4.0,2.0,2.0,2,0.0,0.0,0.0,0.0,0.0,0.0,2.0,0,0,0,0,0,0,1,0
Outbound Network Traffic,Network,Modify Registry,Unknown,31,1,1,10,63,43,2,0,4.0,2.0,2.0,2,0.0,0.0,0.0,0.0,0.0,0.0,2.0,0,0,0,0,0,0,1,0
Outbound Network Traffic,Network,Domain or Tenant Policy Modification,Unknown,31,1,1,10,63,43,2,0,4.0,2.0,2.0,2,0.0,0.0,0.0,0.0,0.0,0.0,2.0,0,0,0,0,0,0,1,0
Outbound Network Traffic,Network,Cloud Instance Metadata API,Unknown,31,1,1,10,63,43,1,0,4.0,2.0,2.0,2,0.0,0.0,0.0,0.0,0.0,0.0,2.0,0,0,0,0,0,0,1,0
Outbound Network Traffic,Network,Software Packing,Unknown,31,1,1,10,63,43,2,0,4.0,2.0,2.0,2,0.0,0.0,0.0,0.0,0.0,0.0,2.0,0,0,0,0,0,0,1,0
Outbound Network Traffic,Network,Proc Memory,Unknown,31,1,1,10,63,43,4,0,4.0,2.0,2.0,2,0.0,0.0,0.0,0.0,0.0,0.0,2.0,0,0,0,0,0,0,1,0
Outbound Network Traffic,Network,Network Logon Script,Unknown,31,1,1,10,63,43,3,0,4.0,2.0,2.0,2,0.0,0.0,0.0,0.0,0.0,0.0,2.0,0,0,0,0,0,0,1,0
Outbound Network Traffic,Network,Securityd Memory,Unknown,31,1,1,10,63,43,1,0,4.0,2.0,2.0,2,0.0,0.0,0.0,0.0,0.0,0.0,2.0,0,0,0,0,0,0,1,0
Outbound Network Traffic,Network,Trap,Unknown,31,1,1,10,63,43,6,0,4.0,2.0,2.0,2,0.0,0.0,0.0,0.0,0.0,0.0,2.0,0,0,0,0,0,0,1,0
Outbound Network Traffic,Network,DLL,Unknown,31,1,1,10,63,43,1,0,4.0,2.0,2.0,2,0.0,0.0,0.0,0.0,0.0,0.0,2.0,0,0,0,0,0,0,1,0
Outbound Network Traffic,Network,Implant Internal Image,Unknown,31,1,1,10,63,43,1,0,4.0,2.0,2.0,2,0.0,0.0,0.0,0.0,0.0,0.0,2.0,0,0,0,0,0,0,1,0
Outbound Network Traffic,Network,Security Support Provider,Unknown,31,1,1,10,63,43,2,0,4.0,2.0,2.0,2,0.0,0.0,0.0,0.0,0.0,0.0,2.0,0,0,0,0,0,0,1,0
Outbound Network Traffic,Network,Disk Structure Wipe,Unknown,31,1,1,10,63,43,1,0,4.0,2.0,2.0,2,0.0,0.0,0.0,0.0,0.0,0.0,2.0,0,0,0,0,0,0,1,0
Outbound Network Traffic,Network,Compromise Software Dependencies and Development Tools,Unknown,31,1,1,10,63,43,1,0,4.0,2.0,2.0,2,0.0,0.0,0.0,0.0,0.0,0.0,2.0,0,0,0,0,0,0,1,0
Outbound Network Traffic,Network,Exploitation for Privilege Escalation,Unknown,31,1,1,10,63,43,3,0,4.0,2.0,2.0,2,0.0,0.0,0.0,0.0,0.0,0.0,2.0,0,0,0,0,0,0,1,0
Outbound Network Traffic,Network,Service Exhaustion Flood,Unknown,31,1,1,10,63,43,3,3,4.0,2.0,2.0,2,0.0,0.0,0.0,0.0,0.0,0.0,2.0,0,0,0,0,0,0,1,0
Outbound Network Traffic,Network,Windows Service,Unknown,31,1,1,10,63,43,2,0,4.0,2.0,2.0,2,0.0,0.0,0.0,0.0,0.0,0.0,2.0,0,0,0,0,0,0,1,0
Outbound Network Traffic,Network,Bypass User Account Control,Unknown,31,1,1,10,63,43,6,0,4.0,2.0,2.0,2,0.0,0.0,0.0,0.0,0.0,0.0,2.0,0,0,0,0,0,0,1,0
Outbound Network Traffic,Network,Credentials from Web Browsers,Unknown,31,1,1,10,63,43,3,0,4.0,2.0,2.0,2,0.0,0.0,0.0,0.0,0.0,0.0,2.0,0,0,0,0,0,0,1,0
Outbound Network Traffic,Network,Exploitation for Defense Evasion,Unknown,31,1,1,10,63,43,3,0,4.0,2.0,2.0,2,0.0,0.0,0.0,0.0,0.0,0.0,2.0,0,0,0,0,0,0,1,0
Outbound Network Traffic,Network,Modify Authentication Process,Unknown,31,1,1,10,63,43,2,0,4.0,2.0,2.0,2,0.0,0.0,0.0,0.0,0.0,0.0,2.0,0,0,0,0,0,0,1,0
Outbound Network Traffic,Network,Exfiltration Over C2 Channel,Unknown,31,1,1,10,63,43,3,1,4.0,2.0,2.0,2,0.0,0.0,0.0,0.0,0.0,0.0,2.0,0,0,0,0,0,0,1,0
Outbound Network Traffic,Network,Use Alternate Authentication Material,Unknown,31,1,1,10,63,43,2,0,4.0,2.0,2.0,2,0.0,0.0,0.0,0.0,0.0,0.0,2.0,0,0,0,0,0,0,1,0
Outbound Network Traffic,Network,Disable or Modify Tools,Unknown,31,1,1,10,63,43,2,0,4.0,2.0,2.0,2,0.0,0.0,0.0,0.0,0.0,0.0,2.0,0,0,0,0,0,0,1,0
Outbound Network Traffic,Network,Process Hollowing,Unknown,31,1,1,10,63,43,2,0,4.0,2.0,2.0,2,0.0,0.0,0.0,0.0,0.0,0.0,2.0,0,0,0,0,0,0,1,0
Outbound Network Traffic,Network,System Language Discovery,Unknown,31,1,1,10,63,43,2,0,4.0,2.0,2.0,2,0.0,0.0,0.0,0.0,0.0,0.0,2.0,0,0,0,0,0,0,1,0
Outbound Network Traffic,Network,Additional Cloud Credentials,Unknown,31,1,1,10,63,43,4,3,4.0,2.0,2.0,2,0.0,0.0,0.0,0.0,0.0,0.0,2.0,0,0,0,0,0,0,1,0
Outbound Network Traffic,Network,Screen Capture,Unknown,31,1,1,10,63,43,1,0,4.0,2.0,2.0,2,0.0,0.0,0.0,0.0,0.0,0.0,2.0,0,0,0,0,0,0,1,0
Outbound Network Traffic,Network,Path Interception by Unquoted Path,Unknown,31,1,1,10,63,43,2,0,4.0,2.0,2.0,2,0.0,0.0,0.0,0.0,0.0,0.0,2.0,0,0,0,0,0,0,1,0
Outbound Network Traffic,Network,External Remote Services,Lateral Movement,31,1,1,10,63,43,1,0,4.0,2.0,2.0,2,0.0,0.0,0.0,0.0,0.0,0.0,2.0,0,0,0,0,0,0,1,0
Outbound Network Traffic,Network,External Remote Services,Lateral Movement,31,1,1,10,63,43,1,0,4.0,2.0,2.0,2,0.0,0.0,0.0,0.0,0.0,0.0,2.0,0,0,0,0,0,0,1,0
Outbound Network Traffic,Network,External Remote Services,Lateral Movement,31,1,1,10,63,43,1,0,4.0,2.0,2.0,2,0.0,0.0,0.0,0.0,0.0,0.0,2.0,0,0,0,0,0,0,1,0
Outbound Network Traffic,Network,External Remote Services,Lateral Movement,31,1,1,10,63,43,1,0,4.0,2.0,2.0,2,0.0,0.0,0.0,0.0,0.0,0.0,2.0,0,0,0,0,0,0,1,0
Outbound Network Traffic,Network,Default Accounts,Unknown,31,1,1,10,63,43,1,0,4.0,2.0,2.0,2,0.0,0.0,0.0,0.0,0.0,0.0,2.0,0,0,0,0,0,0,1,0
Outbound Network Traffic,Network,Account Access Removal,Unknown,31,1,1,10,63,43,1,0,4.0,2.0,2.0,2,0.0,0.0,0.0,0.0,0.0,0.0,2.0,0,0,0,0,0,0,1,0
Outbound Network Traffic,Network,Match Legitimate Resource Name or Location,Unknown,31,1,1,10,63,43,2,0,4.0,2.0,2.0,2,0.0,0.0,0.0,0.0,0.0,0.0,2.0,0,0,0,0,0,0,1,0
Outbound Network Traffic,Network,Setuid and Setgid,Unknown,31,1,1,10,63,43,2,0,4.0,2.0,2.0,2,0.0,0.0,0.0,0.0,0.0,0.0,2.0,0,0,0,0,0,0,1,0
Outbound Network Traffic,Network,Proc Filesystem,Unknown,31,1,1,10,63,43,2,0,4.0,2.0,2.0,2,0.0,0.0,0.0,0.0,0.0,0.0,2.0,0,0,0,0,0,0,1,0
Outbound Network Traffic,Network,Rootkit,Unknown,31,1,1,10,63,43,3,0,4.0,2.0,2.0,2,0.0,0.0,0.0,0.0,0.0,0.0,2.0,0,0,0,0,0,0,1,0
Outbound Network Traffic,Network,Remote Desktop Protocol,Lateral Movement,31,1,1,10,63,43,2,1,4.0,2.0,2.0,2,0.0,0.0,0.0,0.0,0.0,0.0,2.0,0,0,0,0,0,0,1,0
Outbound Network Traffic,Network,Remote Desktop Protocol,Lateral Movement,31,1,1,10,63,43,2,1,4.0,2.0,2.0,2,0.0,0.0,0.0,0.0,0.0,0.0,2.0,0,0,0,0,0,0,1,0
Outbound Network Traffic,Network,Application Shimming,Unknown,31,1,1,10,63,43,2,0,4.0,2.0,2.0,2,0.0,0.0,0.0,0.0,0.0,0.0,2.0,0,0,0,0,0,0,1,0
Outbound Network Traffic,Network,Network Sniffing,Unknown,31,1,1,10,63,43,1,1,4.0,2.0,2.0,2,0.0,0.0,0.0,0.0,0.0,0.0,2.0,0,0,0,0,0,0,1,0
Outbound Network Traffic,Network,Trusted Relationship,Defense Evasion,31,1,1,10,63,43,3,2,4.0,2.0,2.0,2,0.0,0.0,0.0,0.0,0.0,0.0,2.0,0,0,0,0,0,0,1,0
Outbound Network Traffic,Network,Trusted Relationship,Defense Evasion,31,1,1,10,63,43,3,2,4.0,2.0,2.0,2,0.0,0.0,0.0,0.0,0.0,0.0,2.0,0,0,0,0,0,0,1,0
Outbound Network Traffic,Network,LSASS Driver,Unknown,31,1,1,10,63,43,2,0,4.0,2.0,2.0,2,0.0,0.0,0.0,0.0,0.0,0.0,2.0,0,0,0,0,0,0,1,0
Outbound Network Traffic,Network,Screensaver,Unknown,31,1,1,10,63,43,4,0,4.0,2.0,2.0,2,0.0,0.0,0.0,0.0,0.0,0.0,2.0,0,0,0,0,0,0,1,0
Outbound Network Traffic,Network,Windows Management Instrumentation,Unknown,31,1,1,10,63,43,5,3,4.0,2.0,2.0,2,0.0,0.0,0.0,0.0,0.0,0.0,2.0,0,0,0,0,0,0,1,0
Outbound Network Traffic,Network,Rogue Domain Controller,Unknown,31,1,1,10,63,43,5,3,4.0,2.0,2.0,2,0.0,0.0,0.0,0.0,0.0,0.0,2.0,0,0,0,0,0,0,1,0
Outbound Network Traffic,Network,SIP and Trust Provider Hijacking,Lateral Movement,31,1,1,10,63,43,2,0,4.0,2.0,2.0,2,0.0,0.0,0.0,0.0,0.0,0.0,2.0,0,0,0,0,0,0,1,0
Outbound Network Traffic,Network,Credentials In Files,Unknown,31,1,1,10,63,43,1,0,4.0,2.0,2.0,2,0.0,0.0,0.0,0.0,0.0,0.0,2.0,0,0,0,0,0,0,1,0
Outbound Network Traffic,Network,Software Deployment Tools,Unknown,31,1,1,10,63,43,4,0,4.0,2.0,2.0,2,0.0,0.0,0.0,0.0,0.0,0.0,2.0,0,0,0,0,0,0,1,0
Outbound Network Traffic,Network,SQL Stored Procedures,Unknown,31,1,1,10,63,43,4,0,4.0,2.0,2.0,2,0.0,0.0,0.0,0.0,0.0,0.0,2.0,0,0,0,0,0,0,1,0
Outbound Network Traffic,Network,Exfiltration Over Alternative Protocol,Unknown,31,1,1,10,63,43,1,1,4.0,2.0,2.0,2,0.0,0.0,0.0,0.0,0.0,0.0,2.0,0,0,0,0,0,0,1,0
Outbound Network Traffic,Network,Credential API Hooking,Unknown,31,1,1,10,63,43,2,0,4.0,2.0,2.0,2,0.0,0.0,0.0,0.0,0.0,0.0,2.0,0,0,0,0,0,0,1,0
Outbound Network Traffic,Network,Password Cracking,Unknown,31,1,1,10,63,43,2,0,4.0,2.0,2.0,2,0.0,0.0,0.0,0.0,0.0,0.0,2.0,0,0,0,0,0,0,1,0
Partition Table,System,Executable Installer File Permissions Weakness,Unknown,2,1,0,0,4,3,2,2,0.0,0.0,0.0,0,0.0,0.0,0.0,0.0,0.0,0.0,0.0,0,0,0,0,0,0,0,0
Partition Table,System,Hidden Users,Unknown,2,1,0,0,4,3,2,0,0.0,0.0,0.0,0,0.0,0.0,0.0,0.0,0.0,0.0,0.0,0,0,0,0,0,0,0,0
Partition Table,System,Data Encoding,Unknown,2,1,0,0,4,3,3,0,0.0,0.0,0.0,0,0.0,0.0,0.0,0.0,0.0,0.0,0.0,0,0,0,0,0,0,0,0
Partition Table,System,Component Firmware,Unknown,2,1,0,0,4,3,2,2,0.0,0.0,0.0,0,0.0,0.0,0.0,0.0,0.0,0.0,0.0,0,0,0,0,0,0,0,0
Password,File,Asynchronous Procedure Call,Unknown,3,5,0,0,6,8,2,0,5.5,2.0,3.5,2,3.5,0.0,0.0,0.0,0.0,0.0,0.0,0,0,0,1,0,0,0,0
Password,File,Logon Script (Windows),Unknown,3,5,0,0,6,8,2,2,5.5,2.0,3.5,2,3.5,0.0,0.0,0.0,0.0,0.0,0.0,0,0,0,1,0,0,0,0
Password,File,Run Virtual Instance,Unknown,3,5,0,0,6,8,6,1,5.5,2.0,3.5,2,3.5,0.0,0.0,0.0,0.0,0.0,0.0,0,0,0,1,0,0,0,0
Password,File,Archive via Library,Unknown,3,5,0,0,6,8,1,1,5.5,2.0,3.5,2,3.5,0.0,0.0,0.0,0.0,0.0,0.0,0,0,0,1,0,0,0,0
Password,File,Web Shell,Unknown,3,5,0,0,6,8,5,2,5.5,2.0,3.5,2,3.5,0.0,0.0,0.0,0.0,0.0,0.0,0,0,0,1,0,0,0,0
Password,File,Outlook Rules,Unknown,3,5,0,0,6,8,1,0,5.5,2.0,3.5,2,3.5,0.0,0.0,0.0,0.0,0.0,0.0,0,0,0,1,0,0,0,0
Process,Process,DLL,Unknown,13,11,5,7,31,36,1,0,3.0,1.0,3.0,1,0.0,0.0,0.0,0.0,3.0,0.0,0.0,0,0,0,0,1,0,0,0
Process,Process,Communication Through Removable Media,Unknown,13,11,5,7,31,36,2,0,3.0,1.0,3.0,1,0.0,0.0,0.0,0.0,3.0,0.0,0.0,0,0,0,0,1,0,0,0
Process,Process,Local Data Staging,Unknown,13,11,5,7,31,36,3,1,3.0,1.0,3.0,1,0.0,0.0,0.0,0.0,3.0,0.0,0.0,0,0,0,0,1,0,0,0
Process,Process,Multi-Stage Channels,Unknown,13,11,5,7,31,36,3,0,3.0,1.0,3.0,1,0.0,0.0,0.0,0.0,3.0,0.0,0.0,0,0,0,0,1,0,0,0
Process,Process,Remote Desktop Protocol,Lateral Movement,13,11,5,7,31,36,2,0,3.0,1.0,3.0,1,0.0,0.0,0.0,0.0,3.0,0.0,0.0,0,0,0,0,1,0,0,0
Process,Process,Remote Desktop Protocol,Lateral Movement,13,11,5,7,31,36,2,0,3.0,1.0,3.0,1,0.0,0.0,0.0,0.0,3.0,0.0,0.0,0,0,0,0,1,0,0,0
Process,Process,Dylib Hijacking,Lateral Movement,13,11,5,7,31,36,2,0,3.0,1.0,3.0,1,0.0,0.0,0.0,0.0,3.0,0.0,0.0,0,0,0,0,1,0,0,0
Process,Process,Exfiltration Over Other Network Medium,Unknown,13,11,5,7,31,36,1,0,3.0,1.0,3.0,1,0.0,0.0,0.0,0.0,3.0,0.0,0.0,0,0,0,0,1,0,0,0
Process,Process,Trusted Relationship,Defense Evasion,13,11,5,7,31,36,3,0,3.0,1.0,3.0,1,0.0,0.0,0.0,0.0,3.0,0.0,0.0,0,0,0,0,1,0,0,0
Process,Process,Trusted Relationship,Defense Evasion,13,11,5,7,31,36,3,0,3.0,1.0,3.0,1,0.0,0.0,0.0,0.0,3.0,0.0,0.0,0,0,0,0,1,0,0,0
Process,Process,Path Interception by Search Order Hijacking,Lateral Movement,13,11,5,7,31,36,2,0,3.0,1.0,3.0,1,0.0,0.0,0.0,0.0,3.0,0.0,0.0,0,0,0,0,1,0,0,0
Process,Process,Time Providers,Unknown,13,11,5,7,31,36,2,0,3.0,1.0,3.0,1,0.0,0.0,0.0,0.0,3.0,0.0,0.0,0,0,0,0,1,0,0,0
Process,Process,Symmetric Cryptography,Unknown,13,11,5,7,31,36,3,0,3.0,1.0,3.0,1,0.0,0.0,0.0,0.0,3.0,0.0,0.0,0,0,0,0,1,0,0,0
Process,Process,Kernel Modules and Extensions,Unknown,13,11,5,7,31,36,1,0,3.0,1.0,3.0,1,0.0,0.0,0.0,0.0,3.0,0.0,0.0,0,0,0,0,1,0,0,0
Process,Process,Domain Accounts,Unknown,13,11,5,7,31,36,2,0,3.0,1.0,3.0,1,0.0,0.0,0.0,0.0,3.0,0.0,0.0,0,0,0,0,1,0,0,0
Process,Process,Image File Execution Options Injection,Unknown,13,11,5,7,31,36,2,0,3.0,1.0,3.0,1,0.0,0.0,0.0,0.0,3.0,0.0,0.0,0,0,0,0,1,0,0,0
Process,Process,Space after Filename,Unknown,13,11,5,7,31,36,1,0,3.0,1.0,3.0,1,0.0,0.0,0.0,0.0,3.0,0.0,0.0,0,0,0,0,1,0,0,0
Process,Process,Network Sniffing,Unknown,13,11,5,7,31,36,1,0,3.0,1.0,3.0,1,0.0,0.0,0.0,0.0,3.0,0.0,0.0,0,0,0,0,1,0,0,0
Process,Process,Create Process with Token,Privilege Escalation,13,11,5,7,31,36,4,0,3.0,1.0,3.0,1,0.0,0.0,0.0,0.0,3.0,0.0,0.0,0,0,0,0,1,0,0,0
Process,Process,Create Process with Token,Privilege Escalation,13,11,5,7,31,36,4,0,3.0,1.0,3.0,1,0.0,0.0,0.0,0.0,3.0,0.0,0.0,0,0,0,0,1,0,0,0
Process,Process,Create Process with Token,Credential Access,13,11,5,7,31,36,4,0,3.0,1.0,3.0,1,0.0,0.0,0.0,0.0,3.0,0.0,0.0,0,0,0,0,1,0,0,0
Process,Process,Create Process with Token,Credential Access,13,11,5,7,31,36,4,0,3.0,1.0,3.0,1,0.0,0.0,0.0,0.0,3.0,0.0,0.0,0,0,0,0,1,0,0,0
Process,Process,Services Registry Permissions Weakness,Unknown,13,11,5,7,31,36,3,0,3.0,1.0,3.0,1,0.0,0.0,0.0,0.0,3.0,0.0,0.0,0,0,0,0,1,0,0,0
Process,Process,Cloud Account,Unknown,13,11,5,7,31,36,2,0,3.0,1.0,3.0,1,0.0,0.0,0.0,0.0,3.0,0.0,0.0,0,0,0,0,1,0,0,0
Process,Process,Data Transfer Size Limits,Unknown,13,11,5,7,31,36,1,0,3.0,1.0,3.0,1,0.0,0.0,0.0,0.0,3.0,0.0,0.0,0,0,0,0,1,0,0,0
Process,Process,External Proxy,Unknown,13,11,5,7,31,36,3,0,3.0,1.0,3.0,1,0.0,0.0,0.0,0.0,3.0,0.0,0.0,0,0,0,0,1,0,0,0
Process,Process,RC Scripts,Unknown,13,11,5,7,31,36,4,0,3.0,1.0,3.0,1,0.0,0.0,0.0,0.0,3.0,0.0,0.0,0,0,0,0,1,0,0,0
Process,Process,Web Service,Unknown,13,11,5,7,31,36,3,0,3.0,1.0,3.0,1,0.0,0.0,0.0,0.0,3.0,0.0,0.0,0,0,0,0,1,0,0,0
Process,Process,Query Registry,Unknown,13,11,5,7,31,36,3,1,3.0,1.0,3.0,1,0.0,0.0,0.0,0.0,3.0,0.0,0.0,0,0,0,0,1,0,0,0
Process,Process,Additional Email Delegate Permissions,Unknown,13,11,5,7,31,36,2,0,3.0,1.0,3.0,1,0.0,0.0,0.0,0.0,3.0,0.0,0.0,0,0,0,0,1,0,0,0
Process,Process,Internal Proxy,Unknown,13,11,5,7,31,36,2,0,3.0,1.0,3.0,1,0.0,0.0,0.0,0.0,3.0,0.0,0.0,0,0,0,0,1,0,0,0
Process Code Segment,Process,Time Providers,Unknown,7,2,0,7,14,16,2,0,3.0,1.0,3.0,1,0.0,0.0,0.0,0.0,3.0,0.0,0.0,0,0,0,0,1,0,0,0
Process Code Segment,Process,Credentials in Registry,Unknown,7,2,0,7,14,16,2,0,3.0,1.0,3.0,1,0.0,0.0,0.0,0.0,3.0,0.0,0.0,0,0,0,0,1,0,0,0
Process Code Segment,Process,Scheduled Transfer,Unknown,7,2,0,7,14,16,1,0,3.0,1.0,3.0,1,0.0,0.0,0.0,0.0,3.0,0.0,0.0,0,0,0,0,1,0,0,0
Process Code Segment,Process,Path Interception by Unquoted Path,Unknown,7,2,0,7,14,16,2,0,3.0,1.0,3.0,1,0.0,0.0,0.0,0.0,3.0,0.0,0.0,0,0,0,0,1,0,0,0
Process Code Segment,Process,Kerberoasting,Unknown,7,2,0,7,14,16,2,0,3.0,1.0,3.0,1,0.0,0.0,0.0,0.0,3.0,0.0,0.0,0,0,0,0,1,0,0,0
Process Code Segment,Process,Proc Filesystem,Unknown,7,2,0,7,14,16,2,0,3.0,1.0,3.0,1,0.0,0.0,0.0,0.0,3.0,0.0,0.0,0,0,0,0,1,0,0,0
Process Code Segment,Process,Pluggable Authentication Modules,Unknown,7,2,0,7,14,16,2,0,3.0,1.0,3.0,1,0.0,0.0,0.0,0.0,3.0,0.0,0.0,0,0,0,0,1,0,0,0
Process Code Segment,Process,Confluence,Unknown,7,2,0,7,14,16,1,0,3.0,1.0,3.0,1,0.0,0.0,0.0,0.0,3.0,0.0,0.0,0,0,0,0,1,0,0,0
Process Code Segment,Process,Golden Ticket,Credential Access,7,2,0,7,14,16,2,0,3.0,1.0,3.0,1,0.0,0.0,0.0,0.0,3.0,0.0,0.0,0,0,0,0,1,0,0,0
Process Code Segment,Process,Golden Ticket,Credential Access,7,2,0,7,14,16,2,0,3.0,1.0,3.0,1,0.0,0.0,0.0,0.0,3.0,0.0,0.0,0,0,0,0,1,0,0,0
Process Code Segment,Process,Services Registry Permissions Weakness,Unknown,7,2,0,7,14,16,3,0,3.0,1.0,3.0,1,0.0,0.0,0.0,0.0,3.0,0.0,0.0,0,0,0,0,1,0,0,0
Process Code Segment,Process,Application Layer Protocol,Unknown,7,2,0,7,14,16,5,0,3.0,1.0,3.0,1,0.0,0.0,0.0,0.0,3.0,0.0,0.0,0,0,0,0,1,0,0,0
Process Code Segment,Process,Video Capture,Unknown,7,2,0,7,14,16,3,0,3.0,1.0,3.0,1,0.0,0.0,0.0,0.0,3.0,0.0,0.0,0,0,0,0,1,0,0,0
Process Code Segment,Process,Multi-hop Proxy,Unknown,7,2,0,7,14,16,3,0,3.0,1.0,3.0,1,0.0,0.0,0.0,0.0,3.0,0.0,0.0,0,0,0,0,1,0,0,0
Process Code Segment,Process,Fallback Channels,Unknown,7,2,0,7,14,16,3,0,3.0,1.0,3.0,1,0.0,0.0,0.0,0.0,3.0,0.0,0.0,0,0,0,0,1,0,0,0
Process Segment,Process,COR_PROFILER,Unknown,12,2,0,7,24,21,3,0,3.0,1.0,3.0,1,0.0,0.0,0.0,0.0,3.0,0.0,0.0,0,0,0,0,1,0,0,0
Process Segment,Process,Services Registry Permissions Weakness,Unknown,12,2,0,7,24,21,3,0,3.0,1.0,3.0,1,0.0,0.0,0.0,0.0,3.0,0.0,0.0,0,0,0,0,1,0,0,0
Process Segment,Process,Make and Impersonate Token,Defense Evasion,12,2,0,7,24,21,5,0,3.0,1.0,3.0,1,0.0,0.0,0.0,0.0,3.0,0.0,0.0,0,0,0,0,1,0,0,0
Process Segment,Process,Make and Impersonate Token,Credential Access,12,2,0,7,24,21,5,0,3.0,1.0,3.0,1,0.0,0.0,0.0,0.0,3.0,0.0,0.0,0,0,0,0,1,0,0,0
Process Segment,Process,Make and Impersonate Token,Credential Access,12,2,0,7,24,21,5,0,3.0,1.0,3.0,1,0.0,0.0,0.0,0.0,3.0,0.0,0.0,0,0,0,0,1,0,0,0
Process Segment,Process,Remote Service Session Hijacking,Lateral Movement,12,2,0,7,24,21,2,0,3.0,1.0,3.0,1,0.0,0.0,0.0,0.0,3.0,0.0,0.0,0,0,0,0,1,0,0,0
Process Segment,Process,Remote Service Session Hijacking,Lateral Movement,12,2,0,7,24,21,2,0,3.0,1.0,3.0,1,0.0,0.0,0.0,0.0,3.0,0.0,0.0,0,0,0,0,1,0,0,0
Process Segment,Process,Remote Service Session Hijacking,Lateral Movement,12,2,0,7,24,21,2,0,3.0,1.0,3.0,1,0.0,0.0,0.0,0.0,3.0,0.0,0.0,0,0,0,0,1,0,0,0
Process Segment,Process,Credential Stuffing,Unknown,12,2,0,7,24,21,5,0,3.0,1.0,3.0,1,0.0,0.0,0.0,0.0,3.0,0.0,0.0,0,0,0,0,1,0,0,0
Process Segment,Process,Data Transfer Size Limits,Unknown,12,2,0,7,24,21,1,0,3.0,1.0,3.0,1,0.0,0.0,0.0,0.0,3.0,0.0,0.0,0,0,0,0,1,0,0,0
Process Segment,Process,Automated Collection,Unknown,12,2,0,7,24,21,1,0,3.0,1.0,3.0,1,0.0,0.0,0.0,0.0,3.0,0.0,0.0,0,0,0,0,1,0,0,0
Process Segment,Process,Asymmetric Cryptography,Unknown,12,2,0,7,24,21,5,0,3.0,1.0,3.0,1,0.0,0.0,0.0,0.0,3.0,0.0,0.0,0,0,0,0,1,0,0,0
Process Segment,Process,Malicious File,Unknown,12,2,0,7,24,21,2,0,3.0,1.0,3.0,1,0.0,0.0,0.0,0.0,3.0,0.0,0.0,0,0,0,0,1,0,0,0
Process Segment,Process,Stored Data Manipulation,Unknown,12,2,0,7,24,21,1,0,3.0,1.0,3.0,1,0.0,0.0,0.0,0.0,3.0,0.0,0.0,0,0,0,0,1,0,0,0
Process Segment,Process,Component Firmware,Unknown,12,2,0,7,24,21,2,0,3.0,1.0,3.0,1,0.0,0.0,0.0,0.0,3.0,0.0,0.0,0,0,0,0,1,0,0,0
Process Segment,Process,Hardware Additions,Unknown,12,2,0,7,24,21,1,0,3.0,1.0,3.0,1,0.0,0.0,0.0,0.0,3.0,0.0,0.0,0,0,0,0,1,0,0,0
Process Segment,Process,Trusted Relationship,Defense Evasion,12,2,0,7,24,21,3,0,3.0,1.0,3.0,1,0.0,0.0,0.0,0.0,3.0,0.0,0.0,0,0,0,0,1,0,0,0
Process Segment,Process,Trusted Relationship,Defense Evasion,12,2,0,7,24,21,3,0,3.0,1.0,3.0,1,0.0,0.0,0.0,0.0,3.0,0.0,0.0,0,0,0,0,1,0,0,0
Process Segment,Process,Data Encoding,Unknown,12,2,0,7,24,21,3,0,3.0,1.0,3.0,1,0.0,0.0,0.0,0.0,3.0,0.0,0.0,0,0,0,0,1,0,0,0
Process Segment,Process,Query Registry,Unknown,12,2,0,7,24,21,3,1,3.0,1.0,3.0,1,0.0,0.0,0.0,0.0,3.0,0.0,0.0,0,0,0,0,1,0,0,0
Process Segment,Process,Security Software Discovery,Unknown,12,2,0,7,24,21,3,1,3.0,1.0,3.0,1,0.0,0.0,0.0,0.0,3.0,0.0,0.0,0,0,0,0,1,0,0,0
Process Segment,Process,Port Monitors,Unknown,12,2,0,7,24,21,2,0,3.0,1.0,3.0,1,0.0,0.0,0.0,0.0,3.0,0.0,0.0,0,0,0,0,1,0,0,0
Process Segment,Process,Unix Shell Configuration Modification,Unknown,12,2,0,7,24,21,2,0,3.0,1.0,3.0,1,0.0,0.0,0.0,0.0,3.0,0.0,0.0,0,0,0,0,1,0,0,0
Process Segment,Process,Resource Forking,Unknown,12,2,0,7,24,21,2,0,3.0,1.0,3.0,1,0.0,0.0,0.0,0.0,3.0,0.0,0.0,0,0,0,0,1,0,0,0
Process Segment,Process,Disable or Modify System Firewall,Unknown,12,2,0,7,24,21,1,0,3.0,1.0,3.0,1,0.0,0.0,0.0,0.0,3.0,0.0,0.0,0,0,0,0,1,0,0,0
Process Segment,Process,Rename Legitimate Utilities,Unknown,12,2,0,7,24,21,4,0,3.0,1.0,3.0,1,0.0,0.0,0.0,0.0,3.0,0.0,0.0,0,0,0,0,1,0,0,0
Process Segment,Process,Component Object Model Hijacking,Lateral Movement,12,2,0,7,24,21,4,0,3.0,1.0,3.0,1,0.0,0.0,0.0,0.0,3.0,0.0,0.0,0,0,0,0,1,0,0,0
Process Segment,Process,Steal Web Session Cookie,Credential Access,12,2,0,7,24,21,1,0,3.0,1.0,3.0,1,0.0,0.0,0.0,0.0,3.0,0.0,0.0,0,0,0,0,1,0,0,0
Process Segment,Process,Steal Web Session Cookie,Credential Access,12,2,0,7,24,21,1,0,3.0,1.0,3.0,1,0.0,0.0,0.0,0.0,3.0,0.0,0.0,0,0,0,0,1,0,0,0
Process Segment,Process,Steal Web Session Cookie,Credential Access,12,2,0,7,24,21,1,0,3.0,1.0,3.0,1,0.0,0.0,0.0,0.0,3.0,0.0,0.0,0,0,0,0,1,0,0,0
Process Segment,Process,Remote Email Collection,Unknown,12,2,0,7,24,21,3,0,3.0,1.0,3.0,1,0.0,0.0,0.0,0.0,3.0,0.0,0.0,0,0,0,0,1,0,0,0
RPC Network Traffic,Network,LC_LOAD_DYLIB Addition,Unknown,1,1,0,10,2,12,2,0,4.0,2.0,2.0,2,0.0,0.0,0.0,0.0,0.0,0.0,2.0,0,0,0,0,0,0,1,0
RPC Network Traffic,Network,Archive via Custom Method,Unknown,1,1,0,10,2,12,1,0,4.0,2.0,2.0,2,0.0,0.0,0.0,0.0,0.0,0.0,2.0,0,0,0,0,0,0,1,0
Removable Media Device,System,Path Interception by PATH Environment Variable,Unknown,4,1,0,9,8,14,2,0,0.0,0.0,0.0,0,0.0,0.0,0.0,0.0,0.0,0.0,0.0,0,0,0,0,0,0,0,0
Removable Media Device,System,Exploitation for Privilege Escalation,Unknown,4,1,0,9,8,14,3,0,0.0,0.0,0.0,0,0.0,0.0,0.0,0.0,0.0,0.0,0.0,0,0,0,0,0,0,0,0
Removable Media Device,System,SID-History Injection,Unknown,4,1,0,9,8,14,2,0,0.0,0.0,0.0,0,0.0,0.0,0.0,0.0,0.0,0.0,0.0,0,0,0,0,0,0,0,0
Removable Media Device,System,File and Directory Permissions Modification,Unknown,4,1,0,9,8,14,2,0,0.0,0.0,0.0,0,0.0,0.0,0.0,0.0,0.0,0.0,0.0,0,0,0,0,0,0,0,0
Removable Media Device,System,Password Cracking,Unknown,4,1,0,9,8,14,2,0,0.0,0.0,0.0,0,0.0,0.0,0.0,0.0,0.0,0.0,0.0,0,0,0,0,0,0,0,0
Removable Media Device,System,Compromise Hardware Supply Chain,Unknown,4,1,0,9,8,14,1,1,0.0,0.0,0.0,0,0.0,0.0,0.0,0.0,0.0,0.0,0.0,0,0,0,0,0,0,0,0
Removable Media Device,System,Password Spraying,Unknown,4,1,0,9,8,14,7,0,0.0,0.0,0.0,0,0.0,0.0,0.0,0.0,0.0,0.0,0.0,0,0,0,0,0,0,0,0
Removable Media Device,System,Token Impersonation/Theft,Credential Access,4,1,0,9,8,14,2,0,0.0,0.0,0.0,0,0.0,0.0,0.0,0.0,0.0,0.0,0.0,0,0,0,0,0,0,0,0
Removable Media Device,System,Token Impersonation/Theft,Credential Access,4,1,0,9,8,14,2,0,0.0,0.0,0.0,0,0.0,0.0,0.0,0.0,0.0,0.0,0.0,0,0,0,0,0,0,0,0
Secondary Storage,System,Outlook Forms,Unknown,1,3,0,9,2,13,2,0,0.0,0.0,0.0,0,0.0,0.0,0.0,0.0,0.0,0.0,0.0,0,0,0,0,0,0,0,0
Secondary Storage,System,CMSTP,Unknown,1,3,0,9,2,13,3,0,0.0,0.0,0.0,0,0.0,0.0,0.0,0.0,0.0,0.0,0.0,0,0,0,0,0,0,0,0
Service Application,System,Process Hollowing,Unknown,6,1,1,9,13,17,2,0,2.5,1.0,2.5,1,0.0,0.0,0.0,0.0,2.5,0.0,0.0,0,0,0,0,1,0,0,0
Service Application,System,Keylogging,Unknown,6,1,1,9,13,17,2,2,2.5,1.0,2.5,1,0.0,0.0,0.0,0.0,2.5,0.0,0.0,0,0,0,0,1,0,0,0
Service Application,System,Emond,Unknown,6,1,1,9,13,17,3,0,2.5,1.0,2.5,1,0.0,0.0,0.0,0.0,2.5,0.0,0.0,0,0,0,0,1,0,0,0
Service Application,System,Credentials from Password Stores,Unknown,6,1,1,9,13,17,2,0,2.5,1.0,2.5,1,0.0,0.0,0.0,0.0,2.5,0.0,0.0,0,0,0,0,1,0,0,0
Service Application,System,SSH Hijacking,Lateral Movement,6,1,1,9,13,17,1,0,2.5,1.0,2.5,1,0.0,0.0,0.0,0.0,2.5,0.0,0.0,0,0,0,0,1,0,0,0
Service Application,System,SSH Hijacking,Lateral Movement,6,1,1,9,13,17,1,0,2.5,1.0,2.5,1,0.0,0.0,0.0,0.0,2.5,0.0,0.0,0,0,0,0,1,0,0,0
Service Application,System,SSH Hijacking,Lateral Movement,6,1,1,9,13,17,1,0,2.5,1.0,2.5,1,0.0,0.0,0.0,0.0,2.5,0.0,0.0,0,0,0,0,1,0,0,0
Service Application,System,Communication Through Removable Media,Unknown,6,1,1,9,13,17,2,2,2.5,1.0,2.5,1,0.0,0.0,0.0,0.0,2.5,0.0,0.0,0,0,0,0,1,0,0,0
Service Application,System,Exfiltration to Code Repository,Unknown,6,1,1,9,13,17,3,0,2.5,1.0,2.5,1,0.0,0.0,0.0,0.0,2.5,0.0,0.0,0,0,0,0,1,0,0,0
Service Application,System,AppInit DLLs,Unknown,6,1,1,9,13,17,5,0,2.5,1.0,2.5,1,0.0,0.0,0.0,0.0,2.5,0.0,0.0,0,0,0,0,1,0,0,0
Service Application,System,BITS Jobs,Unknown,6,1,1,9,13,17,5,0,2.5,1.0,2.5,1,0.0,0.0,0.0,0.0,2.5,0.0,0.0,0,0,0,0,1,0,0,0
Service Application,System,Multi-Stage Channels,Unknown,6,1,1,9,13,17,3,0,2.5,1.0,2.5,1,0.0,0.0,0.0,0.0,2.5,0.0,0.0,0,0,0,0,1,0,0,0
Service Application,System,Group Policy Discovery,Unknown,6,1,1,9,13,17,2,0,2.5,1.0,2.5,1,0.0,0.0,0.0,0.0,2.5,0.0,0.0,0,0,0,0,1,0,0,0
Service Application,System,Credentials in Registry,Unknown,6,1,1,9,13,17,2,0,2.5,1.0,2.5,1,0.0,0.0,0.0,0.0,2.5,0.0,0.0,0,0,0,0,1,0,0,0
Service Application Process,System,Web Protocols,Unknown,7,1,0,0,14,8,5,0,5.5,2.0,3.0,1,0.0,0.0,0.0,0.0,5.5,0.0,0.0,0,0,0,0,1,0,0,0
Service Application Process,System,Exfiltration Over Unencrypted Non-C2 Protocol,Unknown,7,1,0,0,14,8,3,0,5.5,2.0,3.0,1,0.0,0.0,0.0,0.0,5.5,0.0,0.0,0,0,0,0,1,0,0,0
Service Application Process,System,Clear Command History,Unknown,7,1,0,0,14,8,2,0,5.5,2.0,3.0,1,0.0,0.0,0.0,0.0,5.5,0.0,0.0,0,0,0,0,1,0,0,0
Service Application Process,System,Unsecured Credentials,Unknown,7,1,0,0,14,8,1,0,5.5,2.0,3.0,1,0.0,0.0,0.0,0.0,5.5,0.0,0.0,0,0,0,0,1,0,0,0
Service Application Process,System,Exfiltration Over Web Service,Unknown,7,1,0,0,14,8,3,0,5.5,2.0,3.0,1,0.0,0.0,0.0,0.0,5.5,0.0,0.0,0,0,0,0,1,0,0,0
Service Application Process,System,Exploit Public-Facing Application,Unknown,7,1,0,0,14,8,5,0,5.5,2.0,3.0,1,0.0,0.0,0.0,0.0,5.5,0.0,0.0,0,0,0,0,1,0,0,0
Service Application Process,System,File Deletion,Unknown,7,1,0,0,14,8,2,0,5.5,2.0,3.0,1,0.0,0.0,0.0,0.0,5.5,0.0,0.0,0,0,0,0,1,0,0,0
Service Application Process,System,Multi-Factor Authentication Interception,Unknown,7,1,0,0,14,8,1,1,5.5,2.0,3.0,1,0.0,0.0,0.0,0.0,5.5,0.0,0.0,0,0,0,0,1,0,0,0
Service Application Process,System,Data from Removable Media,Unknown,7,1,0,0,14,8,2,2,5.5,2.0,3.0,1,0.0,0.0,0.0,0.0,5.5,0.0,0.0,0,0,0,0,1,0,0,0
Service Application Process,System,Accessibility Features,Unknown,7,1,0,0,14,8,7,0,5.5,2.0,3.0,1,0.0,0.0,0.0,0.0,5.5,0.0,0.0,0,0,0,0,1,0,0,0
Service Application Process,System,Keychain,Unknown,7,1,0,0,14,8,2,0,5.5,2.0,3.0,1,0.0,0.0,0.0,0.0,5.5,0.0,0.0,0,0,0,0,1,0,0,0
Service Application Process,System,Data from Network Shared Drive,Unknown,7,1,0,0,14,8,1,1,5.5,2.0,3.0,1,0.0,0.0,0.0,0.0,5.5,0.0,0.0,0,0,0,0,1,0,0,0
Service Application Process,System,DHCP Spoofing,Unknown,7,1,0,0,14,8,1,0,5.5,2.0,3.0,1,0.0,0.0,0.0,0.0,5.5,0.0,0.0,0,0,0,0,1,0,0,0
Service Application Process,System,Time Providers,Unknown,7,1,0,0,14,8,2,0,5.5,2.0,3.0,1,0.0,0.0,0.0,0.0,5.5,0.0,0.0,0,0,0,0,1,0,0,0
Session,Identity,Hidden File System,Unknown,8,1,1,6,17,16,3,0,5.5,2.0,3.5,2,3.5,0.0,0.0,0.0,0.0,0.0,0.0,0,0,0,1,0,0,0,0
Session,Identity,Drive-by Compromise,Unknown,8,1,1,6,17,16,6,1,5.5,2.0,3.5,2,3.5,0.0,0.0,0.0,0.0,0.0,0.0,0,0,0,1,0,0,0,0
Session,Identity,Control Panel,Unknown,8,1,1,6,17,16,4,0,5.5,2.0,3.5,2,3.5,0.0,0.0,0.0,0.0,0.0,0.0,0,0,0,1,0,0,0,0
Session,Identity,Application Shimming,Unknown,8,1,1,6,17,16,2,0,5.5,2.0,3.5,2,3.5,0.0,0.0,0.0,0.0,0.0,0.0,0,0,0,1,0,0,0,0
Session,Identity,DLL,Unknown,8,1,1,6,17,16,1,0,5.5,2.0,3.5,2,3.5,0.0,0.0,0.0,0.0,0.0,0.0,0,0,0,1,0,0,0,0
Session,Identity,Additional Email Delegate Permissions,Unknown,8,1,1,6,17,16,2,2,5.5,2.0,3.5,2,3.5,0.0,0.0,0.0,0.0,0.0,0.0,0,0,0,1,0,0,0,0
Session,Identity,Outlook Home Page,Unknown,8,1,1,6,17,16,1,0,5.5,2.0,3.5,2,3.5,0.0,0.0,0.0,0.0,0.0,0.0,0,0,0,1,0,0,0,0
Session,Identity,File and Directory Discovery,Unknown,8,1,1,6,17,16,2,0,5.5,2.0,3.5,2,3.5,0.0,0.0,0.0,0.0,0.0,0.0,0,0,0,1,0,0,0,0
Session,Identity,Mavinject,Unknown,8,1,1,6,17,16,2,0,5.5,2.0,3.5,2,3.5,0.0,0.0,0.0,0.0,0.0,0.0,0,0,0,1,0,0,0,0
Session,Identity,Adversary-in-the-Middle,Unknown,8,1,1,6,17,16,1,0,5.5,2.0,3.5,2,3.5,0.0,0.0,0.0,0.0,0.0,0.0,0,0,0,1,0,0,0,0
Session,Identity,Ingress Tool Transfer,Unknown,8,1,1,6,17,16,3,0,5.5,2.0,3.5,2,3.5,0.0,0.0,0.0,0.0,0.0,0.0,0,0,0,1,0,0,0,0
Session,Identity,Bash History,Unknown,8,1,1,6,17,16,1,0,5.5,2.0,3.5,2,3.5,0.0,0.0,0.0,0.0,0.0,0.0,0,0,0,1,0,0,0,0
Session,Identity,Credentials in Registry,Unknown,8,1,1,6,17,16,2,0,5.5,2.0,3.5,2,3.5,0.0,0.0,0.0,0.0,0.0,0.0,0,0,0,1,0,0,0,0
Session,Identity,Remote Email Collection,Unknown,8,1,1,6,17,16,3,0,5.5,2.0,3.5,2,3.5,0.0,0.0,0.0,0.0,0.0,0.0,0,0,0,1,0,0,0,0
Session,Identity,TFTP Boot,Unknown,8,1,1,6,17,16,1,0,5.5,2.0,3.5,2,3.5,0.0,0.0,0.0,0.0,0.0,0.0,0,0,0,1,0,0,0,0
Session,Identity,Create Process with Token,Privilege Escalation,8,1,1,6,17,16,4,2,5.5,2.0,3.5,2,3.5,0.0,0.0,0.0,0.0,0.0,0.0,0,0,0,1,0,0,0,0
Session,Identity,Create Process with Token,Privilege Escalation,8,1,1,6,17,16,4,2,5.5,2.0,3.5,2,3.5,0.0,0.0,0.0,0.0,0.0,0.0,0,0,0,1,0,0,0,0
Session,Identity,Create Process with Token,Credential Access,8,1,1,6,17,16,4,2,5.5,2.0,3.5,2,3.5,0.0,0.0,0.0,0.0,0.0,0.0,0,0,0,1,0,0,0,0
Session,Identity,Create Process with Token,Credential Access,8,1,1,6,17,16,4,2,5.5,2.0,3.5,2,3.5,0.0,0.0,0.0,0.0,0.0,0.0,0,0,0,1,0,0,0,0
Software,System,Clear Command History,Unknown,23,4,1,9,47,37,2,0,0.0,0.0,0.0,0,0.0,0.0,0.0,0.0,0.0,0.0,0.0,0,0,0,0,0,0,0,0
Software,System,Stored Data Manipulation,Unknown,23,4,1,9,47,37,1,0,0.0,0.0,0.0,0,0.0,0.0,0.0,0.0,0.0,0.0,0.0,0,0,0,0,0,0,0,0
Software,System,Service Exhaustion Flood,Unknown,23,4,1,9,47,37,3,0,0.0,0.0,0.0,0,0.0,0.0,0.0,0.0,0.0,0.0,0.0,0,0,0,0,0,0,0,0
Software,System,Port Monitors,Unknown,23,4,1,9,47,37,2,0,0.0,0.0,0.0,0,0.0,0.0,0.0,0.0,0.0,0.0,0.0,0,0,0,0,0,0,0,0
Software,System,Transmitted Data Manipulation,Unknown,23,4,1,9,47,37,1,0,0.0,0.0,0.0,0,0.0,0.0,0.0,0.0,0.0,0.0,0.0,0,0,0,0,0,0,0,0
Software,System,Credentials from Password Stores,Unknown,23,4,1,9,47,37,2,0,0.0,0.0,0.0,0,0.0,0.0,0.0,0.0,0.0,0.0,0.0,0,0,0,0,0,0,0,0
Software,System,Setuid and Setgid,Unknown,23,4,1,9,47,37,2,0,0.0,0.0,0.0,0,0.0,0.0,0.0,0.0,0.0,0.0,0.0,0,0,0,0,0,0,0,0
Software,System,Thread Execution Hijacking,Lateral Movement,23,4,1,9,47,37,3,0,0.0,0.0,0.0,0,0.0,0.0,0.0,0.0,0.0,0.0,0.0,0,0,0,0,0,0,0,0
Software,System,File and Directory Discovery,Unknown,23,4,1,9,47,37,2,0,0.0,0.0,0.0,0,0.0,0.0,0.0,0.0,0.0,0.0,0.0,0,0,0,0,0,0,0,0
Software,System,Automated Exfiltration,Unknown,23,4,1,9,47,37,1,0,0.0,0.0,0.0,0,0.0,0.0,0.0,0.0,0.0,0.0,0.0,0,0,0,0,0,0,0,0
Software,System,Unix Shell Configuration Modification,Unknown,23,4,1,9,47,37,2,0,0.0,0.0,0.0,0,0.0,0.0,0.0,0.0,0.0,0.0,0.0,0,0,0,0,0,0,0,0
Software,System,Mavinject,Unknown,23,4,1,9,47,37,2,0,0.0,0.0,0.0,0,0.0,0.0,0.0,0.0,0.0,0.0,0.0,0,0,0,0,0,0,0,0
Software,System,Software Packing,Unknown,23,4,1,9,47,37,2,0,0.0,0.0,0.0,0,0.0,0.0,0.0,0.0,0.0,0.0,0.0,0,0,0,0,0,0,0,0
Software,System,Archive via Library,Unknown,23,4,1,9,47,37,1,0,0.0,0.0,0.0,0,0.0,0.0,0.0,0.0,0.0,0.0,0.0,0,0,0,0,0,0,0,0
Software,System,Change Default File Association,Unknown,23,4,1,9,47,37,2,0,0.0,0.0,0.0,0,0.0,0.0,0.0,0.0,0.0,0.0,0.0,0,0,0,0,0,0,0,0
Software,System,Symmetric Cryptography,Unknown,23,4,1,9,47,37,3,0,0.0,0.0,0.0,0,0.0,0.0,0.0,0.0,0.0,0.0,0.0,0,0,0,0,0,0,0,0
Software,System,Remote Email Collection,Unknown,23,4,1,9,47,37,3,3,0.0,0.0,0.0,0,0.0,0.0,0.0,0.0,0.0,0.0,0.0,0,0,0,0,0,0,0,0
Software,System,SSH Hijacking,Lateral Movement,23,4,1,9,47,37,1,0,0.0,0.0,0.0,0,0.0,0.0,0.0,0.0,0.0,0.0,0.0,0,0,0,0,0,0,0,0
Software,System,SSH Hijacking,Lateral Movement,23,4,1,9,47,37,1,0,0.0,0.0,0.0,0,0.0,0.0,0.0,0.0,0.0,0.0,0.0,0,0,0,0,0,0,0,0
Software,System,SSH Hijacking,Lateral Movement,23,4,1,9,47,37,1,0,0.0,0.0,0.0,0,0.0,0.0,0.0,0.0,0.0,0.0,0.0,0,0,0,0,0,0,0,0
Software,System,System Owner/User Discovery,Unknown,23,4,1,9,47,37,9,1,0.0,0.0,0.0,0,0.0,0.0,0.0,0.0,0.0,0.0,0.0,0,0,0,0,0,0,0,0
Software,System,Security Support Provider,Unknown,23,4,1,9,47,37,2,0,0.0,0.0,0.0,0,0.0,0.0,0.0,0.0,0.0,0.0,0.0,0,0,0,0,0,0,0,0
Software,System,Cloud Instance Metadata API,Unknown,23,4,1,9,47,37,1,0,0.0,0.0,0.0,0,0.0,0.0,0.0,0.0,0.0,0.0,0.0,0,0,0,0,0,0,0,0
Software,System,Code Repositories,Unknown,23,4,1,9,47,37,1,0,0.0,0.0,0.0,0,0.0,0.0,0.0,0.0,0.0,0.0,0.0,0,0,0,0,0,0,0,0
Software,System,Network Logon Script,Unknown,23,4,1,9,47,37,3,1,0.0,0.0,0.0,0,0.0,0.0,0.0,0.0,0.0,0.0,0.0,0,0,0,0,0,0,0,0
Software,System,Disk Content Wipe,Unknown,23,4,1,9,47,37,1,1,0.0,0.0,0.0,0,0.0,0.0,0.0,0.0,0.0,0.0,0.0,0,0,0,0,0,0,0,0
Software,System,Clear Linux or Mac System Logs,Unknown,23,4,1,9,47,37,2,0,0.0,0.0,0.0,0,0.0,0.0,0.0,0.0,0.0,0.0,0.0,0,0,0,0,0,0,0,0
Software,System,Data Obfuscation,Unknown,23,4,1,9,47,37,3,0,0.0,0.0,0.0,0,0.0,0.0,0.0,0.0,0.0,0.0,0.0,0,0,0,0,0,0,0,0
Software,System,Launch Daemon,Unknown,23,4,1,9,47,37,1,0,0.0,0.0,0.0,0,0.0,0.0,0.0,0.0,0.0,0.0,0.0,0,0,0,0,0,0,0,0
Software,System,Winlogon Helper DLL,Unknown,23,4,1,9,47,37,2,0,0.0,0.0,0.0,0,0.0,0.0,0.0,0.0,0.0,0.0,0.0,0,0,0,0,0,0,0,0
Software,System,Network Sniffing,Unknown,23,4,1,9,47,37,1,0,0.0,0.0,0.0,0,0.0,0.0,0.0,0.0,0.0,0.0,0.0,0,0,0,0,0,0,0,0
Software,System,Query Registry,Unknown,23,4,1,9,47,37,3,0,0.0,0.0,0.0,0,0.0,0.0,0.0,0.0,0.0,0.0,0.0,0,0,0,0,0,0,0,0
Software,System,Valid Accounts,Unknown,23,4,1,9,47,37,1,0,0.0,0.0,0.0,0,0.0,0.0,0.0,0.0,0.0,0.0,0.0,0,0,0,0,0,0,0,0
Software,System,Malicious File,Unknown,23,4,1,9,47,37,2,0,0.0,0.0,0.0,0,0.0,0.0,0.0,0.0,0.0,0.0,0.0,0,0,0,0,0,0,0,0
Software,System,Sharepoint,Unknown,23,4,1,9,47,37,1,1,0.0,0.0,0.0,0,0.0,0.0,0.0,0.0,0.0,0.0,0.0,0,0,0,0,0,0,0,0
Software,System,Thread Local Storage,Unknown,23,4,1,9,47,37,1,0,0.0,0.0,0.0,0,0.0,0.0,0.0,0.0,0.0,0.0,0.0,0,0,0,0,0,0,0,0
Software,System,Scheduled Task,Unknown,23,4,1,9,47,37,2,0,0.0,0.0,0.0,0,0.0,0.0,0.0,0.0,0.0,0.0,0.0,0,0,0,0,0,0,0,0
Software,System,Create Account,Unknown,23,4,1,9,47,37,1,0,0.0,0.0,0.0,0,0.0,0.0,0.0,0.0,0.0,0.0,0.0,0,0,0,0,0,0,0,0
Software,System,DCSync,Unknown,23,4,1,9,47,37,5,0,0.0,0.0,0.0,0,0.0,0.0,0.0,0.0,0.0,0.0,0.0,0,0,0,0,0,0,0,0
Software,System,Fallback Channels,Unknown,23,4,1,9,47,37,3,0,0.0,0.0,0.0,0,0.0,0.0,0.0,0.0,0.0,0.0,0.0,0,0,0,0,0,0,0,0
Software,System,Golden Ticket,Credential Access,23,4,1,9,47,37,2,0,0.0,0.0,0.0,0,0.0,0.0,0.0,0.0,0.0,0.0,0.0,0,0,0,0,0,0,0,0
Software,System,Golden Ticket,Credential Access,23,4,1,9,47,37,2,0,0.0,0.0,0.0,0,0.0,0.0,0.0,0.0,0.0,0.0,0.0,0,0,0,0,0,0,0,0
Software,System,Resource Forking,Unknown,23,4,1,9,47,37,2,0,0.0,0.0,0.0,0,0.0,0.0,0.0,0.0,0.0,0.0,0.0,0,0,0,0,0,0,0,0
Software,System,Outlook Rules,Unknown,23,4,1,9,47,37,1,0,0.0,0.0,0.0,0,0.0,0.0,0.0,0.0,0.0,0.0,0.0,0,0,0,0,0,0,0,0
Software,System,Remote Desktop Protocol,Lateral Movement,23,4,1,9,47,37,2,0,0.0,0.0,0.0,0,0.0,0.0,0.0,0.0,0.0,0.0,0.0,0,0,0,0,0,0,0,0
Software,System,Remote Desktop Protocol,Lateral Movement,23,4,1,9,47,37,2,0,0.0,0.0,0.0,0,0.0,0.0,0.0,0.0,0.0,0.0,0.0,0,0,0,0,0,0,0,0
Software,System,Rogue Domain Controller,Unknown,23,4,1,9,47,37,5,0,0.0,0.0,0.0,0,0.0,0.0,0.0,0.0,0.0,0.0,0.0,0,0,0,0,0,0,0,0
Software,System,Confluence,Unknown,23,4,1,9,47,37,1,1,0.0,0.0,0.0,0,0.0,0.0,0.0,0.0,0.0,0.0,0.0,0,0,0,0,0,0,0,0
Software,System,Multi-hop Proxy,Unknown,23,4,1,9,47,37,3,0,0.0,0.0,0.0,0,0.0,0.0,0.0,0.0,0.0,0.0,0.0,0,0,0,0,0,0,0,0
Software,System,Kerberoasting,Unknown,23,4,1,9,47,37,2,0,0.0,0.0,0.0,0,0.0,0.0,0.0,0.0,0.0,0.0,0.0,0,0,0,0,0,0,0,0
Stack Frame,Process,Pluggable Authentication Modules,Unknown,5,2,0,7,10,14,2,0,3.0,1.0,3.0,1,0.0,0.0,0.0,0.0,3.0,0.0,0.0,0,0,0,0,1,0,0,0
Stack Frame,Process,Direct Network Flood,Unknown,5,2,0,7,10,14,3,0,3.0,1.0,3.0,1,0.0,0.0,0.0,0.0,3.0,0.0,0.0,0,0,0,0,1,0,0,0
Stack Frame,Process,Services File Permissions Weakness,Unknown,5,2,0,7,10,14,2,0,3.0,1.0,3.0,1,0.0,0.0,0.0,0.0,3.0,0.0,0.0,0,0,0,0,1,0,0,0
Stack Frame,Process,Change Default File Association,Unknown,5,2,0,7,10,14,2,0,3.0,1.0,3.0,1,0.0,0.0,0.0,0.0,3.0,0.0,0.0,0,0,0,0,1,0,0,0
Stack Frame,Process,Communication Through Removable Media,Unknown,5,2,0,7,10,14,2,0,3.0,1.0,3.0,1,0.0,0.0,0.0,0.0,3.0,0.0,0.0,0,0,0,0,1,0,0,0
Stack Frame,Process,Cloud Storage Object Discovery,Unknown,5,2,0,7,10,14,3,0,3.0,1.0,3.0,1,0.0,0.0,0.0,0.0,3.0,0.0,0.0,0,0,0,0,1,0,0,0
Stack Frame,Process,Compile After Delivery,Unknown,5,2,0,7,10,14,2,0,3.0,1.0,3.0,1,0.0,0.0,0.0,0.0,3.0,0.0,0.0,0,0,0,0,1,0,0,0
Stack Frame,Process,Rogue Domain Controller,Unknown,5,2,0,7,10,14,5,0,3.0,1.0,3.0,1,0.0,0.0,0.0,0.0,3.0,0.0,0.0,0,0,0,0,1,0,0,0
Stack Frame,Process,Component Firmware,Unknown,5,2,0,7,10,14,2,0,3.0,1.0,3.0,1,0.0,0.0,0.0,0.0,3.0,0.0,0.0,0,0,0,0,1,0,0,0
Stack Frame,Process,Plist Modification,Unknown,5,2,0,7,10,14,1,0,3.0,1.0,3.0,1,0.0,0.0,0.0,0.0,3.0,0.0,0.0,0,0,0,0,1,0,0,0
Storage,System,DLL,Unknown,2,1,0,9,4,12,1,0,0.0,0.0,0.0,0,0.0,0.0,0.0,0.0,0.0,0.0,0.0,0,0,0,0,0,0,0,0
Storage,System,Trap,Unknown,2,1,0,9,4,12,6,0,0.0,0.0,0.0,0,0.0,0.0,0.0,0.0,0.0,0.0,0.0,0,0,0,0,0,0,0,0
Storage,System,Bypass User Account Control,Unknown,2,1,0,9,4,12,6,0,0.0,0.0,0.0,0,0.0,0.0,0.0,0.0,0.0,0.0,0.0,0,0,0,0,0,0,0,0
Storage,System,Windows Service,Unknown,2,1,0,9,4,12,2,0,0.0,0.0,0.0,0,0.0,0.0,0.0,0.0,0.0,0.0,0.0,0,0,0,0,0,0,0,0
Subroutine,Process,Unix Shell Configuration Modification,Unknown,1,5,0,7,2,13,2,0,3.0,1.0,3.0,1,0.0,0.0,0.0,0.0,3.0,0.0,0.0,0,0,0,0,1,0,0,0
Subroutine,Process,Modify Authentication Process,Unknown,1,5,0,7,2,13,2,1,3.0,1.0,3.0,1,0.0,0.0,0.0,0.0,3.0,0.0,0.0,0,0,0,0,1,0,0,0
System Call,Process,Data Obfuscation,Unknown,40,2,0,7,80,49,3,0,3.0,1.0,3.0,1,0.0,0.0,0.0,0.0,3.0,0.0,0.0,0,0,0,0,1,0,0,0
System Call,Process,SSH Hijacking,Lateral Movement,40,2,0,7,80,49,1,0,3.0,1.0,3.0,1,0.0,0.0,0.0,0.0,3.0,0.0,0.0,0,0,0,0,1,0,0,0
System Call,Process,SSH Hijacking,Lateral Movement,40,2,0,7,80,49,1,0,3.0,1.0,3.0,1,0.0,0.0,0.0,0.0,3.0,0.0,0.0,0,0,0,0,1,0,0,0
System Call,Process,SSH Hijacking,Lateral Movement,40,2,0,7,80,49,1,0,3.0,1.0,3.0,1,0.0,0.0,0.0,0.0,3.0,0.0,0.0,0,0,0,0,1,0,0,0
System Call,Process,Portable Executable Injection,Unknown,40,2,0,7,80,49,1,0,3.0,1.0,3.0,1,0.0,0.0,0.0,0.0,3.0,0.0,0.0,0,0,0,0,1,0,0,0
System Call,Process,Security Support Provider,Unknown,40,2,0,7,80,49,2,0,3.0,1.0,3.0,1,0.0,0.0,0.0,0.0,3.0,0.0,0.0,0,0,0,0,1,0,0,0
System Call,Process,COR_PROFILER,Unknown,40,2,0,7,80,49,3,0,3.0,1.0,3.0,1,0.0,0.0,0.0,0.0,3.0,0.0,0.0,0,0,0,0,1,0,0,0
System Call,Process,MSBuild,Unknown,40,2,0,7,80,49,2,0,3.0,1.0,3.0,1,0.0,0.0,0.0,0.0,3.0,0.0,0.0,0,0,0,0,1,0,0,0
System Call,Process,Netsh Helper DLL,Unknown,40,2,0,7,80,49,3,1,3.0,1.0,3.0,1,0.0,0.0,0.0,0.0,3.0,0.0,0.0,0,0,0,0,1,0,0,0
System Call,Process,Port Monitors,Unknown,40,2,0,7,80,49,2,0,3.0,1.0,3.0,1,0.0,0.0,0.0,0.0,3.0,0.0,0.0,0,0,0,0,1,0,0,0
System Call,Process,Credentials In Files,Unknown,40,2,0,7,80,49,1,0,3.0,1.0,3.0,1,0.0,0.0,0.0,0.0,3.0,0.0,0.0,0,0,0,0,1,0,0,0
System Call,Process,File Deletion,Unknown,40,2,0,7,80,49,2,0,3.0,1.0,3.0,1,0.0,0.0,0.0,0.0,3.0,0.0,0.0,0,0,0,0,1,0,0,0
System Call,Process,Command and Scripting Interpreter,Unknown,40,2,0,7,80,49,2,0,3.0,1.0,3.0,1,0.0,0.0,0.0,0.0,3.0,0.0,0.0,0,0,0,0,1,0,0,0
System Call,Process,Outlook Home Page,Unknown,40,2,0,7,80,49,1,0,3.0,1.0,3.0,1,0.0,0.0,0.0,0.0,3.0,0.0,0.0,0,0,0,0,1,0,0,0
System Call,Process,Implant Internal Image,Unknown,40,2,0,7,80,49,1,0,3.0,1.0,3.0,1,0.0,0.0,0.0,0.0,3.0,0.0,0.0,0,0,0,0,1,0,0,0
System Call,Process,DHCP Spoofing,Unknown,40,2,0,7,80,49,1,0,3.0,1.0,3.0,1,0.0,0.0,0.0,0.0,3.0,0.0,0.0,0,0,0,0,1,0,0,0
System Call,Process,Web Shell,Unknown,40,2,0,7,80,49,5,1,3.0,1.0,3.0,1,0.0,0.0,0.0,0.0,3.0,0.0,0.0,0,0,0,0,1,0,0,0
System Call,Process,Cached Domain Credentials,Unknown,40,2,0,7,80,49,2,0,3.0,1.0,3.0,1,0.0,0.0,0.0,0.0,3.0,0.0,0.0,0,0,0,0,1,0,0,0
System Call,Process,Exfiltration Over Asymmetric Encrypted Non-C2 Protocol,Unknown,40,2,0,7,80,49,5,0,3.0,1.0,3.0,1,0.0,0.0,0.0,0.0,3.0,0.0,0.0,0,0,0,0,1,0,0,0
System Call,Process,Trusted Relationship,Defense Evasion,40,2,0,7,80,49,3,0,3.0,1.0,3.0,1,0.0,0.0,0.0,0.0,3.0,0.0,0.0,0,0,0,0,1,0,0,0
System Call,Process,Trusted Relationship,Defense Evasion,40,2,0,7,80,49,3,0,3.0,1.0,3.0,1,0.0,0.0,0.0,0.0,3.0,0.0,0.0,0,0,0,0,1,0,0,0
System Call,Process,Local Accounts,Unknown,40,2,0,7,80,49,2,0,3.0,1.0,3.0,1,0.0,0.0,0.0,0.0,3.0,0.0,0.0,0,0,0,0,1,0,0,0
System Call,Process,Exfiltration Over Web Service,Unknown,40,2,0,7,80,49,3,0,3.0,1.0,3.0,1,0.0,0.0,0.0,0.0,3.0,0.0,0.0,0,0,0,0,1,0,0,0
System Call,Process,Clear Command History,Unknown,40,2,0,7,80,49,2,0,3.0,1.0,3.0,1,0.0,0.0,0.0,0.0,3.0,0.0,0.0,0,0,0,0,1,0,0,0
System Call,Process,Remote Data Staging,Unknown,40,2,0,7,80,49,1,0,3.0,1.0,3.0,1,0.0,0.0,0.0,0.0,3.0,0.0,0.0,0,0,0,0,1,0,0,0
System Call,Process,Disable or Modify Tools,Unknown,40,2,0,7,80,49,2,2,3.0,1.0,3.0,1,0.0,0.0,0.0,0.0,3.0,0.0,0.0,0,0,0,0,1,0,0,0
System Call,Process,MMC,Unknown,40,2,0,7,80,49,3,0,3.0,1.0,3.0,1,0.0,0.0,0.0,0.0,3.0,0.0,0.0,0,0,0,0,1,0,0,0
System Call,Process,Unix Shell Configuration Modification,Unknown,40,2,0,7,80,49,2,0,3.0,1.0,3.0,1,0.0,0.0,0.0,0.0,3.0,0.0,0.0,0,0,0,0,1,0,0,0
System Call,Process,Runtime Data Manipulation,Unknown,40,2,0,7,80,49,2,0,3.0,1.0,3.0,1,0.0,0.0,0.0,0.0,3.0,0.0,0.0,0,0,0,0,1,0,0,0
System Call,Process,File Transfer Protocols,Unknown,40,2,0,7,80,49,4,0,3.0,1.0,3.0,1,0.0,0.0,0.0,0.0,3.0,0.0,0.0,0,0,0,0,1,0,0,0
System Call,Process,Transmitted Data Manipulation,Unknown,40,2,0,7,80,49,1,0,3.0,1.0,3.0,1,0.0,0.0,0.0,0.0,3.0,0.0,0.0,0,0,0,0,1,0,0,0
System Call,Process,Local Email Collection,Unknown,40,2,0,7,80,49,3,0,3.0,1.0,3.0,1,0.0,0.0,0.0,0.0,3.0,0.0,0.0,0,0,0,0,1,0,0,0
System Call,Process,Remote Desktop Protocol,Lateral Movement,40,2,0,7,80,49,2,0,3.0,1.0,3.0,1,0.0,0.0,0.0,0.0,3.0,0.0,0.0,0,0,0,0,1,0,0,0
System Call,Process,Remote Desktop Protocol,Lateral Movement,40,2,0,7,80,49,2,0,3.0,1.0,3.0,1,0.0,0.0,0.0,0.0,3.0,0.0,0.0,0,0,0,0,1,0,0,0
System Call,Process,SSH,Lateral Movement,40,2,0,7,80,49,2,0,3.0,1.0,3.0,1,0.0,0.0,0.0,0.0,3.0,0.0,0.0,0,0,0,0,1,0,0,0
System Call,Process,SSH,Lateral Movement,40,2,0,7,80,49,2,0,3.0,1.0,3.0,1,0.0,0.0,0.0,0.0,3.0,0.0,0.0,0,0,0,0,1,0,0,0
System Call,Process,Web Protocols,Unknown,40,2,0,7,80,49,5,0,3.0,1.0,3.0,1,0.0,0.0,0.0,0.0,3.0,0.0,0.0,0,0,0,0,1,0,0,0
System Call,Process,Multi-hop Proxy,Unknown,40,2,0,7,80,49,3,0,3.0,1.0,3.0,1,0.0,0.0,0.0,0.0,3.0,0.0,0.0,0,0,0,0,1,0,0,0
System Call,Process,Password Guessing,Unknown,40,2,0,7,80,49,4,0,3.0,1.0,3.0,1,0.0,0.0,0.0,0.0,3.0,0.0,0.0,0,0,0,0,1,0,0,0
System Call,Process,Non-Standard Port,Unknown,40,2,0,7,80,49,3,0,3.0,1.0,3.0,1,0.0,0.0,0.0,0.0,3.0,0.0,0.0,0,0,0,0,1,0,0,0
System Call,Process,Traffic Signaling,Unknown,40,2,0,7,80,49,1,0,3.0,1.0,3.0,1,0.0,0.0,0.0,0.0,3.0,0.0,0.0,0,0,0,0,1,0,0,0
System Call,Process,Additional Cloud Roles,Unknown,40,2,0,7,80,49,2,0,3.0,1.0,3.0,1,0.0,0.0,0.0,0.0,3.0,0.0,0.0,0,0,0,0,1,0,0,0
System Call,Process,Multi-Factor Authentication Interception,Unknown,40,2,0,7,80,49,1,0,3.0,1.0,3.0,1,0.0,0.0,0.0,0.0,3.0,0.0,0.0,0,0,0,0,1,0,0,0
System Call,Process,Use Alternate Authentication Material,Unknown,40,2,0,7,80,49,2,1,3.0,1.0,3.0,1,0.0,0.0,0.0,0.0,3.0,0.0,0.0,0,0,0,0,1,0,0,0
System Call,Process,Scheduled Task,Unknown,40,2,0,7,80,49,2,2,3.0,1.0,3.0,1,0.0,0.0,0.0,0.0,3.0,0.0,0.0,0,0,0,0,1,0,0,0
System Call,Process,Plist Modification,Unknown,40,2,0,7,80,49,1,0,3.0,1.0,3.0,1,0.0,0.0,0.0,0.0,3.0,0.0,0.0,0,0,0,0,1,0,0,0
System Call,Process,Direct Network Flood,Unknown,40,2,0,7,80,49,3,0,3.0,1.0,3.0,1,0.0,0.0,0.0,0.0,3.0,0.0,0.0,0,0,0,0,1,0,0,0
System Call,Process,Additional Email Delegate Permissions,Unknown,40,2,0,7,80,49,2,0,3.0,1.0,3.0,1,0.0,0.0,0.0,0.0,3.0,0.0,0.0,0,0,0,0,1,0,0,0
System Call,Process,Compromise Software Dependencies and Development Tools,Unknown,40,2,0,7,80,49,1,0,3.0,1.0,3.0,1,0.0,0.0,0.0,0.0,3.0,0.0,0.0,0,0,0,0,1,0,0,0
System Call,Process,Disable Windows Event Logging,Unknown,40,2,0,7,80,49,2,0,3.0,1.0,3.0,1,0.0,0.0,0.0,0.0,3.0,0.0,0.0,0,0,0,0,1,0,0,0
System Call,Process,Port Knocking,Unknown,40,2,0,7,80,49,1,0,3.0,1.0,3.0,1,0.0,0.0,0.0,0.0,3.0,0.0,0.0,0,0,0,0,1,0,0,0
System Call,Process,Taint Shared Content,Unknown,40,2,0,7,80,49,1,0,3.0,1.0,3.0,1,0.0,0.0,0.0,0.0,3.0,0.0,0.0,0,0,0,0,1,0,0,0
System Call,Process,Drive-by Compromise,Unknown,40,2,0,7,80,49,6,1,3.0,1.0,3.0,1,0.0,0.0,0.0,0.0,3.0,0.0,0.0,0,0,0,0,1,0,0,0
System Call,Process,Encrypted Channel,Unknown,40,2,0,7,80,49,3,0,3.0,1.0,3.0,1,0.0,0.0,0.0,0.0,3.0,0.0,0.0,0,0,0,0,1,0,0,0
System Call,Process,Transport Agent,Unknown,40,2,0,7,80,49,5,1,3.0,1.0,3.0,1,0.0,0.0,0.0,0.0,3.0,0.0,0.0,0,0,0,0,1,0,0,0
System Call,Process,Accessibility Features,Unknown,40,2,0,7,80,49,7,0,3.0,1.0,3.0,1,0.0,0.0,0.0,0.0,3.0,0.0,0.0,0,0,0,0,1,0,0,0
System Call,Process,Setuid and Setgid,Unknown,40,2,0,7,80,49,2,0,3.0,1.0,3.0,1,0.0,0.0,0.0,0.0,3.0,0.0,0.0,0,0,0,0,1,0,0,0
System Call,Process,Cloud Service Discovery,Unknown,40,2,0,7,80,49,1,0,3.0,1.0,3.0,1,0.0,0.0,0.0,0.0,3.0,0.0,0.0,0,0,0,0,1,0,0,0
System Call,Process,Login Hook,Unknown,40,2,0,7,80,49,2,0,3.0,1.0,3.0,1,0.0,0.0,0.0,0.0,3.0,0.0,0.0,0,0,0,0,1,0,0,0
System Call,Process,Software Packing,Unknown,40,2,0,7,80,49,2,0,3.0,1.0,3.0,1,0.0,0.0,0.0,0.0,3.0,0.0,0.0,0,0,0,0,1,0,0,0
System Call,Process,Exploitation for Privilege Escalation,Unknown,40,2,0,7,80,49,3,3,3.0,1.0,3.0,1,0.0,0.0,0.0,0.0,3.0,0.0,0.0,0,0,0,0,1,0,0,0
System Call,Process,Audio Capture,Unknown,40,2,0,7,80,49,2,0,3.0,1.0,3.0,1,0.0,0.0,0.0,0.0,3.0,0.0,0.0,0,0,0,0,1,0,0,0
System Call,Process,Software Extensions,Unknown,40,2,0,7,80,49,1,0,3.0,1.0,3.0,1,0.0,0.0,0.0,0.0,3.0,0.0,0.0,0,0,0,0,1,0,0,0
System Call,Process,ROMMONkit,Unknown,40,2,0,7,80,49,3,0,3.0,1.0,3.0,1,0.0,0.0,0.0,0.0,3.0,0.0,0.0,0,0,0,0,1,0,0,0
System Call,Process,Network Sniffing,Unknown,40,2,0,7,80,49,1,0,3.0,1.0,3.0,1,0.0,0.0,0.0,0.0,3.0,0.0,0.0,0,0,0,0,1,0,0,0
System Call,Process,Sharepoint,Unknown,40,2,0,7,80,49,1,0,3.0,1.0,3.0,1,0.0,0.0,0.0,0.0,3.0,0.0,0.0,0,0,0,0,1,0,0,0
System Call,Process,Binary Padding,Unknown,40,2,0,7,80,49,2,0,3.0,1.0,3.0,1,0.0,0.0,0.0,0.0,3.0,0.0,0.0,0,0,0,0,1,0,0,0
System Call,Process,Reflection Amplification,Unknown,40,2,0,7,80,49,3,0,3.0,1.0,3.0,1,0.0,0.0,0.0,0.0,3.0,0.0,0.0,0,0,0,0,1,0,0,0
System Call,Process,LSASS Driver,Unknown,40,2,0,7,80,49,2,0,3.0,1.0,3.0,1,0.0,0.0,0.0,0.0,3.0,0.0,0.0,0,0,0,0,1,0,0,0
System Call,Process,Credentials in Registry,Unknown,40,2,0,7,80,49,2,0,3.0,1.0,3.0,1,0.0,0.0,0.0,0.0,3.0,0.0,0.0,0,0,0,0,1,0,0,0
System Call,Process,Exfiltration to Cloud Storage,Unknown,40,2,0,7,80,49,3,0,3.0,1.0,3.0,1,0.0,0.0,0.0,0.0,3.0,0.0,0.0,0,0,0,0,1,0,0,0
System Call,Process,Fallback Channels,Unknown,40,2,0,7,80,49,3,0,3.0,1.0,3.0,1,0.0,0.0,0.0,0.0,3.0,0.0,0.0,0,0,0,0,1,0,0,0
System Call,Process,Hardware Additions,Unknown,40,2,0,7,80,49,1,0,3.0,1.0,3.0,1,0.0,0.0,0.0,0.0,3.0,0.0,0.0,0,0,0,0,1,0,0,0
System Call,Process,Executable Installer File Permissions Weakness,Unknown,40,2,0,7,80,49,2,0,3.0,1.0,3.0,1,0.0,0.0,0.0,0.0,3.0,0.0,0.0,0,0,0,0,1,0,0,0
System Call,Process,Communication Through Removable Media,Unknown,40,2,0,7,80,49,2,0,3.0,1.0,3.0,1,0.0,0.0,0.0,0.0,3.0,0.0,0.0,0,0,0,0,1,0,0,0
System Call,Process,Token Impersonation/Theft,Credential Access,40,2,0,7,80,49,2,0,3.0,1.0,3.0,1,0.0,0.0,0.0,0.0,3.0,0.0,0.0,0,0,0,0,1,0,0,0
System Call,Process,Token Impersonation/Theft,Credential Access,40,2,0,7,80,49,2,0,3.0,1.0,3.0,1,0.0,0.0,0.0,0.0,3.0,0.0,0.0,0,0,0,0,1,0,0,0
System Call,Process,Securityd Memory,Unknown,40,2,0,7,80,49,1,0,3.0,1.0,3.0,1,0.0,0.0,0.0,0.0,3.0,0.0,0.0,0,0,0,0,1,0,0,0
System Call,Process,Proc Memory,Unknown,40,2,0,7,80,49,4,0,3.0,1.0,3.0,1,0.0,0.0,0.0,0.0,3.0,0.0,0.0,0,0,0,0,1,0,0,0
System Call,Process,Email Forwarding Rule,Unknown,40,2,0,7,80,49,2,0,3.0,1.0,3.0,1,0.0,0.0,0.0,0.0,3.0,0.0,0.0,0,0,0,0,1,0,0,0
System Call,Process,Logon Script (Windows),Unknown,40,2,0,7,80,49,2,0,3.0,1.0,3.0,1,0.0,0.0,0.0,0.0,3.0,0.0,0.0,0,0,0,0,1,0,0,0
System Call,Process,Masquerade Task or Service,Unknown,40,2,0,7,80,49,1,0,3.0,1.0,3.0,1,0.0,0.0,0.0,0.0,3.0,0.0,0.0,0,0,0,0,1,0,0,0
System Call,Process,BITS Jobs,Unknown,40,2,0,7,80,49,5,0,3.0,1.0,3.0,1,0.0,0.0,0.0,0.0,3.0,0.0,0.0,0,0,0,0,1,0,0,0
System Call,Process,Archive via Custom Method,Unknown,40,2,0,7,80,49,1,0,3.0,1.0,3.0,1,0.0,0.0,0.0,0.0,3.0,0.0,0.0,0,0,0,0,1,0,0,0
System Call,Process,VBA Stomping,Unknown,40,2,0,7,80,49,2,0,3.0,1.0,3.0,1,0.0,0.0,0.0,0.0,3.0,0.0,0.0,0,0,0,0,1,0,0,0
System Call,Process,Service Exhaustion Flood,Unknown,40,2,0,7,80,49,3,0,3.0,1.0,3.0,1,0.0,0.0,0.0,0.0,3.0,0.0,0.0,0,0,0,0,1,0,0,0
System Configuration Database,Configuration,Bash History,Unknown,13,1,0,0,26,14,1,0,0.0,0.0,0.0,0,0.0,0.0,0.0,0.0,0.0,0.0,0.0,0,0,0,0,0,0,0,0
System Configuration Database,Configuration,Cloud Service Discovery,Unknown,13,1,0,0,26,14,1,1,0.0,0.0,0.0,0,0.0,0.0,0.0,0.0,0.0,0.0,0.0,0,0,0,0,0,0,0,0
System Configuration Database,Configuration,LSA Secrets,Unknown,13,1,0,0,26,14,2,0,0.0,0.0,0.0,0,0.0,0.0,0.0,0.0,0.0,0.0,0.0,0,0,0,0,0,0,0,0
System Configuration Database,Configuration,Scheduled Task,Unknown,13,1,0,0,26,14,2,0,0.0,0.0,0.0,0,0.0,0.0,0.0,0.0,0.0,0.0,0.0,0,0,0,0,0,0,0,0
System Configuration Database,Configuration,Run Virtual Instance,Unknown,13,1,0,0,26,14,6,1,0.0,0.0,0.0,0,0.0,0.0,0.0,0.0,0.0,0.0,0.0,0,0,0,0,0,0,0,0
System Configuration Database,Configuration,Startup Items,Unknown,13,1,0,0,26,14,3,3,0.0,0.0,0.0,0,0.0,0.0,0.0,0.0,0.0,0.0,0.0,0,0,0,0,0,0,0,0
System Configuration Database,Configuration,Remote System Discovery,Unknown,13,1,0,0,26,14,5,0,0.0,0.0,0.0,0,0.0,0.0,0.0,0.0,0.0,0.0,0.0,0,0,0,0,0,0,0,0
System Configuration Database,Configuration,Exploitation for Privilege Escalation,Unknown,13,1,0,0,26,14,3,0,0.0,0.0,0.0,0,0.0,0.0,0.0,0.0,0.0,0.0,0.0,0,0,0,0,0,0,0,0
System Configuration Database,Configuration,System Time Discovery,Unknown,13,1,0,0,26,14,2,0,0.0,0.0,0.0,0,0.0,0.0,0.0,0.0,0.0,0.0,0.0,0,0,0,0,0,0,0,0
System Configuration Database,Configuration,Credential Stuffing,Unknown,13,1,0,0,26,14,5,2,0.0,0.0,0.0,0,0.0,0.0,0.0,0.0,0.0,0.0,0.0,0,0,0,0,0,0,0,0
System Configuration Database,Configuration,Outlook Home Page,Unknown,13,1,0,0,26,14,1,1,0.0,0.0,0.0,0,0.0,0.0,0.0,0.0,0.0,0.0,0.0,0,0,0,0,0,0,0,0
System Configuration Database,Configuration,SID-History Injection,Unknown,13,1,0,0,26,14,2,2,0.0,0.0,0.0,0,0.0,0.0,0.0,0.0,0.0,0.0,0.0,0,0,0,0,0,0,0,0
System Configuration Database,Configuration,Create Process with Token,Privilege Escalation,13,1,0,0,26,14,4,2,0.0,0.0,0.0,0,0.0,0.0,0.0,0.0,0.0,0.0,0.0,0,0,0,0,0,0,0,0
System Configuration Database,Configuration,Create Process with Token,Privilege Escalation,13,1,0,0,26,14,4,2,0.0,0.0,0.0,0,0.0,0.0,0.0,0.0,0.0,0.0,0.0,0,0,0,0,0,0,0,0
System Configuration Database,Configuration,Create Process with Token,Credential Access,13,1,0,0,26,14,4,2,0.0,0.0,0.0,0,0.0,0.0,0.0,0.0,0.0,0.0,0.0,0,0,0,0,0,0,0,0
System Configuration Database,Configuration,Create Process with Token,Credential Access,13,1,0,0,26,14,4,2,0.0,0.0,0.0,0,0.0,0.0,0.0,0.0,0.0,0.0,0.0,0,0,0,0,0,0,0,0
System Configuration Database,Configuration,Launchd,Unknown,13,1,0,0,26,14,1,0,0.0,0.0,0.0,0,0.0,0.0,0.0,0.0,0.0,0.0,0.0,0,0,0,0,0,0,0,0
System Configuration Database,Configuration,Steal Application Access Token,Credential Access,13,1,0,0,26,14,2,0,0.0,0.0,0.0,0,0.0,0.0,0.0,0.0,0.0,0.0,0.0,0,0,0,0,0,0,0,0
System Configuration Database,Configuration,Steal Application Access Token,Credential Access,13,1,0,0,26,14,2,0,0.0,0.0,0.0,0,0.0,0.0,0.0,0.0,0.0,0.0,0.0,0,0,0,0,0,0,0,0
System Configuration Database,Configuration,Steal Application Access Token,Credential Access,13,1,0,0,26,14,2,0,0.0,0.0,0.0,0,0.0,0.0,0.0,0.0,0.0,0.0,0.0,0,0,0,0,0,0,0,0
System Configuration Database,Configuration,Time Providers,Unknown,13,1,0,0,26,14,2,1,0.0,0.0,0.0,0,0.0,0.0,0.0,0.0,0.0,0.0,0.0,0,0,0,0,0,0,0,0
System Configuration Database,Configuration,Masquerade Task or Service,Unknown,13,1,0,0,26,14,1,1,0.0,0.0,0.0,0,0.0,0.0,0.0,0.0,0.0,0.0,0.0,0,0,0,0,0,0,0,0
System Configuration Database,Configuration,Automated Exfiltration,Unknown,13,1,0,0,26,14,1,0,0.0,0.0,0.0,0,0.0,0.0,0.0,0.0,0.0,0.0,0.0,0,0,0,0,0,0,0,0
System Configuration Database,Configuration,External Defacement,Unknown,13,1,0,0,26,14,1,0,0.0,0.0,0.0,0,0.0,0.0,0.0,0.0,0.0,0.0,0.0,0,0,0,0,0,0,0,0
System Configuration Database,Configuration,Re-opened Applications,Unknown,13,1,0,0,26,14,1,0,0.0,0.0,0.0,0,0.0,0.0,0.0,0.0,0.0,0.0,0.0,0,0,0,0,0,0,0,0
System Configuration Database,Configuration,Browser Session Hijacking,Lateral Movement,13,1,0,0,26,14,1,0,0.0,0.0,0.0,0,0.0,0.0,0.0,0.0,0.0,0.0,0.0,0,0,0,0,0,0,0,0
System Configuration Database,Configuration,Account Manipulation,Unknown,13,1,0,0,26,14,1,0,0.0,0.0,0.0,0,0.0,0.0,0.0,0.0,0.0,0.0,0.0,0,0,0,0,0,0,0,0
System Configuration Database,Configuration,Exfiltration to Cloud Storage,Unknown,13,1,0,0,26,14,3,0,0.0,0.0,0.0,0,0.0,0.0,0.0,0.0,0.0,0.0,0.0,0,0,0,0,0,0,0,0
System Configuration Database,Configuration,Make and Impersonate Token,Defense Evasion,13,1,0,0,26,14,5,2,0.0,0.0,0.0,0,0.0,0.0,0.0,0.0,0.0,0.0,0.0,0,0,0,0,0,0,0,0
System Configuration Database,Configuration,Make and Impersonate Token,Credential Access,13,1,0,0,26,14,5,2,0.0,0.0,0.0,0,0.0,0.0,0.0,0.0,0.0,0.0,0.0,0,0,0,0,0,0,0,0
System Configuration Database,Configuration,Make and Impersonate Token,Credential Access,13,1,0,0,26,14,5,2,0.0,0.0,0.0,0,0.0,0.0,0.0,0.0,0.0,0.0,0.0,0,0,0,0,0,0,0,0
System Configuration Database,Configuration,Exploitation for Credential Access,Unknown,13,1,0,0,26,14,7,0,0.0,0.0,0.0,0,0.0,0.0,0.0,0.0,0.0,0.0,0.0,0,0,0,0,0,0,0,0
System Configuration Database,Configuration,Data from Local System,Unknown,13,1,0,0,26,14,1,0,0.0,0.0,0.0,0,0.0,0.0,0.0,0.0,0.0,0.0,0.0,0,0,0,0,0,0,0,0
System Firmware,System,Hidden Users,Unknown,2,1,0,0,4,3,2,0,0.0,0.0,0.0,0,0.0,0.0,0.0,0.0,0.0,0.0,0.0,0,0,0,0,0,0,0,0
System Firmware,System,LSASS Memory,Unknown,2,1,0,0,4,3,2,1,0.0,0.0,0.0,0,0.0,0.0,0.0,0.0,0.0,0.0,0.0,0,0,0,0,0,0,0,0
System Firmware,System,Mavinject,Unknown,2,1,0,0,4,3,2,0,0.0,0.0,0.0,0,0.0,0.0,0.0,0.0,0.0,0.0,0.0,0,0,0,0,0,0,0,0
System Firmware,System,Credentials In Files,Unknown,2,1,0,0,4,3,1,0,0.0,0.0,0.0,0,0.0,0.0,0.0,0.0,0.0,0.0,0.0,0,0,0,0,0,0,0,0
System Init Configuration,Configuration,Account Manipulation,Unknown,5,1,0,0,10,6,1,0,0.0,0.0,0.0,0,0.0,0.0,0.0,0.0,0.0,0.0,0.0,0,0,0,0,0,0,0,0
System Init Configuration,Configuration,Spearphishing via Service,Unknown,5,1,0,0,10,6,3,0,0.0,0.0,0.0,0,0.0,0.0,0.0,0.0,0.0,0.0,0.0,0,0,0,0,0,0,0,0
System Init Configuration,Configuration,Remote System Discovery,Unknown,5,1,0,0,10,6,5,0,0.0,0.0,0.0,0,0.0,0.0,0.0,0.0,0.0,0.0,0.0,0,0,0,0,0,0,0,0
System Init Configuration,Configuration,Drive-by Compromise,Unknown,5,1,0,0,10,6,6,0,0.0,0.0,0.0,0,0.0,0.0,0.0,0.0,0.0,0.0,0.0,0,0,0,0,0,0,0,0
System Init Configuration,Configuration,DHCP Spoofing,Unknown,5,1,0,0,10,6,1,0,0.0,0.0,0.0,0,0.0,0.0,0.0,0.0,0.0,0.0,0.0,0,0,0,0,0,0,0,0
System Init Configuration,Configuration,Path Interception by Unquoted Path,Unknown,5,1,0,0,10,6,2,0,0.0,0.0,0.0,0,0.0,0.0,0.0,0.0,0.0,0.0,0.0,0,0,0,0,0,0,0,0
System Init Configuration,Configuration,Taint Shared Content,Unknown,5,1,0,0,10,6,1,0,0.0,0.0,0.0,0,0.0,0.0,0.0,0.0,0.0,0.0,0.0,0,0,0,0,0,0,0,0
System Init Configuration,Configuration,External Proxy,Unknown,5,1,0,0,10,6,3,0,0.0,0.0,0.0,0,0.0,0.0,0.0,0.0,0.0,0.0,0.0,0,0,0,0,0,0,0,0
System Init Configuration,Configuration,Steal Web Session Cookie,Credential Access,5,1,0,0,10,6,1,0,0.0,0.0,0.0,0,0.0,0.0,0.0,0.0,0.0,0.0,0.0,0,0,0,0,0,0,0,0
System Init Configuration,Configuration,Steal Web Session Cookie,Credential Access,5,1,0,0,10,6,1,0,0.0,0.0,0.0,0,0.0,0.0,0.0,0.0,0.0,0.0,0.0,0,0,0,0,0,0,0,0
System Init Configuration,Configuration,Steal Web Session Cookie,Credential Access,5,1,0,0,10,6,1,0,0.0,0.0,0.0,0,0.0,0.0,0.0,0.0,0.0,0.0,0.0,0,0,0,0,0,0,0,0
System Init Configuration,Configuration,VBA Stomping,Unknown,5,1,0,0,10,6,2,0,0.0,0.0,0.0,0,0.0,0.0,0.0,0.0,0.0,0.0,0.0,0,0,0,0,0,0,0,0
URL,Network,Office Test,Unknown,4,3,1,10,9,18,2,0,0.0,0.0,0.0,0,0.0,0.0,0.0,0.0,0.0,0.0,0.0,0,0,0,0,0,0,0,0
URL,Network,Clear Linux or Mac System Logs,Unknown,4,3,1,10,9,18,2,0,0.0,0.0,0.0,0,0.0,0.0,0.0,0.0,0.0,0.0,0.0,0,0,0,0,0,0,0,0
URL,Network,Process Hollowing,Unknown,4,3,1,10,9,18,2,0,0.0,0.0,0.0,0,0.0,0.0,0.0,0.0,0.0,0.0,0.0,0,0,0,0,0,0,0,0
URL,Network,Audio Capture,Unknown,4,3,1,10,9,18,2,0,0.0,0.0,0.0,0,0.0,0.0,0.0,0.0,0.0,0.0,0.0,0,0,0,0,0,0,0,0
URL,Network,Resource Forking,Unknown,4,3,1,10,9,18,2,0,0.0,0.0,0.0,0,0.0,0.0,0.0,0.0,0.0,0.0,0.0,0,0,0,0,0,0,0,0
URL,Network,AppCert DLLs,Unknown,4,3,1,10,9,18,5,0,0.0,0.0,0.0,0,0.0,0.0,0.0,0.0,0.0,0.0,0.0,0,0,0,0,0,0,0,0
URL,Network,Scheduled Task,Unknown,4,3,1,10,9,18,2,0,0.0,0.0,0.0,0,0.0,0.0,0.0,0.0,0.0,0.0,0.0,0,0,0,0,0,0,0,0
URL,Network,Cloud Accounts,Unknown,4,3,1,10,9,18,1,0,0.0,0.0,0.0,0,0.0,0.0,0.0,0.0,0.0,0.0,0.0,0,0,0,0,0,0,0,0
User Account,Identity,Multi-Stage Channels,Unknown,13,7,1,6,27,27,3,0,0.0,0.0,0.0,0,0.0,0.0,0.0,0.0,0.0,0.0,0.0,0,0,0,0,0,0,0,0
User Account,Identity,SID-History Injection,Unknown,13,7,1,6,27,27,2,0,0.0,0.0,0.0,0,0.0,0.0,0.0,0.0,0.0,0.0,0.0,0,0,0,0,0,0,0,0
User Account,Identity,Remote Email Collection,Unknown,13,7,1,6,27,27,3,0,0.0,0.0,0.0,0,0.0,0.0,0.0,0.0,0.0,0.0,0.0,0,0,0,0,0,0,0,0
User Account,Identity,Resource Forking,Unknown,13,7,1,6,27,27,2,0,0.0,0.0,0.0,0,0.0,0.0,0.0,0.0,0.0,0.0,0.0,0,0,0,0,0,0,0,0
User Account,Identity,MSBuild,Unknown,13,7,1,6,27,27,2,0,0.0,0.0,0.0,0,0.0,0.0,0.0,0.0,0.0,0.0,0.0,0,0,0,0,0,0,0,0
User Account,Identity,DCSync,Unknown,13,7,1,6,27,27,5,0,0.0,0.0,0.0,0,0.0,0.0,0.0,0.0,0.0,0.0,0.0,0,0,0,0,0,0,0,0
User Account,Identity,Application Window Discovery,Unknown,13,7,1,6,27,27,2,0,0.0,0.0,0.0,0,0.0,0.0,0.0,0.0,0.0,0.0,0.0,0,0,0,0,0,0,0,0
User Account,Identity,Network Share Connection Removal,Unknown,13,7,1,6,27,27,1,0,0.0,0.0,0.0,0,0.0,0.0,0.0,0.0,0.0,0.0,0.0,0,0,0,0,0,0,0,0
User Account,Identity,Emond,Unknown,13,7,1,6,27,27,3,0,0.0,0.0,0.0,0,0.0,0.0,0.0,0.0,0.0,0.0,0.0,0,0,0,0,0,0,0,0
User Account,Identity,Services File Permissions Weakness,Unknown,13,7,1,6,27,27,2,0,0.0,0.0,0.0,0,0.0,0.0,0.0,0.0,0.0,0.0,0.0,0,0,0,0,0,0,0,0
User Account,Identity,Port Knocking,Unknown,13,7,1,6,27,27,1,0,0.0,0.0,0.0,0,0.0,0.0,0.0,0.0,0.0,0.0,0.0,0,0,0,0,0,0,0,0
User Account,Identity,Compromise Hardware Supply Chain,Unknown,13,7,1,6,27,27,1,0,0.0,0.0,0.0,0,0.0,0.0,0.0,0.0,0.0,0.0,0.0,0,0,0,0,0,0,0,0
User Account,Identity,SSH Hijacking,Lateral Movement,13,7,1,6,27,27,1,1,0.0,0.0,0.0,0,0.0,0.0,0.0,0.0,0.0,0.0,0.0,0,0,0,0,0,0,0,0
User Account,Identity,SSH Hijacking,Lateral Movement,13,7,1,6,27,27,1,1,0.0,0.0,0.0,0,0.0,0.0,0.0,0.0,0.0,0.0,0.0,0,0,0,0,0,0,0,0
User Account,Identity,SSH Hijacking,Lateral Movement,13,7,1,6,27,27,1,1,0.0,0.0,0.0,0,0.0,0.0,0.0,0.0,0.0,0.0,0.0,0,0,0,0,0,0,0,0
User Account,Identity,Credentials In Files,Unknown,13,7,1,6,27,27,1,0,0.0,0.0,0.0,0,0.0,0.0,0.0,0.0,0.0,0.0,0.0,0,0,0,0,0,0,0,0
User Account,Identity,Impair Command History Logging,Unknown,13,7,1,6,27,27,7,0,0.0,0.0,0.0,0,0.0,0.0,0.0,0.0,0.0,0.0,0.0,0,0,0,0,0,0,0,0
User Account,Identity,Remote Data Staging,Unknown,13,7,1,6,27,27,1,0,0.0,0.0,0.0,0,0.0,0.0,0.0,0.0,0.0,0.0,0.0,0,0,0,0,0,0,0,0
User Account,Identity,Time Based Evasion,Unknown,13,7,1,6,27,27,2,0,0.0,0.0,0.0,0,0.0,0.0,0.0,0.0,0.0,0.0,0.0,0,0,0,0,0,0,0,0
User Account,Identity,Communication Through Removable Media,Unknown,13,7,1,6,27,27,2,0,0.0,0.0,0.0,0,0.0,0.0,0.0,0.0,0.0,0.0,0.0,0,0,0,0,0,0,0,0
User Account,Identity,Reflective Code Loading,Unknown,13,7,1,6,27,27,1,0,0.0,0.0,0.0,0,0.0,0.0,0.0,0.0,0.0,0.0,0.0,0,0,0,0,0,0,0,0
User Account,Identity,Mshta,Unknown,13,7,1,6,27,27,4,0,0.0,0.0,0.0,0,0.0,0.0,0.0,0.0,0.0,0.0,0.0,0,0,0,0,0,0,0,0
User Account,Identity,Outlook Home Page,Unknown,13,7,1,6,27,27,1,0,0.0,0.0,0.0,0,0.0,0.0,0.0,0.0,0.0,0.0,0.0,0,0,0,0,0,0,0,0
User Account,Identity,File and Directory Permissions Modification,Unknown,13,7,1,6,27,27,2,0,0.0,0.0,0.0,0,0.0,0.0,0.0,0.0,0.0,0.0,0.0,0,0,0,0,0,0,0,0
User Account,Identity,Office Template Macros,Unknown,13,7,1,6,27,27,6,0,0.0,0.0,0.0,0,0.0,0.0,0.0,0.0,0.0,0.0,0.0,0,0,0,0,0,0,0,0
User Account,Identity,Email Hiding Rules,Unknown,13,7,1,6,27,27,6,0,0.0,0.0,0.0,0,0.0,0.0,0.0,0.0,0.0,0.0,0.0,0,0,0,0,0,0,0,0
User Account,Identity,Command and Scripting Interpreter,Unknown,13,7,1,6,27,27,2,0,0.0,0.0,0.0,0,0.0,0.0,0.0,0.0,0.0,0.0,0.0,0,0,0,0,0,0,0,0
User Account,Identity,System Service Discovery,Unknown,13,7,1,6,27,27,2,0,0.0,0.0,0.0,0,0.0,0.0,0.0,0.0,0.0,0.0,0.0,0,0,0,0,0,0,0,0
User Init Configuration File,File,Create Process with Token,Privilege Escalation,2,1,0,6,4,9,4,0,0.0,0.0,0.0,0,0.0,0.0,0.0,0.0,0.0,0.0,0.0,0,0,0,0,0,0,0,0
User Init Configuration File,File,Create Process with Token,Privilege Escalation,2,1,0,6,4,9,4,0,0.0,0.0,0.0,0,0.0,0.0,0.0,0.0,0.0,0.0,0.0,0,0,0,0,0,0,0,0
User Init Configuration File,File,Create Process with Token,Credential Access,2,1,0,6,4,9,4,0,0.0,0.0,0.0,0,0.0,0.0,0.0,0.0,0.0,0.0,0.0,0,0,0,0,0,0,0,0
User Init Configuration File,File,Create Process with Token,Credential Access,2,1,0,6,4,9,4,0,0.0,0.0,0.0,0,0.0,0.0,0.0,0.0,0.0,0.0,0.0,0,0,0,0,0,0,0,0
User Init Configuration File,File,System Owner/User Discovery,Unknown,2,1,0,6,4,9,9,2,0.0,0.0,0.0,0,0.0,0.0,0.0,0.0,0.0,0.0,0.0,0,0,0,0,0,0,0,0
User Init Configuration File,File,Steal or Forge Kerberos Tickets,Credential Access,2,1,0,6,4,9,4,0,0.0,0.0,0.0,0,0.0,0.0,0.0,0.0,0.0,0.0,0.0,0,0,0,0,0,0,0,0
User Init Configuration File,File,Steal or Forge Kerberos Tickets,Credential Access,2,1,0,6,4,9,4,0,0.0,0.0,0.0,0,0.0,0.0,0.0,0.0,0.0,0.0,0.0,0,0,0,0,0,0,0,0
User Init Configuration File,File,Steal or Forge Kerberos Tickets,Credential Access,2,1,0,6,4,9,4,0,0.0,0.0,0.0,0,0.0,0.0,0.0,0.0,0.0,0.0,0.0,0,0,0,0,0,0,0,0
User Init Configuration File,File,Executable Installer File Permissions Weakness,Unknown,2,1,0,6,4,9,2,0,0.0,0.0,0.0,0,0.0,0.0,0.0,0.0,0.0,0.0,0.0,0,0,0,0,0,0,0,0
Windows Registry Key,File,Network Sniffing,Unknown,1,1,1,6,3,9,1,0,3.5,1.0,3.5,1,0.0,0.0,0.0,0.0,3.5,0.0,0.0,0,0,0,0,1,0,0,0
Windows Registry Key,File,Non-Application Layer Protocol,Unknown,1,1,1,6,3,9,3,0,3.5,1.0,3.5,1,0.0,0.0,0.0,0.0,3.5,0.0,0.0,0,0,0,0,1,0,0,0
